ID,dG_true,dG_pred,mutstr,complex_id,score
"1ao7_A_A166E_D, E_A, B, C",-4.596673011779785,-7.637615585327149,A_A166E,"1AO7:A, B, C, D, E:A_E166A, D_K66A:PMID=23736024",3.0409425735473636
"1ao7_A_A69Q,A_H145R,A_A166E_D, E_A, B, C",-4.596673011779785,-7.01976375579834,"A_A69Q,A_H145R,A_A166E","1AO7:A, B, C, D, E:A_E166A, D_K66A:PMID=23736024",2.4230907440185545
"1ao7_A_D61A,A_K146N,A_E148K,A_R157A,A_A166E_D, E_A, B, C",-4.596673011779785,-7.599798393249512,"A_D61A,A_K146N,A_E148K,A_R157A,A_A166E","1AO7:A, B, C, D, E:A_E166A, D_K66A:PMID=23736024",3.0031253814697267
"1ao7_A_D61Y,A_Q155P,A_A166E_D, E_A, B, C",-4.596673011779785,-7.022881603240966,"A_D61Y,A_Q155P,A_A166E","1AO7:A, B, C, D, E:A_E166A, D_K66A:PMID=23736024",2.4262085914611813
"1ao7_A_G62I,A_K146N,A_A166E_D, E_A, B, C",-4.596673011779785,-7.440403079986572,"A_G62I,A_K146N,A_A166E","1AO7:A, B, C, D, E:A_E166A, D_K66A:PMID=23736024",2.8437300682067868
"1ao7_A_R65C,A_A166E_D, E_A, B, C",-4.596673011779785,-6.920126724243164,"A_R65C,A_A166E","1AO7:A, B, C, D, E:A_E166A, D_K66A:PMID=23736024",2.3234537124633787
"1b2s_A_A27K,A_A37P,A_S50L,A_I55Y,A_S57K_D_A",-13.717446327209473,-15.28230094909668,"A_A27K,A_A37P,A_S50L,A_I55Y,A_S57K","1B2S:A, D:D_A43T:PMID=7739054",1.564854621887207
"1b2s_A_A27K,A_F56Y,A_E60H,A_Y103P_D_A",-13.717446327209473,-13.926004028320312,"A_A27K,A_F56Y,A_E60H,A_Y103P","1B2S:A, D:D_A43T:PMID=7739054",0.2085577011108395
"1b2s_A_A27K,A_I55F,A_F56D,A_N58V_D_A",-13.717446327209473,-15.244134902954102,"A_A27K,A_I55F,A_F56D,A_N58V","1B2S:A, D:D_A43T:PMID=7739054",1.526688575744629
"1b2s_A_A27K,A_I55P_D_A",-13.717446327209473,-16.50478572845459,"A_A27K,A_I55P","1B2S:A, D:D_A43T:PMID=7739054",2.7873394012451165
"1b2s_A_A27K,A_K39L,A_S50A,A_S57A_D_A",-13.717446327209473,-16.793310546875,"A_A27K,A_K39L,A_S50A,A_S57A","1B2S:A, D:D_A43T:PMID=7739054",3.075864219665526
"1b2s_A_A27K,A_S57G,A_Y103D_D_A",-13.717446327209473,-14.594001960754394,"A_A27K,A_S57G,A_Y103D","1B2S:A, D:D_A43T:PMID=7739054",0.8765556335449212
"1b2s_A_A27K,A_W35S,A_K39A,A_S57E_D_A",-13.717446327209473,-16.126167488098144,"A_A27K,A_W35S,A_K39A,A_S57E","1B2S:A, D:D_A43T:PMID=7739054",2.408721160888671
"1b2s_A_A27V,A_A30Q,A_S50A_D_A",-13.717446327209473,-15.755971336364746,"A_A27V,A_A30Q,A_S50A","1B2S:A, D:D_A43T:PMID=7739054",2.038525009155274
"1b6c_D_Y182A,D_D183S,D_M184F,D_T185H,D_T186V,D_S187K,D_V197H,D_R199E,D_T200F,D_I201V,D_R203S,D_E238D,D_E239M,D_F243N,D_R244T,D_A246T,D_E247D,D_Q250N,D_T251R,D_A265G,D_D266F_C_D",-8.939197540283203,-8.385297203063965,"D_Y182A,D_D183S,D_M184F,D_T185H,D_T186V,D_S187K,D_V197H,D_R199E,D_T200F,D_I201V,D_R203S,D_E238D,D_E239M,D_F243N,D_R244T,D_A246T,D_E247D,D_Q250N,D_T251R,D_A265G,D_D266F","1B6C:C, D::PMID=10025408",-0.5539003372192379
"1b6c_D_Y182A,D_M184L,D_T185M,D_T186I,D_S187P,D_L196F,D_V197E,D_R199G,D_T200K,D_I201V,D_E238H,D_E239S,D_S241L,D_W242C,D_F243N,D_R244Y,D_E247D,D_Q250N,D_T251R,D_A265H,D_D266Y_C_D",-8.939197540283203,-8.575800037384033,"D_Y182A,D_M184L,D_T185M,D_T186I,D_S187P,D_L196F,D_V197E,D_R199G,D_T200K,D_I201V,D_E238H,D_E239S,D_S241L,D_W242C,D_F243N,D_R244Y,D_E247D,D_Q250N,D_T251R,D_A265H,D_D266Y","1B6C:C, D::PMID=10025408",-0.3633975028991703
"1b6c_D_Y182D,D_D183S,D_M184E,D_T185L,D_T186V,D_S187D,D_L196M,D_V197E,D_R199N,D_T200N,D_A202S,D_R203S,D_E238Y,D_E239Q,D_S241D,D_F243H,D_R244T,D_A246S,D_E247D,D_Y249F,D_A264F,D_A265S,D_D266Y_C_D",-8.939197540283203,-8.735840320587158,"D_Y182D,D_D183S,D_M184E,D_T185L,D_T186V,D_S187D,D_L196M,D_V197E,D_R199N,D_T200N,D_A202S,D_R203S,D_E238Y,D_E239Q,D_S241D,D_F243H,D_R244T,D_A246S,D_E247D,D_Y249F,D_A264F,D_A265S,D_D266Y","1B6C:C, D::PMID=10025408",-0.20335721969604492
"1b6c_D_Y182D,D_D183S,D_M184L,D_T185I,D_T186V,D_S187E,D_P194I,D_L196W,D_V197T,D_R199A,D_T200A,D_I201V,D_R203S,D_E238K,D_E239A,D_S241D,D_W242F,D_F243E,D_R244T,D_E247R,D_Y249F,D_T251S,D_D266Y_C_D",-8.939197540283203,-8.747146797180175,"D_Y182D,D_D183S,D_M184L,D_T185I,D_T186V,D_S187E,D_P194I,D_L196W,D_V197T,D_R199A,D_T200A,D_I201V,D_R203S,D_E238K,D_E239A,D_S241D,D_W242F,D_F243E,D_R244T,D_E247R,D_Y249F,D_T251S,D_D266Y","1B6C:C, D::PMID=10025408",-0.19205074310302805
"1b6c_D_Y182D,D_D183S,D_T185Q,D_T186I,D_S187Y,D_S189M,D_L196F,D_R199Q,D_T200L,D_A202S,D_R203N,D_E238D,D_E239D,D_S241L,D_F243A,D_R244T,D_E245D,D_E247D,D_T251R,D_A265Y,D_D266F_C_D",-8.939197540283203,-8.277617454528809,"D_Y182D,D_D183S,D_T185Q,D_T186I,D_S187Y,D_S189M,D_L196F,D_R199Q,D_T200L,D_A202S,D_R203N,D_E238D,D_E239D,D_S241L,D_F243A,D_R244T,D_E245D,D_E247D,D_T251R,D_A265Y,D_D266F","1B6C:C, D::PMID=10025408",-0.6615800857543945
"1b6c_D_Y182D,D_M184D,D_T185L,D_T186V,D_S187Q,D_L196F,D_V197D,D_R199N,D_T200K,D_I201V,D_R203M,D_E238Y,D_S241L,D_F243K,D_R244T,D_E247D,D_Q250M,D_T251R_C_D",-8.939197540283203,-8.71602840423584,"D_Y182D,D_M184D,D_T185L,D_T186V,D_S187Q,D_L196F,D_V197D,D_R199N,D_T200K,D_I201V,D_R203M,D_E238Y,D_S241L,D_F243K,D_R244T,D_E247D,D_Q250M,D_T251R","1B6C:C, D::PMID=10025408",-0.223169136047364
"1b6c_D_Y182E,D_D183E,D_M184L,D_T185D,D_S187R,D_L196T,D_V197E,D_R199K,D_T200R,D_I201T,D_R203N,D_E238Y,D_E239K,D_S241E,D_F243D,D_R244T,D_E247R,D_Q250P,D_A264Q,D_D266N_C_D",-8.939197540283203,-8.275997829437255,"D_Y182E,D_D183E,D_M184L,D_T185D,D_S187R,D_L196T,D_V197E,D_R199K,D_T200R,D_I201T,D_R203N,D_E238Y,D_E239K,D_S241E,D_F243D,D_R244T,D_E247R,D_Q250P,D_A264Q,D_D266N","1B6C:C, D::PMID=10025408",-0.663199710845948
"1b6c_D_Y182Q,D_M184T,D_T185L,D_T186V,D_S187P,D_L196M,D_T200I,D_I201W,D_A202D,D_R203N,D_E238D,D_E239K,D_S241M,D_F243N,D_R244T,D_A246C,D_E247V,D_T251G,D_A265C,D_D266Y_C_D",-8.939197540283203,-8.863133144378661,"D_Y182Q,D_M184T,D_T185L,D_T186V,D_S187P,D_L196M,D_T200I,D_I201W,D_A202D,D_R203N,D_E238D,D_E239K,D_S241M,D_F243N,D_R244T,D_A246C,D_E247V,D_T251G,D_A265C,D_D266Y","1B6C:C, D::PMID=10025408",-0.07606439590454173
"1cbw_G_A40L,G_N80D,G_S81P,G_L82N,H_N2A,H_M44E,H_G68W,H_S70N_I_F, G, H",-10.505681991577148,-9.697301292419434,"G_A40L,G_N80D,G_S81P,G_L82N,H_N2A,H_M44E,H_G68W,H_S70N","1CBW:F, G, H, I:I_R39A:PMID=8784199",-0.8083806991577145
"1cbw_G_A41G,G_S81F,G_L82D,H_N2V,H_S42C,H_I64A,H_W67Y,H_S69Y,H_S70I,H_T71R,H_P77Q_I_F, G, H",-10.505681991577148,-10.261444282531738,"G_A41G,G_S81F,G_L82D,H_N2V,H_S42C,H_I64A,H_W67Y,H_S69Y,H_S70I,H_T71R,H_P77Q","1CBW:F, G, H, I:I_R39A:PMID=8784199",-0.24423770904541087
"1cbw_G_F24N,G_Y79F,G_L82S,H_N2A_I_F, G, H",-10.505681991577148,-10.962712287902832,"G_F24N,G_Y79F,G_L82S,H_N2A","1CBW:F, G, H, I:I_R39A:PMID=8784199",0.4570302963256836
"1cbw_G_F24Y,G_S81G,G_L82S,H_N2V,H_S42A,H_S70D_I_F, G, H",-10.505681991577148,-10.39268798828125,"G_F24Y,G_S81G,G_L82S,H_N2V,H_S42A,H_S70D","1CBW:F, G, H, I:I_R39A:PMID=8784199",-0.11299400329589915
"1cbw_G_H25L,G_S81L,G_L82F,G_T83R,H_N2F,H_D46L,H_G48E,H_G68V,H_S70N_I_F, G, H",-10.505681991577148,-9.44088954925537,"G_H25L,G_S81L,G_L82F,G_T83R,H_N2F,H_D46L,H_G48E,H_G68V,H_S70N","1CBW:F, G, H, I:I_R39A:PMID=8784199",-1.064792442321778
"1cbw_G_L82I,H_N2E,H_S70G_I_F, G, H",-10.505681991577148,-10.72465877532959,"G_L82I,H_N2E,H_S70G","1CBW:F, G, H, I:I_R39A:PMID=8784199",0.21897678375244212
"1cbw_G_N80V,G_S81T,G_L82A,H_N2E,H_S70N_I_F, G, H",-10.505681991577148,-10.652416038513184,"G_N80V,G_S81T,G_L82A,H_N2E,H_S70N","1CBW:F, G, H, I:I_R39A:PMID=8784199",0.14673404693603587
"1cbw_G_S81A,G_L82H,H_N2E,H_T71S,H_P77M_I_F, G, H",-10.505681991577148,-11.244561576843262,"G_S81A,G_L82H,H_N2E,H_T71S,H_P77M","1CBW:F, G, H, I:I_R39A:PMID=8784199",0.7388795852661136
"1cho_F_F24I,F_G127I,G_N2S,G_W67H,G_S69E,G_G78H_I_E, F, G",-9.704813957214355,-12.744586372375489,"F_F24I,F_G127I,G_N2S,G_W67H,G_S69E,G_G78H","1CHO:E, F, G, I:I_A12V, I_E16D, I_E40D, I_E7D, I_G29S, I_K26T, I_L45I, I_R18M:PMID=Stephen Ming-teh Lu, PhD Thesis, Purdue University, 2000",3.039772415161133
"1cho_F_G125F,G_S42A,G_M44E,G_G68I,G_P77E,G_G78R_I_E, F, G",-9.704813957214355,-10.910830307006837,"F_G125F,G_S42A,G_M44E,G_G68I,G_P77E,G_G78R","1CHO:E, F, G, I:I_A12V, I_E16D, I_E40D, I_E7D, I_G29S, I_K26T, I_L45I, I_R18M:PMID=Stephen Ming-teh Lu, PhD Thesis, Purdue University, 2000",1.2060163497924812
"1cho_F_G125S,G_S47R,G_I64W,G_S69P_I_E, F, G",-9.704813957214355,-11.412035751342774,"F_G125S,G_S47R,G_I64W,G_S69P","1CHO:E, F, G, I:I_A12V, I_E16D, I_E40D, I_E7D, I_G29S, I_K26T, I_L45I, I_R18M:PMID=Stephen Ming-teh Lu, PhD Thesis, Purdue University, 2000",1.7072217941284187
"1cho_F_G127K,G_C43A,G_S66C,G_N97H_I_E, F, G",-9.704813957214355,-12.4201078414917,"F_G127K,G_C43A,G_S66C,G_N97H","1CHO:E, F, G, I:I_A12V, I_E16D, I_E40D, I_E7D, I_G29S, I_K26T, I_L45I, I_R18M:PMID=Stephen Ming-teh Lu, PhD Thesis, Purdue University, 2000",2.7152938842773438
"1cho_F_Q19A,G_T26S,G_S41C,G_P77I_I_E, F, G",-9.704813957214355,-13.024160385131836,"F_Q19A,G_T26S,G_S41C,G_P77I","1CHO:E, F, G, I:I_A12V, I_E16D, I_E40D, I_E7D, I_G29S, I_K26T, I_L45I, I_R18M:PMID=Stephen Ming-teh Lu, PhD Thesis, Purdue University, 2000",3.3193464279174805
"1cho_F_T83M,G_W67I_I_E, F, G",-9.704813957214355,-12.865553092956542,"F_T83M,G_W67I","1CHO:E, F, G, I:I_A12V, I_E16D, I_E40D, I_E7D, I_G29S, I_K26T, I_L45I, I_R18M:PMID=Stephen Ming-teh Lu, PhD Thesis, Purdue University, 2000",3.160739135742187
"1cho_G_N2A,G_S42P,G_P77C_I_E, F, G",-9.704813957214355,-11.89493637084961,"G_N2A,G_S42P,G_P77C","1CHO:E, F, G, I:I_A12V, I_E16D, I_E40D, I_E7D, I_G29S, I_K26T, I_L45I, I_R18M:PMID=Stephen Ming-teh Lu, PhD Thesis, Purdue University, 2000",2.1901224136352546
"1cho_G_T26N,G_S42P,G_M44G,G_D46C,G_S69I_I_E, F, G",-9.704813957214355,-10.310486888885498,"G_T26N,G_S42P,G_M44G,G_D46C,G_S69I","1CHO:E, F, G, I:I_A12V, I_E16D, I_E40D, I_E7D, I_G29S, I_K26T, I_L45I, I_R18M:PMID=Stephen Ming-teh Lu, PhD Thesis, Purdue University, 2000",0.6056729316711422
"1jrh_H_A101S_I_H, L",-9.588382720947266,-11.202742004394532,H_A101S,"1JRH:H, I, L:I_W72F:PMID=9878445",1.614359283447266
"1jrh_H_F103Y,L_W92F_I_H, L",-9.588382720947266,-9.578063583374023,"H_F103Y,L_W92F","1JRH:H, I, L:I_W72F:PMID=9878445",-0.010319137573242543
"1jrh_H_K59E,H_G105F,L_S1E,L_S26I_I_H, L",-9.588382720947266,-10.797289276123047,"H_K59E,H_G105F,L_S1E,L_S26I","1JRH:H, I, L:I_W72F:PMID=9878445",1.2089065551757816
"1jrh_H_T31K,H_G33V,H_P102E,H_F103Y_I_H, L",-9.588382720947266,-10.713879203796386,"H_T31K,H_G33V,H_P102E,H_F103Y","1JRH:H, I, L:I_W72F:PMID=9878445",1.1254964828491207
"1jrh_H_Y104A,H_G105W,L_S1K_I_H, L",-9.588382720947266,-9.583949089050293,"H_Y104A,H_G105W,L_S1K","1JRH:H, I, L:I_W72F:PMID=9878445",-0.004433631896972656
"1jrh_H_Y32D,H_D57P,H_K59E,H_A101N,H_F103E,L_S1D,L_S26Y_I_H, L",-9.588382720947266,-11.040240287780762,"H_Y32D,H_D57P,H_K59E,H_A101N,H_F103E,L_S1D,L_S26Y","1JRH:H, I, L:I_W72F:PMID=9878445",1.451857566833496
"1jrh_H_Y32P,H_K59R,H_A101T,H_G105L,L_Y91F_I_H, L",-9.588382720947266,-10.727447128295898,"H_Y32P,H_K59R,H_A101T,H_G105L,L_Y91F","1JRH:H, I, L:I_W72F:PMID=9878445",1.1390644073486325
"1jrh_L_S1Q_I_H, L",-9.588382720947266,-10.585074996948242,L_S1Q,"1JRH:H, I, L:I_W72F:PMID=9878445",0.9966922760009762
"1jtd_A_D188S,A_A191F,A_S209C,A_M244E_B_A",-16.12983512878418,-15.116524505615235,"A_D188S,A_A191F,A_S209C,A_M244E","1JTD:A, B::PMID=24947275",-1.0133106231689446
"1jtd_A_E78G,A_H86R,A_L87I,A_T88W,A_M103F,A_K189E,A_M244N_B_A",-16.12983512878418,-14.189057350158691,"A_E78G,A_H86R,A_L87I,A_T88W,A_M103F,A_K189E,A_M244N","1JTD:A, B::PMID=24947275",-1.9407777786254883
"1jtd_A_E78G,A_L87Q,A_T88R,A_K208S_B_A",-16.12983512878418,-14.078697776794433,"A_E78G,A_L87Q,A_T88R,A_K208S","1JTD:A, B::PMID=24947275",-2.0511373519897464
"1jtd_A_S72N,A_E78A,A_K189Q,A_V190K,A_K208N,A_A242S_B_A",-16.12983512878418,-14.163058853149414,"A_S72N,A_E78A,A_K189Q,A_V190K,A_K208N,A_A242S","1JTD:A, B::PMID=24947275",-1.966776275634766
"1jtd_A_S72P,A_K85R,A_T88V,A_K189M,A_V190K,A_G192A,A_R214H_B_A",-16.12983512878418,-14.645013809204102,"A_S72P,A_K85R,A_T88V,A_K189M,A_V190K,A_G192A,A_R214H","1JTD:A, B::PMID=24947275",-1.4848213195800781
"1jtd_A_S72T,A_L76A_B_A",-16.12983512878418,-14.384348297119141,"A_S72T,A_L76A","1JTD:A, B::PMID=24947275",-1.7454868316650387
"1jtd_A_T83L,A_A191N,A_G192R,A_A211G,A_S216A_B_A",-16.12983512878418,-14.697444915771484,"A_T83L,A_A191N,A_G192R,A_A211G,A_S216A","1JTD:A, B::PMID=24947275",-1.4323902130126953
"1jtd_A_Y71I,A_S72T,A_Q73L,A_P81K,A_T83A,A_A242G_B_A",-16.12983512878418,-13.90562915802002,"A_Y71I,A_S72T,A_Q73L,A_P81K,A_T83A,A_A242G","1JTD:A, B::PMID=24947275",-2.22420597076416
"1jtg_A_K86R,A_A188L_B_A",-8.595683097839355,-12.10067958831787,"A_K86R,A_A188L","1JTG:A, B:B_W150A:PMID=17430899",3.504996490478515
"1jtg_A_L77P,A_P82F,A_L88M,A_M104Q,A_D207V_B_A",-8.595683097839355,-10.689016151428223,"A_L77P,A_P82F,A_L88M,A_M104Q,A_D207V","1JTG:A, B:B_W150A:PMID=17430899",2.093333053588868
"1jtg_A_M44A,A_S73G,A_N75Q,A_E141A,A_G215Y,A_S216G,A_M244R_B_A",-8.595683097839355,-11.17542381286621,"A_M44A,A_S73G,A_N75Q,A_E141A,A_G215Y,A_S216G,A_M244R","1JTG:A, B:B_W150A:PMID=17430899",2.5797407150268548
"1jtg_A_N75A,A_D76G,A_T103G,A_E213A_B_A",-8.595683097839355,-10.590667533874512,"A_N75A,A_D76G,A_T103G,A_E213A","1JTG:A, B:B_W150A:PMID=17430899",1.994984436035157
"1jtg_A_N75D,A_G210C,A_R214S,A_R217V_B_A",-8.595683097839355,-10.93621597290039,"A_N75D,A_G210C,A_R214S,A_R217V","1JTG:A, B:B_W150A:PMID=17430899",2.340532875061035
"1jtg_A_N75F,A_V78H,A_Y80T_B_A",-8.595683097839355,-9.7974853515625,"A_N75F,A_V78H,A_Y80T","1JTG:A, B:B_W150A:PMID=17430899",1.2018022537231445
"1jtg_A_N75G,A_T84R,A_S99M,A_R214G,A_M244Q_B_A",-8.595683097839355,-11.686890411376954,"A_N75G,A_T84R,A_S99M,A_R214G,A_M244Q","1JTG:A, B:B_W150A:PMID=17430899",3.0912073135375984
"1jtg_A_Q74L,A_L77Q,A_S105A,A_E141A,A_L144E_B_A",-8.595683097839355,-9.85396957397461,"A_Q74L,A_L77Q,A_S105A,A_E141A,A_L144E","1JTG:A, B:B_W150A:PMID=17430899",1.258286476135254
"1mhp_H_F29G,H_A49K,L_N29S,L_S65G,L_P93L_A_H, L",-11.13234806060791,-10.128594398498535,"H_F29G,H_A49K,L_N29S,L_S65G,L_P93L","1MHP:A, H, L:H_K64D:PMID=16597831",-1.003753662109375
"1mhp_H_G100I,L_S27Q,L_S90D_A_H, L",-11.13234806060791,-9.418697929382324,"H_G100I,L_S27Q,L_S90D","1MHP:A, H, L:H_K64D:PMID=16597831",-1.7136501312255863
"1mhp_H_G53E,H_G55A,H_T57R,H_F99Y,H_G100F,L_S27G_A_H, L",-11.13234806060791,-10.20160369873047,"H_G53E,H_G55A,H_T57R,H_F99Y,H_G100F,L_S27G","1MHP:A, H, L:H_K64D:PMID=16597831",-0.9307443618774407
"1mhp_H_R97L,L_N29H,L_S90V_A_H, L",-11.13234806060791,-9.68106632232666,"H_R97L,L_N29H,L_S90V","1MHP:A, H, L:H_K64D:PMID=16597831",-1.4512817382812493
"1mhp_H_T57Q,H_F99S,H_G102S,L_S27D_A_H, L",-11.13234806060791,-10.31492576599121,"H_T57Q,H_F99S,H_G102S,L_S27D","1MHP:A, H, L:H_K64D:PMID=16597831",-0.8174222946166996
"1mhp_H_Y32K,L_S27E_A_H, L",-11.13234806060791,-10.801775360107422,"H_Y32K,L_S27E","1MHP:A, H, L:H_K64D:PMID=16597831",-0.3305727005004879
"1mhp_L_N29S_A_H, L",-11.13234806060791,-10.029669189453125,L_N29S,"1MHP:A, H, L:H_K64D:PMID=16597831",-1.1026788711547848
"1mhp_L_W89K_A_H, L",-11.13234806060791,-9.527302169799805,L_W89K,"1MHP:A, H, L:H_K64D:PMID=16597831",-1.6050458908081051
"1mi5_A_D61E,A_I66V,A_K68Y,A_K146I,C_F1H_D, E_A, C",-5.924519062042236,-5.94622106552124,"A_D61E,A_I66V,A_K68Y,A_K146I,C_F1H","1MI5:A, C, D, E:D_G96A:PMID=15640805",0.021702003479004084
"1mi5_A_D61E,A_N63Q,A_K68R,A_R75M,C_R5K,C_Y7M_D, E_A, C",-5.869715213775635,-5.425897789001465,"A_D61E,A_N63Q,A_K68R,A_R75M,C_R5K,C_Y7M","1MI5:A, C, D, E:E_E52A:PMID=15640805",-0.44381742477416974
"1mi5_A_D61E,A_R62H,A_T64I,A_I66V,A_T69Q,A_Q72K,A_D74P,A_R75C,A_L78I,A_L160F,C_F1H,C_A6T,C_Y7A_D, E_A, C",-5.869715213775635,-5.023302268981934,"A_D61E,A_R62H,A_T64I,A_I66V,A_T69Q,A_Q72K,A_D74P,A_R75C,A_L78I,A_L160F,C_F1H,C_A6T,C_Y7A","1MI5:A, C, D, E:E_E52A:PMID=15640805",-0.846412944793701
"1mi5_A_D61N,A_R62K,A_I66S,A_K68A,A_T71R,A_D156H,A_R157G,C_R3I_D, E_A, C",-5.924519062042236,-6.10992317199707,"A_D61N,A_R62K,A_I66S,A_K68A,A_T71R,A_D156H,A_R157G,C_R3I","1MI5:A, C, D, E:D_G96A:PMID=15640805",0.1854041099548338
"1mi5_A_D61T,A_R79K,A_R151K,A_E154F,C_R5T,C_Y7G,C_G8T_D, E_A, C",-5.869715213775635,-5.321726989746094,"A_D61T,A_R79K,A_R151K,A_E154F,C_R5T,C_Y7G,C_G8T","1MI5:A, C, D, E:E_E52A:PMID=15640805",-0.5479882240295408
"1mi5_A_D74H,C_F1L,C_Y7S_D, E_A, C",-5.869715213775635,-5.586083221435547,"A_D74H,C_F1L,C_Y7S","1MI5:A, C, D, E:E_E52A:PMID=15640805",-0.28363199234008807
"1mi5_A_K68R,A_L78S,A_E148M_D, E_A, C",-5.869715213775635,-6.6831742286682125,"A_K68R,A_L78S,A_E148M","1MI5:A, C, D, E:E_E52A:PMID=15640805",0.8134590148925778
"1mi5_A_Q65R,A_D74H,A_L78I,A_R157G,A_E161Q_D, E_A, C",-5.924519062042236,-6.329062175750733,"A_Q65R,A_D74H,A_L78I,A_R157G,A_E161Q","1MI5:A, C, D, E:D_G96A:PMID=15640805",0.40454311370849627
"1mi5_A_Q65R,A_T71A,A_R145H,A_A149S_D, E_A, C",-5.869715213775635,-6.141750335693359,"A_Q65R,A_T71A,A_R145H,A_A149S","1MI5:A, C, D, E:E_E52A:PMID=15640805",0.2720351219177246
"1mi5_A_R151C,C_F1H,C_G8A_D, E_A, C",-5.924519062042236,-5.6825662612915036,"A_R151C,C_F1H,C_G8A","1MI5:A, C, D, E:D_G96A:PMID=15640805",-0.24195280075073278
"1mi5_A_R62K,A_Q65L,A_K68R,A_L78K,A_A149S,A_A150W,A_E161Y,C_F1K_D, E_A, C",-5.924519062042236,-6.29591703414917,"A_R62K,A_Q65L,A_K68R,A_L78K,A_A149S,A_A150W,A_E161Y,C_F1K","1MI5:A, C, D, E:D_G96A:PMID=15640805",0.3713979721069336
"1mi5_A_R62M,A_L78C,A_R145H,A_R151P_D, E_A, C",-5.924519062042236,-5.950844478607178,"A_R62M,A_L78C,A_R145H,A_R151P","1MI5:A, C, D, E:D_G96A:PMID=15640805",0.026325416564941584
"1mi5_A_R75D,C_A6Q_D, E_A, C",-5.869715213775635,-5.722971439361572,"A_R75D,C_A6Q","1MI5:A, C, D, E:E_E52A:PMID=15640805",-0.1467437744140625
"1mi5_A_T64N,A_K68R,A_A149R,A_L160I,C_F1W_D, E_A, C",-5.924519062042236,-6.081895923614502,"A_T64N,A_K68R,A_A149R,A_L160I,C_F1W","1MI5:A, C, D, E:D_G96A:PMID=15640805",0.15737686157226527
"1mi5_A_T69A,A_T71W,A_D74S,A_R151K,A_R157A_D, E_A, C",-5.869715213775635,-6.072504329681396,"A_T69A,A_T71W,A_D74S,A_R151K,A_R157A","1MI5:A, C, D, E:E_E52A:PMID=15640805",0.20278911590576154
"1mi5_C_F1H,C_Y7L_D, E_A, C",-5.924519062042236,-5.5801722526550295,"C_F1H,C_Y7L","1MI5:A, C, D, E:D_G96A:PMID=15640805",-0.34434680938720685
"1n8o_B_G23W,B_S81P,B_L82E,C_A1M,C_N2L,C_K21Q,C_S41A,C_S66D,C_S69F_E_A, B, C",-15.611161231994629,-12.104839706420899,"B_G23W,B_S81P,B_L82E,C_A1M,C_N2L,C_K21Q,C_S41A,C_S66D,C_S69F","1N8O:A, B, C, E:E_M80L:PMID=8143850",-3.50632152557373
"1n8o_B_K21D,B_A41C,B_L82I,B_T83F,B_W126L,B_G127F,C_A1K,C_N2D,C_K22V,C_Y23H,C_T26D,C_S42A,C_T71V,C_S75T,C_N97D_E_A, B, C",-15.611161231994629,-12.439468002319336,"B_K21D,B_A41C,B_L82I,B_T83F,B_W126L,B_G127F,C_A1K,C_N2D,C_K22V,C_Y23H,C_T26D,C_S42A,C_T71V,C_S75T,C_N97D","1N8O:A, B, C, E:E_M80L:PMID=8143850",-3.1716932296752933
"1n8o_B_K21N,B_N80D,B_L82N,C_A1S,C_N2V,C_K21F,C_Y23L,C_T26E,C_P77M_E_A, B, C",-15.611161231994629,-13.132396507263184,"B_K21N,B_N80D,B_L82N,C_A1S,C_N2V,C_K21F,C_Y23L,C_T26E,C_P77M","1N8O:A, B, C, E:E_M80L:PMID=8143850",-2.4787647247314446
"1n8o_B_K21N,B_S81P,B_T83D,C_A1P,C_N2T,C_T26D,C_G45P,C_I64S,C_T71I_E_A, B, C",-15.611161231994629,-12.594806098937989,"B_K21N,B_S81P,B_T83D,C_A1P,C_N2T,C_T26D,C_G45P,C_I64S,C_T71I","1N8O:A, B, C, E:E_M80L:PMID=8143850",-3.0163551330566403
"1n8o_B_K21R,B_H42D,B_S81P,B_L82V,B_T83K,C_A1L,C_N2D,C_K21R,C_T26D,C_G48L,C_I64V,C_T71V,C_S75T_E_A, B, C",-15.611161231994629,-12.809584426879884,"B_K21R,B_H42D,B_S81P,B_L82V,B_T83K,C_A1L,C_N2D,C_K21R,C_T26D,C_G48L,C_I64V,C_T71V,C_S75T","1N8O:A, B, C, E:E_M80L:PMID=8143850",-2.8015768051147454
"1n8o_B_K21S,B_F26H,B_L82V,C_A1W,C_N2A,C_K21R,C_G25N,C_T26D,C_C43G,C_S66Y,C_S70D_E_A, B, C",-15.611161231994629,-12.02966022491455,"B_K21S,B_F26H,B_L82V,C_A1W,C_N2A,C_K21R,C_G25N,C_T26D,C_C43G,C_S66Y,C_S70D","1N8O:A, B, C, E:E_M80L:PMID=8143850",-3.581501007080078
"1n8o_B_Q19R,B_K21N,B_N80D,B_S81P,B_L82I,B_G125V,B_W126S,C_A1Q,C_N2V,C_W24G,C_G25L,C_S41Q_E_A, B, C",-15.611161231994629,-12.34659481048584,"B_Q19R,B_K21N,B_N80D,B_S81P,B_L82I,B_G125V,B_W126S,C_A1Q,C_N2V,C_W24G,C_G25L,C_S41Q","1N8O:A, B, C, E:E_M80L:PMID=8143850",-3.264566421508789
"1n8o_B_Q19V,B_L82N,B_T83A,C_A1G,C_N2I,C_T26D,C_S75T_E_A, B, C",-15.611161231994629,-13.711109733581543,"B_Q19V,B_L82N,B_T83A,C_A1G,C_N2I,C_T26D,C_S75T","1N8O:A, B, C, E:E_M80L:PMID=8143850",-1.9000514984130863
"1xd3_A_A10D,A_N11A,A_Y34L,A_S42A,A_M43L,A_L54N,A_S91L,A_E153M,A_Q155A,A_E157K,A_K164R,A_D166A,A_L167N,A_F169W,A_V207R,A_C208Q,A_F211S,A_D215Q,A_L219V,A_R220T,A_F221Y,A_N222C_B_A",-8.595683097839355,-7.244513034820557,"A_A10D,A_N11A,A_Y34L,A_S42A,A_M43L,A_L54N,A_S91L,A_E153M,A_Q155A,A_E157K,A_K164R,A_D166A,A_L167N,A_F169W,A_V207R,A_C208Q,A_F211S,A_D215Q,A_L219V,A_R220T,A_F221Y,A_N222C","1XD3:A, B:B_K6R:PMID=10518943",-1.3511700630187988
"1xd3_A_E9Y,A_A10S,A_N11D,A_V33I,A_S42A,A_M43Q,A_F55Y,A_S91Q,A_S150C,A_E153L,A_E157K,A_A158T,A_K164C,A_H168S,A_F169Y,A_V207F,A_K210D,A_F211Y,A_D215Q,A_D217E,A_N222T_B_A",-8.595683097839355,-7.548216533660889,"A_E9Y,A_A10S,A_N11D,A_V33I,A_S42A,A_M43Q,A_F55Y,A_S91Q,A_S150C,A_E153L,A_E157K,A_A158T,A_K164C,A_H168S,A_F169Y,A_V207F,A_K210D,A_F211Y,A_D215Q,A_D217E,A_N222T","1XD3:A, B:B_K6R:PMID=10518943",-1.0474665641784666
"1xd3_A_L6F,A_A10I,A_V31T,A_Y34N,A_E39T,A_S42A,A_M43E,A_L52I,A_F55Y,A_S91D,A_A93S,A_S150A,A_E153S,A_A158Q,A_K164E,A_D166Y,A_L167N,A_F169M,A_K210E,A_M212I,A_D215Q,A_N222Y_B_A",-8.595683097839355,-8.04154634475708,"A_L6F,A_A10I,A_V31T,A_Y34N,A_E39T,A_S42A,A_M43E,A_L52I,A_F55Y,A_S91D,A_A93S,A_S150A,A_E153S,A_A158Q,A_K164E,A_D166Y,A_L167N,A_F169M,A_K210E,A_M212I,A_D215Q,A_N222Y","1XD3:A, B:B_K6R:PMID=10518943",-0.5541367530822754
"1xd3_A_L6Q,A_P7T,A_E9S,A_N11D,A_D32K,A_E39D,A_S42A,A_F55M,A_S91W,A_A93W,A_S150A,A_E153M,A_Q155N,A_E157N,A_A158V,A_D166G,A_L167H,A_H168L,A_F169N,A_C208V,A_K210G,A_F211Y,A_M212I,A_D215Q,A_D217S,A_E218C,A_L219V,A_R220D,A_N222Q_B_A",-8.595683097839355,-7.532455825805664,"A_L6Q,A_P7T,A_E9S,A_N11D,A_D32K,A_E39D,A_S42A,A_F55M,A_S91W,A_A93W,A_S150A,A_E153M,A_Q155N,A_E157N,A_A158V,A_D166G,A_L167H,A_H168L,A_F169N,A_C208V,A_K210G,A_F211Y,A_M212I,A_D215Q,A_D217S,A_E218C,A_L219V,A_R220D,A_N222Q","1XD3:A, B:B_K6R:PMID=10518943",-1.063227272033691
"1xd3_A_L6Y,A_A10M,A_N11D,A_Y34H,A_E39Q,A_S42A,A_M43L,A_L52I,A_L54S,A_S91K,A_A93G,A_E153C,A_Q155R,A_E157T,A_A158L,A_K164P,A_V165G,A_D166N,A_H168N,A_F169A,A_F211H,A_D215N,A_E218Q,A_R220D,A_N222T_B_A",-8.595683097839355,-7.314693737030029,"A_L6Y,A_A10M,A_N11D,A_Y34H,A_E39Q,A_S42A,A_M43L,A_L52I,A_L54S,A_S91K,A_A93G,A_E153C,A_Q155R,A_E157T,A_A158L,A_K164P,A_V165G,A_D166N,A_H168N,A_F169A,A_F211H,A_D215N,A_E218Q,A_R220D,A_N222T","1XD3:A, B:B_K6R:PMID=10518943",-1.2809893608093263
"1xd3_A_L8M,A_A10M,A_N11D,A_V33S,A_Y34E,A_S42N,A_M43L,A_F55M,A_S91E,A_S150R,A_Q155A,A_E157S,A_A158P,A_D166G,A_F169C,A_V207I,A_F211Q,A_D215V,A_D217E,A_N222D_B_A",-8.595683097839355,-7.553457355499267,"A_L8M,A_A10M,A_N11D,A_V33S,A_Y34E,A_S42N,A_M43L,A_F55M,A_S91E,A_S150R,A_Q155A,A_E157S,A_A158P,A_D166G,A_F169C,A_V207I,A_F211Q,A_D215V,A_D217E,A_N222D","1XD3:A, B:B_K6R:PMID=10518943",-1.0422257423400882
"1xd3_A_L8M,A_Y34I,A_S42A,A_M43Q,A_L53V,A_S91E,A_A93S,A_S150H,A_E153M,A_Q155A,A_T156K,A_E157A,A_A158P,A_K164P,A_L167Q,A_C208V,A_K210E,A_F211K,A_D215Q,A_D217E,A_L219I,A_R220F,A_N222G_B_A",-8.595683097839355,-7.557274246215821,"A_L8M,A_Y34I,A_S42A,A_M43Q,A_L53V,A_S91E,A_A93S,A_S150H,A_E153M,A_Q155A,A_T156K,A_E157A,A_A158P,A_K164P,A_L167Q,A_C208V,A_K210E,A_F211K,A_D215Q,A_D217E,A_L219I,A_R220F,A_N222G","1XD3:A, B:B_K6R:PMID=10518943",-1.0384088516235348
"1xd3_A_N11E,A_V33F,A_Y34E,A_M36F,A_S42R,A_M43L,A_F55Y,A_S91Y,A_S150M,A_E153G,A_Q155S,A_E157A,A_V165L,A_F169Y,A_V207Q,A_K210S,A_D215M,A_D217H,A_E218D,A_N222C_B_A",-8.595683097839355,-7.502045154571533,"A_N11E,A_V33F,A_Y34E,A_M36F,A_S42R,A_M43L,A_F55Y,A_S91Y,A_S150M,A_E153G,A_Q155S,A_E157A,A_V165L,A_F169Y,A_V207Q,A_K210S,A_D215M,A_D217H,A_E218D,A_N222C","1XD3:A, B:B_K6R:PMID=10518943",-1.0936379432678223
"1xgr_A_N32D,B_D27L,B_V29I,B_S52A_C_A, B",-11.293992042541504,-9.400541687011719,"A_N32D,B_D27L,B_V29I,B_S52A","1XGR:A, B, C:B_I33F:PMID=15698573",-1.8934503555297848
"1xgr_A_N32S,B_D27S,B_S31H_C_A, B",-11.293992042541504,-9.918592262268067,"A_N32S,B_D27S,B_S31H","1XGR:A, B, C:B_I33F:PMID=15698573",-1.3753997802734368
"1xgr_A_N32T,A_S94D,A_W95H,B_D27G,B_S54T,B_W98Y_C_A, B",-11.293992042541504,-8.74566946029663,"A_N32T,A_S94D,A_W95H,B_D27G,B_S54T,B_W98Y","1XGR:A, B, C:B_I33F:PMID=15698573",-2.5483225822448734
"1xgr_A_N32Y,A_W95T_C_A, B",-11.293992042541504,-9.167730903625488,"A_N32Y,A_W95T","1XGR:A, B, C:B_I33F:PMID=15698573",-2.126261138916016
"1xgr_A_N33L,A_S53N,A_G67P,A_S94V_C_A, B",-11.293992042541504,-9.013242626190186,"A_N33L,A_S53N,A_G67P,A_S94V","1XGR:A, B, C:B_I33F:PMID=15698573",-2.280749416351318
"1xgr_A_Q28T,A_S68T,A_N93W,A_W95L,B_V29L,B_Y50L,B_S52E_C_A, B",-11.293992042541504,-8.035079956054688,"A_Q28T,A_S68T,A_N93W,A_W95L,B_V29L,B_Y50L,B_S52E","1XGR:A, B, C:B_I33F:PMID=15698573",-3.2589120864868164
"1xgr_A_S53W,B_D27E,B_S52M_C_A, B",-11.293992042541504,-9.9613187789917,"A_S53W,B_D27E,B_S52M","1XGR:A, B, C:B_I33F:PMID=15698573",-1.332673263549804
"1xgr_A_W95F,B_S54T_C_A, B",-11.293992042541504,-9.78200626373291,"A_W95F,B_S54T","1XGR:A, B, C:B_I33F:PMID=15698573",-1.5119857788085938
"2jel_H_S52T,H_Y54N,H_S55C,H_E102S_P_H, L",-10.262494087219238,-10.816600227355957,"H_S52T,H_Y54N,H_S55C,H_E102S","2JEL:H, L, P:P_Q4K:PMID=1711212",0.5541061401367191
"2jel_H_S55G,H_T58F,H_E102A_P_H, L",-10.262494087219238,-10.616780471801757,"H_S55G,H_T58F,H_E102A","2JEL:H, L, P:P_Q4K:PMID=1711212",0.3542863845825188
"2jel_H_S55R,L_G32L_P_H, L",-10.262494087219238,-10.89089584350586,"H_S55R,L_G32L","2JEL:H, L, P:P_Q4K:PMID=1711212",0.6284017562866211
"2jel_H_T30D,H_Y54E_P_H, L",-10.262494087219238,-10.96886100769043,"H_T30D,H_Y54E","2JEL:H, L, P:P_Q4K:PMID=1711212",0.7063669204711918
"2jel_H_T31K,H_G49R,H_M100V,L_G32I_P_H, L",-10.262494087219238,-10.131486701965333,"H_T31K,H_G49R,H_M100V,L_G32I","2JEL:H, L, P:P_Q4K:PMID=1711212",-0.13100738525390554
"2jel_H_T31Q,H_S52Q,H_R98F,H_M100L_P_H, L",-10.262494087219238,-10.256530952453613,"H_T31Q,H_S52Q,H_R98F,H_M100L","2JEL:H, L, P:P_Q4K:PMID=1711212",-0.0059631347656257105
"2jel_H_Y57E_P_H, L",-10.262494087219238,-10.181975746154786,H_Y57E,"2JEL:H, L, P:P_Q4K:PMID=1711212",-0.08051834106445277
"2jel_H_Y57Q,L_T36G_P_H, L",-10.262494087219238,-10.43098430633545,"H_Y57Q,L_T36G","2JEL:H, L, P:P_Q4K:PMID=1711212",0.16849021911621165
"2oob_A_N3C,A_V4M,A_S6E,A_E7K,A_K10Y,A_G13S,A_E14F,A_A17E_B_A",-5.670541763305664,-5.55813512802124,"A_N3C,A_V4M,A_S6E,A_E7K,A_K10Y,A_G13S,A_E14F,A_A17E","2OOB:A, B:A_A6S, A_K7E:PMID=18596201",-0.11240663528442418
"2oob_A_N3D,A_S6A,A_E7K,A_K10F,A_G13C,A_E14W_B_A",-5.670541763305664,-5.640329837799072,"A_N3D,A_S6A,A_E7K,A_K10F,A_G13C,A_E14W","2OOB:A, B:A_A6S, A_K7E:PMID=18596201",-0.030211925506591797
"2oob_A_N3D,A_V4L,A_S6K,A_E7K,A_K10E,A_A17D_B_A",-5.670541763305664,-5.272647953033447,"A_N3D,A_V4L,A_S6K,A_E7K,A_K10E,A_A17D","2OOB:A, B:A_A6S, A_K7E:PMID=18596201",-0.39789381027221715
"2oob_A_N3E,A_V4Y,A_S6A,A_E7K,A_K10Q,A_A17S_B_A",-5.670541763305664,-5.5656684875488285,"A_N3E,A_V4Y,A_S6A,A_E7K,A_K10Q,A_A17S","2OOB:A, B:A_A6S, A_K7E:PMID=18596201",-0.10487327575683558
"2oob_A_N3M,A_S6E,A_E7K,A_K10Q,A_M12S,A_A17G_B_A",-5.670541763305664,-5.421229839324951,"A_N3M,A_S6E,A_E7K,A_K10Q,A_M12S,A_A17G","2OOB:A, B:A_A6S, A_K7E:PMID=18596201",-0.2493119239807129
"2oob_A_N3Q,A_V4I,A_S6R,A_E7Y,A_K10Y,A_Y16F_B_A",-5.670541763305664,-5.79331111907959,"A_N3Q,A_V4I,A_S6R,A_E7Y,A_K10Y,A_Y16F","2OOB:A, B:A_A6S, A_K7E:PMID=18596201",0.12276935577392578
"2oob_A_N3S,A_V4T,A_D5P,A_S6A,A_E7K,A_K10R,A_A17D_B_A",-5.670541763305664,-4.966818809509277,"A_N3S,A_V4T,A_D5P,A_S6A,A_E7K,A_K10R,A_A17D","2OOB:A, B:A_A6S, A_K7E:PMID=18596201",-0.7037229537963867
"2oob_A_V4I,A_S6E,A_E7Y,A_I8H,A_A17G_B_A",-5.670541763305664,-4.7281300067901615,"A_V4I,A_S6E,A_E7Y,A_I8H,A_A17G","2OOB:A, B:A_A6S, A_K7E:PMID=18596201",-0.9424117565155026
"2y5b_F_K6F,F_T7L,F_L8E,F_T9S,F_D32E,F_K82R,F_T85S,F_K87S,F_T90P,F_D108E,F_D115A,F_I120D,F_F121Y,F_I137L,F_Q138K,F_K139Q,F_S141G,F_H144F,F_V146Y,F_L149I,F_R150W_E_F",-7.334807872772217,-8.7196439743042,"F_K6F,F_T7L,F_L8E,F_T9S,F_D32E,F_K82R,F_T85S,F_K87S,F_T90P,F_D108E,F_D115A,F_I120D,F_F121Y,F_I137L,F_Q138K,F_K139Q,F_S141G,F_H144F,F_V146Y,F_L149I,F_R150W","2Y5B:E, F::PMID=21399617",1.3848361015319828
"2y5b_F_K6F,F_T9S,F_D32Q,F_K33I,F_G35N,F_K82R,F_T85S,F_K87D,F_T90S,F_D108E,F_K109V,F_G111C,F_I112V,F_I120D,F_F121Y,F_K124I,F_H144F,F_V146I_E_F",-7.334807872772217,-8.761168670654296,"F_K6F,F_T9S,F_D32Q,F_K33I,F_G35N,F_K82R,F_T85S,F_K87D,F_T90S,F_D108E,F_K109V,F_G111C,F_I112V,F_I120D,F_F121Y,F_K124I,F_H144F,F_V146I","2Y5B:E, F::PMID=21399617",1.4263607978820794
"2y5b_F_K6N,F_T7S,F_T9N,F_D32S,F_K33S,F_G35H,F_K82R,F_T83S,F_I89Y,F_T90S,F_D108E,F_I112F,F_I120V,F_Q138E,F_S141A,F_H144F,F_L149I_E_F",-7.334807872772217,-8.441096878051757,"F_K6N,F_T7S,F_T9N,F_D32S,F_K33S,F_G35H,F_K82R,F_T83S,F_I89Y,F_T90S,F_D108E,F_I112F,F_I120V,F_Q138E,F_S141A,F_H144F,F_L149I","2Y5B:E, F::PMID=21399617",1.1062890052795407
"2y5b_F_K6Q,F_T7S,F_L8M,F_T9I,F_D32N,F_K33A,F_K82R,F_T83G,F_T85E,F_I89Y,F_T90V,F_D108A,F_I120M,F_K124Q,F_K139Q,F_H144F,F_V146T,F_R150K_E_F",-7.334807872772217,-8.287702941894532,"F_K6Q,F_T7S,F_L8M,F_T9I,F_D32N,F_K33A,F_K82R,F_T83G,F_T85E,F_I89Y,F_T90V,F_D108A,F_I120M,F_K124Q,F_K139Q,F_H144F,F_V146T,F_R150K","2Y5B:E, F::PMID=21399617",0.9528950691223148
"2y5b_F_K6V,F_L8R,F_T9C,F_D32E,F_K33R,F_K82R,F_T83S,F_K87R,F_I89F,F_T90V,F_D108T,F_D115E,F_Q117L,F_I120Y,F_F121T,F_K139H,F_S141Y,F_H144D,F_R150A_E_F",-7.334807872772217,-8.416365623474121,"F_K6V,F_L8R,F_T9C,F_D32E,F_K33R,F_K82R,F_T83S,F_K87R,F_I89F,F_T90V,F_D108T,F_D115E,F_Q117L,F_I120Y,F_F121T,F_K139H,F_S141Y,F_H144D,F_R150A","2Y5B:E, F::PMID=21399617",1.0815577507019043
"2y5b_F_K6Y,F_T7C,F_L8S,F_T9A,F_D32L,F_K33G,F_K82R,F_T83S,F_T85S,F_I89Y,F_D108E,F_D115S,F_I120Y,F_F121Y,F_K124V,F_I137V,F_H144C,F_V146T,F_R150A_E_F",-7.334807872772217,-8.761954879760742,"F_K6Y,F_T7C,F_L8S,F_T9A,F_D32L,F_K33G,F_K82R,F_T83S,F_T85S,F_I89Y,F_D108E,F_D115S,F_I120Y,F_F121Y,F_K124V,F_I137V,F_H144C,F_V146T,F_R150A","2Y5B:E, F::PMID=21399617",1.427147006988525
"2y5b_F_L8S,F_T9S,F_D32R,F_K82R,F_T85D,F_G86W,F_K87T,F_I89H,F_T90R,F_D108E,F_D115E,F_I120F,F_F121Y,F_K124R,F_Q138V,F_H144F,F_V146T,F_L149I_E_F",-7.334807872772217,-8.582742500305176,"F_L8S,F_T9S,F_D32R,F_K82R,F_T85D,F_G86W,F_K87T,F_I89H,F_T90R,F_D108E,F_D115E,F_I120F,F_F121Y,F_K124R,F_Q138V,F_H144F,F_V146T,F_L149I","2Y5B:E, F::PMID=21399617",1.2479346275329597
"2y5b_F_V5I,F_K6R,F_L8Q,F_D32E,F_K33L,F_K82F,F_T85N,F_T90P,F_D108E,F_K109Y,F_I112Y,F_I120W,F_F121H,F_Q138K,F_H144D,F_V146T_E_F",-7.334807872772217,-8.622634506225586,"F_V5I,F_K6R,F_L8Q,F_D32E,F_K33L,F_K82F,F_T85N,F_T90P,F_D108E,F_K109Y,F_I112Y,F_I120W,F_F121H,F_Q138K,F_H144D,F_V146T","2Y5B:E, F::PMID=21399617",1.2878266334533688
"3eo1_D_D94S,D_S95A,E_Y27A,E_T28A,E_N32R,E_V51I,E_I54V,E_D56G,E_L100R,E_G101T,E_L102S,E_L104Y_F_D, E",-13.09885311126709,-10.827798461914062,"D_D94S,D_S95A,E_Y27A,E_T28A,E_N32R,E_V51I,E_I54V,E_D56G,E_L100R,E_G101T,E_L102S,E_L104Y","3EO1:D, E, F::PMID=19073914",-2.2710546493530277
"3eo1_D_D94S,D_S95T,E_Y27S,E_T28S,E_N32R,E_I52V,E_I54G,E_D56N,E_L100R,E_L102A,E_V103F,E_L104W_F_D, E",-13.09885311126709,-9.5333683013916,"D_D94S,D_S95T,E_Y27S,E_T28S,E_N32R,E_I52V,E_I54G,E_D56N,E_L100R,E_L102A,E_V103F,E_L104W","3EO1:D, E, F::PMID=19073914",-3.565484809875489
"3eo1_D_D94S,E_Y27D,E_T28G,E_S31R,E_N32R,E_I52M,E_I54G,E_D56N,E_L102R,E_V103P,E_L104Y,E_K220Q_F_D, E",-13.09885311126709,-9.71364231109619,"D_D94S,E_Y27D,E_T28G,E_S31R,E_N32R,E_I52M,E_I54G,E_D56N,E_L102R,E_V103P,E_L104Y,E_K220Q","3EO1:D, E, F::PMID=19073914",-3.385210800170899
"3eo1_D_Q90N,D_D94S,D_S95N,E_Y27E,E_N32R,E_V51I,E_I54W,E_D56G,E_L100G,E_G101Y,E_L102S,E_V103P,E_L104M,E_K220E_F_D, E",-13.09885311126709,-9.903593826293946,"D_Q90N,D_D94S,D_S95N,E_Y27E,E_N32R,E_V51I,E_I54W,E_D56G,E_L100G,E_G101Y,E_L102S,E_V103P,E_L104M,E_K220E","3EO1:D, E, F::PMID=19073914",-3.195259284973144
"3eo1_D_S28G,D_S32G,D_A93G,D_D94Y,D_S95P,E_Y27S,E_T28S,E_N32I,E_I54T,E_D56N,E_A58S,E_T99S,E_L102G,E_L104T_F_D, E",-13.09885311126709,-9.703012084960937,"D_S28G,D_S32G,D_A93G,D_D94Y,D_S95P,E_Y27S,E_T28S,E_N32I,E_I54T,E_D56N,E_A58S,E_T99S,E_L102G,E_L104T","3EO1:D, E, F::PMID=19073914",-3.3958410263061527
"3eo1_D_S28G,D_S32G,D_D94T,D_S95P,E_Y27M,E_T28A,E_N32R,E_I54M,E_V55I,E_D56S,E_A58S,E_S98T,E_T99W,E_L100R,E_L102E_F_D, E",-13.09885311126709,-9.91537971496582,"D_S28G,D_S32G,D_D94T,D_S95P,E_Y27M,E_T28A,E_N32R,E_I54M,E_V55I,E_D56S,E_A58S,E_S98T,E_T99W,E_L100R,E_L102E","3EO1:D, E, F::PMID=19073914",-3.1834733963012702
"3eo1_D_S32G,D_A93N,D_D94Y,D_S95A,E_Y27C,E_T28P,E_S30Q,E_N32R,E_V51I,E_I54Y,E_D56G,E_S98A,E_G101W,E_L102S_F_D, E",-13.09885311126709,-10.51613883972168,"D_S32G,D_A93N,D_D94Y,D_S95A,E_Y27C,E_T28P,E_S30Q,E_N32R,E_V51I,E_I54Y,E_D56G,E_S98A,E_G101W,E_L102S","3EO1:D, E, F::PMID=19073914",-2.5827142715454094
"3eo1_D_S32N,D_D94H,D_S95I,E_Y27S,E_T28Q,E_N32R,E_I54S,E_D56E,E_S98M,E_L100R,E_L102N,E_L104Y_F_D, E",-13.09885311126709,-10.16386833190918,"D_S32N,D_D94H,D_S95I,E_Y27S,E_T28Q,E_N32R,E_I54S,E_D56E,E_S98M,E_L100R,E_L102N,E_L104Y","3EO1:D, E, F::PMID=19073914",-2.93498477935791
"3p8m_C_S131E,C_V132I,C_R134K,C_T136I,C_Q137D,C_T138S,C_E139A,C_G140L,C_G143V,D_V132R,D_R134T,D_G135D,D_T136I,D_E139V,D_G140A_A, B_C, D",-11.12468147277832,-8.987226200103759,"C_S131E,C_V132I,C_R134K,C_T136I,C_Q137D,C_T138S,C_E139A,C_G140L,C_G143V,D_V132R,D_R134T,D_G135D,D_T136I,D_E139V,D_G140A","3P8M:A, B, C, D::PMID=21533121",-2.1374552726745613
"3p8m_C_S131G,C_V132I,C_R134Q,C_Q137I,C_E139G,C_G140S,C_G143K,C_M144L,D_V132I,D_S133Q,D_R134L,D_T136E,D_E139G,D_G140T_A, B_C, D",-11.12468147277832,-9.293530082702636,"C_S131G,C_V132I,C_R134Q,C_Q137I,C_E139G,C_G140S,C_G143K,C_M144L,D_V132I,D_S133Q,D_R134L,D_T136E,D_E139G,D_G140T","3P8M:A, B, C, D::PMID=21533121",-1.831151390075684
"3p8m_C_S131K,C_V132I,C_G135S,C_E139S,C_G140T,C_G143R,C_V172S,D_S131M,D_V132I,D_S133A,D_R134C,D_Q137D,D_E139S,D_G140Y,D_V172I_A, B_C, D",-11.12468147277832,-9.560539817810058,"C_S131K,C_V132I,C_G135S,C_E139S,C_G140T,C_G143R,C_V172S,D_S131M,D_V132I,D_S133A,D_R134C,D_Q137D,D_E139S,D_G140Y,D_V172I","3P8M:A, B, C, D::PMID=21533121",-1.564141654968262
"3p8m_C_S131K,C_V132I,C_R134Q,C_E139N,C_G140T,C_G143K,D_S131Q,D_V132H,D_R134L,D_E139Y_A, B_C, D",-11.12468147277832,-9.222720527648926,"C_S131K,C_V132I,C_R134Q,C_E139N,C_G140T,C_G143K,D_S131Q,D_V132H,D_R134L,D_E139Y","3P8M:A, B, C, D::PMID=21533121",-1.9019609451293942
"3p8m_C_S131L,C_S133E,C_E139A,C_G140E,C_S142N,C_G143Q,D_S133H,D_R134K,D_T136E,D_Q137N,D_E139Y,D_G140V_A, B_C, D",-11.12468147277832,-9.003409576416015,"C_S131L,C_S133E,C_E139A,C_G140E,C_S142N,C_G143Q,D_S133H,D_R134K,D_T136E,D_Q137N,D_E139Y,D_G140V","3P8M:A, B, C, D::PMID=21533121",-2.1212718963623054
"3p8m_C_S131L,C_V132I,C_S133E,C_E139L,C_G140S,C_G141N,C_G143K,C_M144Q,D_S131M,D_V132N,D_S133A,D_E139S,D_G140N_A, B_C, D",-11.12468147277832,-9.637628173828125,"C_S131L,C_V132I,C_S133E,C_E139L,C_G140S,C_G141N,C_G143K,C_M144Q,D_S131M,D_V132N,D_S133A,D_E139S,D_G140N","3P8M:A, B, C, D::PMID=21533121",-1.4870532989501957
"3p8m_C_S131V,C_V132N,C_G140S,C_S142L,C_G143Q,D_S131K,D_S133P,D_R134Q,D_T138S,D_E139S,D_G140R_A, B_C, D",-11.12468147277832,-9.634368705749512,"C_S131V,C_V132N,C_G140S,C_S142L,C_G143Q,D_S131K,D_S133P,D_R134Q,D_T138S,D_E139S,D_G140R","3P8M:A, B, C, D::PMID=21533121",-1.4903127670288079
"3p8m_C_S131Y,C_V132I,C_S133A,C_Q137N,C_T138S,C_E139K,C_G140E,C_G143I,D_S131K,D_E139S,D_G140S_A, B_C, D",-11.12468147277832,-9.495625019073486,"C_S131Y,C_V132I,C_S133A,C_Q137N,C_T138S,C_E139K,C_G140E,C_G143I,D_S131K,D_E139S,D_G140S","3P8M:A, B, C, D::PMID=21533121",-1.629056453704834
"3sgb_E_E137I,E_L154K_I_E",-11.7046480178833,-13.44470157623291,"E_E137I,E_L154K","3SGB:E, I:I_G26Q:PMID=11171964",1.7400535583496097
"3sgb_E_G101D,E_E137H_I_E",-11.7046480178833,-12.243012428283691,"E_G101D,E_E137H","3SGB:E, I:I_G26Q:PMID=11171964",0.5383644104003906
"3sgb_E_I7W,E_Y120F_I_E",-11.7046480178833,-13.327657318115234,"E_I7W,E_Y120F","3SGB:E, I:I_G26Q:PMID=11171964",1.6230093002319332
"3sgb_E_S102F,E_Y120D_I_E",-11.7046480178833,-11.39840087890625,"E_S102F,E_Y120D","3SGB:E, I:I_G26Q:PMID=11171964",-0.30624713897705114
"3sgb_E_S10M,E_T11S,E_N119G,E_G165C,E_T168F_I_E",-11.7046480178833,-13.786495399475097,"E_S10M,E_T11S,E_N119G,E_G165C,E_T168F","3SGB:E, I:I_G26Q:PMID=11171964",2.081847381591796
"3sgb_E_T11Q,E_A136Q,E_G165P_I_E",-11.7046480178833,-13.379132270812988,"E_T11Q,E_A136Q,E_G165P","3SGB:E, I:I_G26Q:PMID=11171964",1.6744842529296875
"3sgb_E_T11S,E_C135T,E_L154W_I_E",-11.7046480178833,-13.775869941711425,"E_T11S,E_C135T,E_L154W","3SGB:E, I:I_G26Q:PMID=11171964",2.0712219238281246
"3sgb_E_Y120K,E_S156Q_I_E",-11.7046480178833,-12.273730278015137,"E_Y120K,E_S156Q","3SGB:E, I:I_G26Q:PMID=11171964",0.5690822601318359
"4dgi_H_D31S,H_P53W,H_S54R,H_Y103M,L_G30D,L_T31S,L_N92Y,L_W94Y_A_H, L",-8.658103942871094,-9.93700294494629,"H_D31S,H_P53W,H_S54R,H_Y103M,L_G30D,L_T31S,L_N92Y,L_W94Y","4DGI:A, H, L::PMID=TBD",1.278899002075196
"4dgi_H_D31S,H_S50A,H_S54D,H_T58E,H_G102M,H_Y103T,L_N28A,L_G30S,L_T31S,L_S91Q,L_W94Y_A_H, L",-8.658103942871094,-8.998996925354003,"H_D31S,H_S50A,H_S54D,H_T58E,H_G102M,H_Y103T,L_N28A,L_G30S,L_T31S,L_S91Q,L_W94Y","4DGI:A, H, L::PMID=TBD",0.34089298248290945
"4dgi_H_D31S,H_W33Y,H_S50M,H_I51V,H_S54D,H_Y101F,H_Y103S,L_N28D,L_G30D,L_N92W,L_W94F_A_H, L",-8.658103942871094,-9.365484237670898,"H_D31S,H_W33Y,H_S50M,H_I51V,H_S54D,H_Y101F,H_Y103S,L_N28D,L_G30D,L_N92W,L_W94F","4DGI:A, H, L::PMID=TBD",0.7073802947998047
"4dgi_H_D31S,H_Y32F,H_S54R,H_S56K,H_G102K,H_Y103S,L_T31N,L_N92Y_A_H, L",-8.658103942871094,-10.184513282775878,"H_D31S,H_Y32F,H_S54R,H_S56K,H_G102K,H_Y103S,L_T31N,L_N92Y","4DGI:A, H, L::PMID=TBD",1.5264093399047844
"4dgi_H_G49P,H_S50M,H_S54A,H_Y101F,H_Y103S,L_N28D,L_T31S,L_N92W,L_T93I,L_W94Y_A_H, L",-8.658103942871094,-9.994272232055664,"H_G49P,H_S50M,H_S54A,H_Y101F,H_Y103S,L_N28D,L_T31S,L_N92W,L_T93I,L_W94Y","4DGI:A, H, L::PMID=TBD",1.3361682891845703
"4dgi_H_S50A,H_S54R,H_Y57G,H_Y103T,L_N28H,L_G30S,L_T31S,L_Q90C,L_N92Y,L_T93V,L_W94Y_A_H, L",-8.658103942871094,-9.63214111328125,"H_S50A,H_S54R,H_Y57G,H_Y103T,L_N28H,L_G30S,L_T31S,L_Q90C,L_N92Y,L_T93V,L_W94Y","4DGI:A, H, L::PMID=TBD",0.9740371704101562
"4dgi_H_S50T,H_S54Q,H_T58D,H_Y103T,L_G30S,L_T31S,L_Q89W,L_Q90C,L_N92Y,L_W94Y_A_H, L",-8.658103942871094,-9.583349609375,"H_S50T,H_S54Q,H_T58D,H_Y103T,L_G30S,L_T31S,L_Q89W,L_Q90C,L_N92Y,L_W94Y","4DGI:A, H, L::PMID=TBD",0.9252456665039066
"4dgi_H_Y32N,H_S54R,H_Y103E,L_G30A,L_T31S,L_Q89I,L_N92A,L_T93I,L_W94C_A_H, L",-8.658103942871094,-9.563033294677734,"H_Y32N,H_S54R,H_Y103E,L_G30A,L_T31S,L_Q89I,L_N92A,L_T93I,L_W94C","4DGI:A, H, L::PMID=TBD",0.9049293518066399
"4fqi_H_F55M,H_G100L,H_Y104F,H_S106Q_A, B_H, L",-12.339961051940918,-11.291914939880371,"H_F55M,H_G100L,H_Y104F,H_S106Q","4FQI:A, B, H, L::PMID=22878502",-1.0480461120605469
"4fqi_H_N30S,H_F55L,H_F75Y,H_G100L,H_Y104F,H_S106A_A, B_H, L",-12.339961051940918,-11.594887161254883,"H_N30S,H_F55L,H_F75Y,H_G100L,H_Y104F,H_S106A","4FQI:A, B, H, L::PMID=22878502",-0.7450738906860348
"4fqi_H_S29A,H_N30F,H_G100L,H_N101D,H_Y102W,H_Y103K_A, B_H, L",-12.339961051940918,-11.404903984069824,"H_S29A,H_N30F,H_G100L,H_N101D,H_Y102W,H_Y103K","4FQI:A, B, H, L::PMID=22878502",-0.9350570678710941
"4fqi_H_S29T,H_S52D,H_F55D,H_G100L,H_N101D,H_Y104H_A, B_H, L",-12.339961051940918,-10.017849540710449,"H_S29T,H_S52D,H_F55D,H_G100L,H_N101D,H_Y104H","4FQI:A, B, H, L::PMID=22878502",-2.322111511230469
"4fqi_H_S29Y,H_N30C,H_F75G,H_G100L,H_N101D,H_G107K_A, B_H, L",-12.339961051940918,-10.852906799316406,"H_S29Y,H_N30C,H_F75G,H_G100L,H_N101D,H_G107K","4FQI:A, B, H, L::PMID=22878502",-1.487054252624512
"4fqi_H_T28G,H_S52T,H_P53Q,H_G100I_A, B_H, L",-12.339961051940918,-10.656777000427246,"H_T28G,H_S52T,H_P53Q,H_G100I","4FQI:A, B, H, L::PMID=22878502",-1.6831840515136722
"4fqi_H_T28S,H_N31S,H_F55M,H_G100M,H_N101D,H_Y103S_A, B_H, L",-12.339961051940918,-11.592398071289063,"H_T28S,H_N31S,H_F55M,H_G100M,H_N101D,H_Y103S","4FQI:A, B, H, L::PMID=22878502",-0.7475629806518551
"4fqi_H_T28S,H_S29T,H_N30S,H_I51T,H_F55Y,H_F75Y,H_G100Q,H_N101G,H_S106E_A, B_H, L",-12.339961051940918,-11.808637428283692,"H_T28S,H_S29T,H_N30S,H_I51T,H_F55Y,H_F75Y,H_G100Q,H_N101G,H_S106E","4FQI:A, B, H, L::PMID=22878502",-0.5313236236572259
"4hfk_A_G28F,A_Q31S,A_H32M,A_A36K,A_K40A,A_A42N,A_N61D,A_S62Y,A_K63R,A_Y64F,A_A65S,A_F77Y,A_K80S,A_G116T,A_H117G,A_T123S,A_P144N,A_G145R_B, D_A",-13.025397300720215,-11.114076232910156,"A_G28F,A_Q31S,A_H32M,A_A36K,A_K40A,A_A42N,A_N61D,A_S62Y,A_K63R,A_Y64F,A_A65S,A_F77Y,A_K80S,A_G116T,A_H117G,A_T123S,A_P144N,A_G145R","4HFK:A, B, D:B_L50A:PMID=23288853",-1.911321067810059
"4hfk_A_H32E,A_A36Q,A_N61S,A_S62V,A_K63N,A_A65T,A_H117I,A_G118F,A_L120N,A_A122Q,A_T123V,A_G145H,A_S148T_B, D_A",-13.025397300720215,-11.498275756835938,"A_H32E,A_A36Q,A_N61S,A_S62V,A_K63N,A_A65T,A_H117I,A_G118F,A_L120N,A_A122Q,A_T123V,A_G145H,A_S148T","4HFK:A, B, D:B_L50A:PMID=23288853",-1.5271215438842773
"4hfk_A_H32K,A_A36T,A_A42R,A_N61D,A_S62A,A_A65S,A_F77Q,A_T123E,A_P144Y,A_G145H_B, D_A",-13.025397300720215,-10.904001617431641,"A_H32K,A_A36T,A_A42R,A_N61D,A_S62A,A_A65S,A_F77Q,A_T123E,A_P144Y,A_G145H","4HFK:A, B, D:B_L50A:PMID=23288853",-2.121395683288574
"4hfk_A_H32K,A_G37S,A_A42S,A_N61D,A_S62K,A_K63R,A_Y64F,A_A65S,A_T123V,A_P144A,A_G145S_B, D_A",-13.025397300720215,-11.92368278503418,"A_H32K,A_G37S,A_A42S,A_N61D,A_S62K,A_K63R,A_Y64F,A_A65S,A_T123V,A_P144A,A_G145S","4HFK:A, B, D:B_L50A:PMID=23288853",-1.1017145156860355
"4hfk_A_H32K,A_K40R,A_A42K,A_N61R,A_S62V,A_K63E,A_Y64F,A_A65K,A_F77Y,A_K80L,A_H117V,A_T123K,A_P144S,A_G145A_B, D_A",-13.025397300720215,-11.383246803283692,"A_H32K,A_K40R,A_A42K,A_N61R,A_S62V,A_K63E,A_Y64F,A_A65K,A_F77Y,A_K80L,A_H117V,A_T123K,A_P144S,A_G145A","4HFK:A, B, D:B_L50A:PMID=23288853",-1.642150497436523
"4hfk_A_H32R,A_I38H,A_N61H,A_S62K,A_K63P,A_Y64F,A_A65K,A_F77Y,A_D121N,A_T123I,A_P144S,A_G145S_B, D_A",-13.025397300720215,-10.347185707092285,"A_H32R,A_I38H,A_N61H,A_S62K,A_K63P,A_Y64F,A_A65K,A_F77Y,A_D121N,A_T123I,A_P144S,A_G145S","4HFK:A, B, D:B_L50A:PMID=23288853",-2.67821159362793
"4hfk_A_Q31A,A_H32K,A_G37C,A_K40R,A_N61D,A_S62E,A_K63R,A_Y64F,A_F77Y,A_R78M,A_H117S,A_T123V,A_P144S,A_G145S,A_S148M_B, D_A",-13.025397300720215,-10.441113090515136,"A_Q31A,A_H32K,A_G37C,A_K40R,A_N61D,A_S62E,A_K63R,A_Y64F,A_F77Y,A_R78M,A_H117S,A_T123V,A_P144S,A_G145S,A_S148M","4HFK:A, B, D:B_L50A:PMID=23288853",-2.5842842102050785
"4hfk_A_Q31K,A_H32R,A_A42K,A_S62F,A_K63D,A_Y64F,A_A65P,A_F77Y,A_K80Y,A_H117S,A_T123H,A_G124D,A_G145D_B, D_A",-13.025397300720215,-10.855438804626464,"A_Q31K,A_H32R,A_A42K,A_S62F,A_K63D,A_Y64F,A_A65P,A_F77Y,A_K80Y,A_H117S,A_T123H,A_G124D,A_G145D","4HFK:A, B, D:B_L50A:PMID=23288853",-2.1699584960937504
"4k71_A_L78E,A_E80A,A_T81R,A_E84M,A_M85L,A_M416F,A_L461N,A_T465W,A_A502N,A_T506V,A_K517E,A_Q520N,A_I521T,A_Q524I,A_G570S_B, C_A",-10.982409477233887,-9.537379169464112,"A_L78E,A_E80A,A_T81R,A_E84M,A_M85L,A_M416F,A_L461N,A_T465W,A_A502N,A_T506V,A_K517E,A_Q520N,A_I521T,A_Q524I,A_G570S","4K71:A, B, C:B_H157A:PMID=24120761",-1.445030307769775
"4k71_A_L78K,A_E80V,A_T81I,A_Y82H,A_M85L,A_P414D,A_M416F,A_A418M,A_T465Q,A_T494N,A_K517Y,A_I521V,A_T525V,A_V528A_B, C_A",-10.982409477233887,-9.776593780517578,"A_L78K,A_E80V,A_T81I,A_Y82H,A_M85L,A_P414D,A_M416F,A_A418M,A_T465Q,A_T494N,A_K517Y,A_I521V,A_T525V,A_V528A","4K71:A, B, C:B_H157A:PMID=24120761",-1.205815696716309
"4k71_A_L78Q,A_T81K,A_Y82A,A_E84M,A_M85L,A_M416W,A_L421V,A_V422I,A_E423D,A_T465N,A_N501S,A_H508M,A_Q520L,A_T525A,A_E563D_B, C_A",-10.982409477233887,-9.501825714111328,"A_L78Q,A_T81K,A_Y82A,A_E84M,A_M85L,A_M416W,A_L421V,A_V422I,A_E423D,A_T465N,A_N501S,A_H508M,A_Q520L,A_T525A,A_E563D","4K71:A, B, C:B_H157A:PMID=24120761",-1.4805837631225582
"4k71_A_L78T,A_E80S,A_Y82H,A_E84S,A_P414Y,A_Q415T,A_A418L,A_V422I,A_L461R,A_N501D,A_T506V,A_H508D,A_D510N,A_K517D,A_Q520L,A_I521K,A_T525G_B, C_A",-10.982409477233887,-8.633696937561036,"A_L78T,A_E80S,A_Y82H,A_E84S,A_P414Y,A_Q415T,A_A418L,A_V422I,A_L461R,A_N501D,A_T506V,A_H508D,A_D510N,A_K517D,A_Q520L,A_I521K,A_T525G","4K71:A, B, C:B_H157A:PMID=24120761",-2.348712539672851
"4k71_A_T77E,A_L78R,A_M85L,A_M416W,A_A418S,A_V422I,A_E423D,A_L461T,A_K464H,A_T506I,A_H508R,A_K517E,A_I521L,A_Q524Y,A_K562A_B, C_A",-10.982409477233887,-9.4100492477417,"A_T77E,A_L78R,A_M85L,A_M416W,A_A418S,A_V422I,A_E423D,A_L461T,A_K464H,A_T506I,A_H508R,A_K517E,A_I521L,A_Q524Y,A_K562A","4K71:A, B, C:B_H157A:PMID=24120761",-1.5723602294921868
"4k71_A_T77L,A_L78I,A_M85L,A_M416F,A_S417W,A_P419A,A_T420E,A_V422Q,A_E423Q,A_L461A,A_E463Q,A_K464R,A_T506V,A_H508K,A_K517L,A_I521D,A_K522Y,A_T525K,A_V528S,A_E563Q_B, C_A",-10.982409477233887,-8.65897855758667,"A_T77L,A_L78I,A_M85L,A_M416F,A_S417W,A_P419A,A_T420E,A_V422Q,A_E423Q,A_L461A,A_E463Q,A_K464R,A_T506V,A_H508K,A_K517L,A_I521D,A_K522Y,A_T525K,A_V528S,A_E563Q","4K71:A, B, C:B_H157A:PMID=24120761",-2.323430919647217
"4k71_A_T77S,A_L78N,A_E80A,A_Y82F,A_G83M,A_M85L,A_A86S,A_M416A,A_A418S,A_V422M,A_L461H,A_E463N,A_K464R,A_T465H,A_H508K,A_D510E,A_I521E,A_T525A,A_K562R_B, C_A",-10.982409477233887,-9.68785572052002,"A_T77S,A_L78N,A_E80A,A_Y82F,A_G83M,A_M85L,A_A86S,A_M416A,A_A418S,A_V422M,A_L461H,A_E463N,A_K464R,A_T465H,A_H508K,A_D510E,A_I521E,A_T525A,A_K562R","4K71:A, B, C:B_H157A:PMID=24120761",-1.2945537567138672
"4k71_A_T77S,A_L78N,A_E80R,A_T81V,A_E84R,A_M85L,A_M416F,A_A418S,A_T420R,A_L421G,A_V422I,A_K464R,A_N501D,A_T504R,A_A509C,A_D510S,A_Q520E,A_I521N,A_T525Q_B, C_A",-10.982409477233887,-9.07110652923584,"A_T77S,A_L78N,A_E80R,A_T81V,A_E84R,A_M85L,A_M416F,A_A418S,A_T420R,A_L421G,A_V422I,A_K464R,A_N501D,A_T504R,A_A509C,A_D510S,A_Q520E,A_I521N,A_T525Q","4K71:A, B, C:B_H157A:PMID=24120761",-1.9113029479980472
"4kro_C_D1E,C_T31S,C_N91D,C_N92Y,C_N93S,C_T96L,D_S53P,D_N56G,D_T100N,D_Y102F_A_C, D",-8.947722434997559,-9.514320182800294,"C_D1E,C_T31S,C_N91D,C_N92Y,C_N93S,C_T96L,D_S53P,D_N56G,D_T100N,D_Y102F","4KRO:A, C, D::PMID=TBD",0.5665977478027351
"4kro_C_D1G,C_S26M,C_Q27E,C_T31D,C_N91D,C_N92H,C_N93S,D_T30D,D_S53W,D_T100E_A_C, D",-8.947722434997559,-10.116735458374023,"C_D1G,C_S26M,C_Q27E,C_T31D,C_N91D,C_N92H,C_N93S,D_T30D,D_S53W,D_T100E","4KRO:A, C, D::PMID=TBD",1.1690130233764648
"4kro_C_D1I,C_T31E,C_N91I,C_N92C,D_T30N,D_N56S,D_T100Y,D_Y101P_A_C, D",-8.947722434997559,-9.920891380310058,"C_D1I,C_T31E,C_N91I,C_N92C,D_T30N,D_N56S,D_T100Y,D_Y101P","4KRO:A, C, D::PMID=TBD",0.9731689453124996
"4kro_C_D1N,C_Q27L,C_S28D,C_T31N,C_N91D,C_N92S,C_N93S,D_T30S,D_W52M,D_G54S,D_N56S,D_Y59S,D_T100N,D_D103G_A_C, D",-8.947722434997559,-9.669587326049804,"C_D1N,C_Q27L,C_S28D,C_T31N,C_N91D,C_N92S,C_N93S,D_T30S,D_W52M,D_G54S,D_N56S,D_Y59S,D_T100N,D_D103G","4KRO:A, C, D::PMID=TBD",0.7218648910522454
"4kro_C_D1T,C_S28D,C_T31K,C_N91K,C_N92I,C_N93L,C_T96A,D_I51W,D_N56S,D_T100S,D_Y101S,D_V218R_A_C, D",-8.947722434997559,-9.369169998168946,"C_D1T,C_S28D,C_T31K,C_N91K,C_N92I,C_N93L,C_T96A,D_I51W,D_N56S,D_T100S,D_Y101S,D_V218R","4KRO:A, C, D::PMID=TBD",0.42144756317138743
"4kro_C_S28D,C_T31S,C_N91A,C_N93S,D_T30S,D_N56S,D_T100E,D_D103G_A_C, D",-8.947722434997559,-9.510320663452148,"C_S28D,C_T31S,C_N91A,C_N93S,D_T30S,D_N56S,D_T100E,D_D103G","4KRO:A, C, D::PMID=TBD",0.5625982284545898
"4kro_C_T31S,C_N91C,C_N92S,C_N93S,C_W94D,C_T96P,D_T57A,D_T100Y_A_C, D",-8.947722434997559,-8.860570907592773,"C_T31S,C_N91C,C_N92S,C_N93S,C_W94D,C_T96P,D_T57A,D_T100Y","4KRO:A, C, D::PMID=TBD",-0.08715152740478516
"4kro_C_T31S,C_N92Y,C_N93S,C_R211I,D_T30F,D_N56F,D_T100D,D_D103E,D_V218T_A_C, D",-8.947722434997559,-10.409192657470703,"C_T31S,C_N92Y,C_N93S,C_R211I,D_T30F,D_N56F,D_T100D,D_D103E,D_V218T","4KRO:A, C, D::PMID=TBD",1.4614702224731442
"5hvf_B_N32D,B_A33S,B_K43Q,B_L47M,B_V48G,B_A50T,B_R51S,B_S56A,B_Q99A,B_D100N,B_G101D,B_W102S,B_L103N,B_Q105K,B_Y106F_A_B",-14.35500717163086,-9.775840568542481,"B_N32D,B_A33S,B_K43Q,B_L47M,B_V48G,B_A50T,B_R51S,B_S56A,B_Q99A,B_D100N,B_G101D,B_W102S,B_L103N,B_Q105K,B_Y106F","5HVF:A, B::PMID=27279497",-4.579166603088378
"5hvf_B_N32F,B_A33M,B_K43E,B_R45I,B_E46D,B_L47M,B_A49L,B_A50V,B_R51F,B_V54T,B_S56L,B_Q99T,B_G101L,B_W102G,B_L103V,B_Y106F_A_B",-14.35500717163086,-10.386544227600098,"B_N32F,B_A33M,B_K43E,B_R45I,B_E46D,B_L47M,B_A49L,B_A50V,B_R51F,B_V54T,B_S56L,B_Q99T,B_G101L,B_W102G,B_L103V,B_Y106F","5HVF:A, B::PMID=27279497",-3.9684629440307617
"5hvf_B_N32L,B_A33T,B_A50C,B_R51K,B_T52A,B_V54T,B_Q99M,B_D100F,B_G101K,B_W102G,B_L103S,B_Q105T,B_Y106F_A_B",-14.35500717163086,-10.651182746887207,"B_N32L,B_A33T,B_A50C,B_R51K,B_T52A,B_V54T,B_Q99M,B_D100F,B_G101K,B_W102G,B_L103S,B_Q105T,B_Y106F","5HVF:A, B::PMID=27279497",-3.7038244247436527
"5hvf_B_N32Y,B_A33W,B_V48T,B_R51A,B_V54T,B_S56N,B_A59D,B_Q99A,B_G101N,B_W102R,B_L103E,B_G104L,B_Q105T,B_Y106F_A_B",-14.35500717163086,-10.058191680908203,"B_N32Y,B_A33W,B_V48T,B_R51A,B_V54T,B_S56N,B_A59D,B_Q99A,B_G101N,B_W102R,B_L103E,B_G104L,B_Q105T,B_Y106F","5HVF:A, B::PMID=27279497",-4.296815490722656
"5hvf_B_P31E,B_N32Y,B_A33G,B_M34T,B_R45K,B_A49I,B_A50T,B_R51L,B_S56A,B_Q99A,B_D100N,B_G101I,B_W102N,B_L103D,B_Q105R,B_Y106F_A_B",-14.35500717163086,-9.927540016174316,"B_P31E,B_N32Y,B_A33G,B_M34T,B_R45K,B_A49I,B_A50T,B_R51L,B_S56A,B_Q99A,B_D100N,B_G101I,B_W102N,B_L103D,B_Q105R,B_Y106F","5HVF:A, B::PMID=27279497",-4.427467155456544
"5hvf_B_P31N,B_N32F,B_A33S,B_K43S,B_R45K,B_A50T,B_R51K,B_V54I,B_Y58H,B_A59W,B_W97I,B_Q99N,B_D100N,B_G101I,B_W102G,B_L103E,B_Q105I,B_Y106F_A_B",-14.35500717163086,-9.948656558990479,"B_P31N,B_N32F,B_A33S,B_K43S,B_R45K,B_A50T,B_R51K,B_V54I,B_Y58H,B_A59W,B_W97I,B_Q99N,B_D100N,B_G101I,B_W102G,B_L103E,B_Q105I,B_Y106F","5HVF:A, B::PMID=27279497",-4.406350612640381
"5hvf_B_S30I,B_P31V,B_N32W,B_A33T,B_K43S,B_R51E,B_T52D,B_N53L,B_V54T,B_Y58F,B_A96M,B_W97A,B_Q99G,B_D100N,B_G101N,B_W102S,B_L103E,B_G104L,B_Q105A,B_Y106F_A_B",-14.35500717163086,-9.20498628616333,"B_S30I,B_P31V,B_N32W,B_A33T,B_K43S,B_R51E,B_T52D,B_N53L,B_V54T,B_Y58F,B_A96M,B_W97A,B_Q99G,B_D100N,B_G101N,B_W102S,B_L103E,B_G104L,B_Q105A,B_Y106F","5HVF:A, B::PMID=27279497",-5.15002088546753
"5hvf_B_S30T,B_N32Y,B_A33G,B_K43D,B_E44C,B_A50T,B_R51K,B_S56A,B_T57V,B_Y58L,B_W97L,B_Q99A,B_G101N,B_W102D,B_L103N,B_G104Q,B_Q105R,B_Y106F_A_B",-14.35500717163086,-10.072434234619141,"B_S30T,B_N32Y,B_A33G,B_K43D,B_E44C,B_A50T,B_R51K,B_S56A,B_T57V,B_Y58L,B_W97L,B_Q99A,B_G101N,B_W102D,B_L103N,B_G104Q,B_Q105R,B_Y106F","5HVF:A, B::PMID=27279497",-4.282572937011718
"5m2o_A_D36N,A_T60Q,A_M62N,A_A66D,A_A71N,A_F72L,A_K73I,A_K78Q,A_E80N,A_H117Y,A_S119W,A_N120Y,A_S123F_B_A",-10.856902122497559,-9.654826164245605,"A_D36N,A_T60Q,A_M62N,A_A66D,A_A71N,A_F72L,A_K73I,A_K78Q,A_E80N,A_H117Y,A_S119W,A_N120Y,A_S123F","5M2O:A, B:A_N71A:PMID=28389644",-1.2020759582519531
"5m2o_A_M35A,A_T60E,A_M65L,A_A71N,A_K73I,A_D77E,A_K78I,A_E80T,A_E115K,A_H117Y,A_S119A,A_N120S,A_D121F_B_A",-10.856902122497559,-9.720802307128906,"A_M35A,A_T60E,A_M65L,A_A71N,A_K73I,A_D77E,A_K78I,A_E80T,A_E115K,A_H117Y,A_S119A,A_N120S,A_D121F","5M2O:A, B:A_N71A:PMID=28389644",-1.1360998153686523
"5m2o_A_M35A,A_T63A,A_A66G,A_I67F,A_G69E,A_A71N,A_K73T,A_D77S,A_K78S,A_E80W,A_E115T,A_H117Y,A_K118W,A_S119N,A_D121Y,A_G122K,A_S123N_B_A",-10.856902122497559,-10.547130012512207,"A_M35A,A_T63A,A_A66G,A_I67F,A_G69E,A_A71N,A_K73T,A_D77S,A_K78S,A_E80W,A_E115T,A_H117Y,A_K118W,A_S119N,A_D121Y,A_G122K,A_S123N","5M2O:A, B:A_N71A:PMID=28389644",-0.3097721099853512
"5m2o_A_M35E,A_V37F,A_T60I,A_V61I,A_T63G,A_A66L,A_I67T,A_A71N,A_F72L,A_K73I,A_D77Q,A_K78S,A_E80N,A_N114G,A_E115K,A_H117Y,A_S119D,A_N120S,A_D121T,A_S123D_B_A",-10.856902122497559,-9.891146278381347,"A_M35E,A_V37F,A_T60I,A_V61I,A_T63G,A_A66L,A_I67T,A_A71N,A_F72L,A_K73I,A_D77Q,A_K78S,A_E80N,A_N114G,A_E115K,A_H117Y,A_S119D,A_N120S,A_D121T,A_S123D","5M2O:A, B:A_N71A:PMID=28389644",-0.9657558441162113
"5m2o_A_M35L,A_V37I,A_T60K,A_T63V,A_A66S,A_A71N,A_K73V,A_D77S,A_K78N,A_E80N,A_E115K,A_H117Y,A_N120S_B_A",-10.856902122497559,-9.974647712707519,"A_M35L,A_V37I,A_T60K,A_T63V,A_A66S,A_A71N,A_K73V,A_D77S,A_K78N,A_E80N,A_E115K,A_H117Y,A_N120S","5M2O:A, B:A_N71A:PMID=28389644",-0.8822544097900398
"5m2o_A_S33A,A_T60D,A_M62W,A_A66S,A_A71N,A_K73I,A_L75H,A_D77S,A_K78S,A_E80N,A_E115K,A_H117Y_B_A",-10.856902122497559,-9.708551597595214,"A_S33A,A_T60D,A_M62W,A_A66S,A_A71N,A_K73I,A_L75H,A_D77S,A_K78S,A_E80N,A_E115K,A_H117Y","5M2O:A, B:A_N71A:PMID=28389644",-1.1483505249023445
"5m2o_A_T60Q,A_A71N,A_K73T,A_D77S,A_K78N,A_E80A,A_N114A,A_E115K,A_H117Y,A_S119T,A_N120D_B_A",-10.856902122497559,-10.025585174560547,"A_T60Q,A_A71N,A_K73T,A_D77S,A_K78N,A_E80A,A_N114A,A_E115K,A_H117Y,A_S119T,A_N120D","5M2O:A, B:A_N71A:PMID=28389644",-0.8313169479370117
"5m2o_A_V61I,A_A66S,A_I67S,A_G69S,A_A71N,A_K73T,A_D77S,A_K78S,A_E80N,A_E115A,A_H117Y,A_N120S_B_A",-10.856902122497559,-10.428788566589356,"A_V61I,A_A66S,A_I67S,A_G69S,A_A71N,A_K73T,A_D77S,A_K78S,A_E80N,A_E115A,A_H117Y,A_N120S","5M2O:A, B:A_N71A:PMID=28389644",-0.42811355590820277
"5myk_A_S94A,A_S96G,B_D31S,B_Y32F,B_F50S,B_N53S,B_L54R,B_A55S,B_Y56K,B_I58V,B_Y99W,B_D100H,B_Y101H,B_D102E,B_N103Y,B_I104D,B_L105R,B_D106W,B_Y107N_C_A, B",-12.283493995666504,-9.33765468597412,"A_S94A,A_S96G,B_D31S,B_Y32F,B_F50S,B_N53S,B_L54R,B_A55S,B_Y56K,B_I58V,B_Y99W,B_D100H,B_Y101H,B_D102E,B_N103Y,B_I104D,B_L105R,B_D106W,B_Y107N","5MYK:A, B, C::PMID=TBD",-2.945839309692383
"5myk_A_S94A,A_S96W,A_V99I,B_D31S,B_L54K,B_A55S,B_Y56L,B_S57Y,B_I58R,B_Y99A,B_D100W,B_Y101V,B_D102T,B_N103S,B_I104D,B_L105T,B_D106Y,B_Y107W_C_A, B",-12.283493995666504,-8.872051239013672,"A_S94A,A_S96W,A_V99I,B_D31S,B_L54K,B_A55S,B_Y56L,B_S57Y,B_I58R,B_Y99A,B_D100W,B_Y101V,B_D102T,B_N103S,B_I104D,B_L105T,B_D106Y,B_Y107W","5MYK:A, B, C::PMID=TBD",-3.411442756652832
"5myk_A_S94C,A_S96H,B_F29A,B_D31S,B_A49S,B_F50K,B_N53K,B_L54N,B_S57Y,B_I58V,B_Y99E,B_D100F,B_D102S,B_N103S,B_I104N,B_L105Y_C_A, B",-12.283493995666504,-9.379544448852538,"A_S94C,A_S96H,B_F29A,B_D31S,B_A49S,B_F50K,B_N53K,B_L54N,B_S57Y,B_I58V,B_Y99E,B_D100F,B_D102S,B_N103S,B_I104N,B_L105Y","5MYK:A, B, C::PMID=TBD",-2.9039495468139656
"5myk_A_S94L,A_S96T,A_H98F,A_V99F,B_S30A,B_Y32L,B_A49S,B_S52A,B_L54K,B_A55D,B_Y56R,B_I58R,B_Y99E,B_D100G,B_Y101H,B_D102V,B_I104N,B_L105V,B_D106Y,B_Y107D_C_A, B",-12.283493995666504,-8.977317237854004,"A_S94L,A_S96T,A_H98F,A_V99F,B_S30A,B_Y32L,B_A49S,B_S52A,B_L54K,B_A55D,B_Y56R,B_I58R,B_Y99E,B_D100G,B_Y101H,B_D102V,B_I104N,B_L105V,B_D106Y,B_Y107D","5MYK:A, B, C::PMID=TBD",-3.3061767578124996
"5myk_A_S94T,A_V99F,B_D31S,B_A49S,B_L54K,B_Y56S,B_S57F,B_I58Y,B_Y99W,B_D100H,B_Y101Q,B_D102V,B_N103Y,B_I104A,B_L105G,B_D106Y,B_Y107D,B_K222V_C_A, B",-12.283493995666504,-9.419000625610352,"A_S94T,A_V99F,B_D31S,B_A49S,B_L54K,B_Y56S,B_S57F,B_I58Y,B_Y99W,B_D100H,B_Y101Q,B_D102V,B_N103Y,B_I104A,B_L105G,B_D106Y,B_Y107D,B_K222V","5MYK:A, B, C::PMID=TBD",-2.8644933700561523
"5myk_A_S94Y,A_S96N,A_T97H,A_H98Y,B_N53Y,B_L54K,B_Y56P,B_I58V,B_Y99C,B_D100W,B_Y101K,B_D102N,B_I104K,B_L105T,B_D106Y,B_Y107A_C_A, B",-12.283493995666504,-8.877723503112794,"A_S94Y,A_S96N,A_T97H,A_H98Y,B_N53Y,B_L54K,B_Y56P,B_I58V,B_Y99C,B_D100W,B_Y101K,B_D102N,B_I104K,B_L105T,B_D106Y,B_Y107A","5MYK:A, B, C::PMID=TBD",-3.4057704925537102
"5myk_A_V30L,A_S94H,A_S96A,A_V99T,B_S30Q,B_D31N,B_A49S,B_L54K,B_Y56G,B_S57T,B_R98T,B_Y99W,B_D100R,B_Y101H,B_D102I,B_N103D,B_I104S,B_L105T,B_D106Y_C_A, B",-12.283493995666504,-9.334765434265137,"A_V30L,A_S94H,A_S96A,A_V99T,B_S30Q,B_D31N,B_A49S,B_L54K,B_Y56G,B_S57T,B_R98T,B_Y99W,B_D100R,B_Y101H,B_D102I,B_N103D,B_I104S,B_L105T,B_D106Y","5MYK:A, B, C::PMID=TBD",-2.948728561401367
"5myk_A_V30S,A_S94V,A_S96N,B_Y32F,B_A49I,B_L54K,B_Y56K,B_S57A,B_Y99W,B_D100A,B_Y101H,B_N103S,B_I104S,B_L105V,B_D106Y,B_K222A_C_A, B",-12.283493995666504,-9.221026992797851,"A_V30S,A_S94V,A_S96N,B_Y32F,B_A49I,B_L54K,B_Y56K,B_S57A,B_Y99W,B_D100A,B_Y101H,B_N103S,B_I104S,B_L105V,B_D106Y,B_K222A","5MYK:A, B, C::PMID=TBD",-3.0624670028686527
"6a78_H_A47V,H_G54S,H_S55K,H_R101S,H_P102V,L_N28D,L_G31S,L_S93T_A_H, L",-9.032998085021973,-10.439712524414062,"H_A47V,H_G54S,H_S55K,H_R101S,H_P102V,L_N28D,L_G31S,L_S93T","6A78:A, H, L::PMID=30595454",1.4067144393920898
"6a78_H_I49S,H_S55Y,H_T56K,H_R101D,L_N28D,L_G31N,L_N90S,L_S93K_A_H, L",-9.032998085021973,-9.853856086730957,"H_I49S,H_S55Y,H_T56K,H_R101D,L_N28D,L_G31N,L_N90S,L_S93K","6A78:A, H, L::PMID=30595454",0.8208580017089844
"6a78_H_R101E,L_N28D,L_S93E_A_H, L",-9.032998085021973,-10.055552101135254,"H_R101E,L_N28D,L_S93E","6A78:A, H, L::PMID=30595454",1.022554016113281
"6a78_H_S55A,H_T56K,H_R101G,H_Y104F,L_E27K,L_N28D,L_G31W,L_S67R,L_N90P,L_S93E_A_H, L",-9.032998085021973,-9.520253562927246,"H_S55A,H_T56K,H_R101G,H_Y104F,L_E27K,L_N28D,L_G31W,L_S67R,L_N90P,L_S93E","6A78:A, H, L::PMID=30595454",0.4872554779052738
"6a78_H_T48G,H_S55N,H_L100I,H_R101Y,H_P102C,L_E27S,L_G31N,L_L92W,L_S93E_A_H, L",-9.032998085021973,-10.064864540100098,"H_T48G,H_S55N,H_L100I,H_R101Y,H_P102C,L_E27S,L_G31N,L_L92W,L_S93E","6A78:A, H, L::PMID=30595454",1.0318664550781254
"6a78_H_T48K,H_G54S,H_S55Y,H_T56V,H_R101N,H_Y104H,L_Y30W,L_G66K,L_N90S,L_V91M,L_S93Q,L_P95Q_A_H, L",-9.032998085021973,-9.318630599975586,"H_T48K,H_G54S,H_S55Y,H_T56V,H_R101N,H_Y104H,L_Y30W,L_G66K,L_N90S,L_V91M,L_S93Q,L_P95Q","6A78:A, H, L::PMID=30595454",0.28563251495361364
"6a78_H_T48P,H_S55I,H_R101V,L_E27Q,L_I29P,L_G31S,L_S93Q_A_H, L",-9.032998085021973,-9.927285385131835,"H_T48P,H_S55I,H_R101V,L_E27Q,L_I29P,L_G31S,L_S93Q","6A78:A, H, L::PMID=30595454",0.8942873001098626
"6a78_H_T48R,H_S55Y,H_L100T,H_R101V,H_Y104Q,L_E27Q,L_N28S,L_G31N,L_S93T_A_H, L",-9.032998085021973,-9.025442314147949,"H_T48R,H_S55Y,H_L100T,H_R101V,H_Y104Q,L_E27Q,L_N28S,L_G31N,L_S93T","6A78:A, H, L::PMID=30595454",-0.007555770874024148
"6cwt_C_I54V,C_N56Y,C_A98S,C_R99F,C_T100R,C_R101N,C_V103Y,D_S29Q,D_G31Y,D_N32S,D_A33S,D_S50R,D_A51S,D_G52A,D_S53R,D_N54V,D_R64M,D_T92S,D_Y93R,D_S94N,D_A95V,D_I96K_F_C, D",-15.959397315979004,-10.62631778717041,"C_I54V,C_N56Y,C_A98S,C_R99F,C_T100R,C_R101N,C_V103Y,D_S29Q,D_G31Y,D_N32S,D_A33S,D_S50R,D_A51S,D_G52A,D_S53R,D_N54V,D_R64M,D_T92S,D_Y93R,D_S94N,D_A95V,D_I96K","6CWT:C, D, F::PMID=TBD",-5.333079528808593
"6cwt_C_V49I,C_E50H,C_I52L,C_I54R,C_N56S,C_R99C,C_T100S,C_R101S,C_V103E,D_I49T,D_S50T,D_G52S,D_S53G,D_N54M,D_L55S,D_R64V,D_T92S,D_Y93W,D_S94T,D_A95N,D_I96A_F_C, D",-15.959397315979004,-11.533367538452149,"C_V49I,C_E50H,C_I52L,C_I54R,C_N56S,C_R99C,C_T100S,C_R101S,C_V103E,D_I49T,D_S50T,D_G52S,D_S53G,D_N54M,D_L55S,D_R64V,D_T92S,D_Y93W,D_S94T,D_A95N,D_I96A","6CWT:C, D, F::PMID=TBD",-4.426029777526855
"6cwt_C_V49I,C_Y51F,C_I54F,C_I55V,C_N56S,C_A98S,C_T100S,C_R101L,C_V103K,D_S29A,D_A33T,D_I49Q,D_S50R,D_A51S,D_S53G,D_N54I,D_L55K,D_R64S,D_S68N,D_T92S,D_Y93W,D_S94R,D_A95Y,D_I96T_F_C, D",-15.959397315979004,-10.410840034484863,"C_V49I,C_Y51F,C_I54F,C_I55V,C_N56S,C_A98S,C_T100S,C_R101L,C_V103K,D_S29A,D_A33T,D_I49Q,D_S50R,D_A51S,D_S53G,D_N54I,D_L55K,D_R64S,D_S68N,D_T92S,D_Y93W,D_S94R,D_A95Y,D_I96T","6CWT:C, D, F::PMID=TBD",-5.548557281494141
"6cwt_C_V49L,C_E50D,C_Y51W,C_I52L,C_I54V,C_N56Q,C_R99S,C_T100S,C_R101T,C_V103K,C_H218Y,D_G31F,D_N32G,D_A33S,D_I49T,D_S50R,D_A51S,D_G52R,D_S53G,D_N54S,D_S66G,D_T92A,D_Y93T,D_S94G,D_A95Y,D_I96E_F_C, D",-15.959397315979004,-10.433724212646485,"C_V49L,C_E50D,C_Y51W,C_I52L,C_I54V,C_N56Q,C_R99S,C_T100S,C_R101T,C_V103K,C_H218Y,D_G31F,D_N32G,D_A33S,D_I49T,D_S50R,D_A51S,D_G52R,D_S53G,D_N54S,D_S66G,D_T92A,D_Y93T,D_S94G,D_A95Y,D_I96E","6CWT:C, D, F::PMID=TBD",-5.525673103332519
"6cwt_C_V49L,C_E50Q,C_I52L,C_I54V,C_N56S,C_R99T,C_T100S,C_R101Q,C_V103I,D_G31Y,D_N32S,D_A33S,D_I49V,D_S50R,D_A51N,D_G52L,D_S53G,D_N54A,D_L55Y,D_R64V,D_S66G,D_G67E,D_T92Q,D_Y93W,D_S94N,D_A95N,D_I96L_F_C, D",-15.959397315979004,-10.112830543518067,"C_V49L,C_E50Q,C_I52L,C_I54V,C_N56S,C_R99T,C_T100S,C_R101Q,C_V103I,D_G31Y,D_N32S,D_A33S,D_I49V,D_S50R,D_A51N,D_G52L,D_S53G,D_N54A,D_L55Y,D_R64V,D_S66G,D_G67E,D_T92Q,D_Y93W,D_S94N,D_A95N,D_I96L","6CWT:C, D, F::PMID=TBD",-5.846566772460937
"6cwt_C_V49L,C_I54T,C_N56S,C_A98S,C_R99Q,C_T100S,C_V103F,D_G31Y,D_S50R,D_A51S,D_G52S,D_S53T,D_N54V,D_R64V,D_S66G,D_S68T,D_Y93L,D_S94N,D_A95Y,D_I96F_F_C, D",-15.959397315979004,-11.316536712646485,"C_V49L,C_I54T,C_N56S,C_A98S,C_R99Q,C_T100S,C_V103F,D_G31Y,D_S50R,D_A51S,D_G52S,D_S53T,D_N54V,D_R64V,D_S66G,D_S68T,D_Y93L,D_S94N,D_A95Y,D_I96F","6CWT:C, D, F::PMID=TBD",-4.642860603332519
"6cwt_C_V49L,C_N56S,C_A98S,C_R99D,C_T100E,C_R101V,C_V103T,D_A33S,D_I49K,D_S50R,D_A51S,D_S53T,D_N54Q,D_L55A,D_S66V,D_T92C,D_A95V,D_I96V_F_C, D",-15.959397315979004,-10.997015762329102,"C_V49L,C_N56S,C_A98S,C_R99D,C_T100E,C_R101V,C_V103T,D_A33S,D_I49K,D_S50R,D_A51S,D_S53T,D_N54Q,D_L55A,D_S66V,D_T92C,D_A95V,D_I96V","6CWT:C, D, F::PMID=TBD",-4.962381553649902
"6cwt_C_V49L,C_Y51F,C_I52L,C_I54R,C_I55V,C_N56S,C_R99Q,C_T100S,C_R101T,C_V103E,D_G31E,D_N32G,D_A33S,D_I49T,D_S50R,D_A51S,D_G52Y,D_S53Y,D_N54T,D_R64Y,D_T92R,D_Y93W,D_S94T,D_I96Q_F_C, D",-15.959397315979004,-10.950406265258788,"C_V49L,C_Y51F,C_I52L,C_I54R,C_I55V,C_N56S,C_R99Q,C_T100S,C_R101T,C_V103E,D_G31E,D_N32G,D_A33S,D_I49T,D_S50R,D_A51S,D_G52Y,D_S53Y,D_N54T,D_R64Y,D_T92R,D_Y93W,D_S94T,D_I96Q","6CWT:C, D, F::PMID=TBD",-5.0089910507202156
"6har_E_A9E,E_C17A,E_P32T,E_C34S_A_E",-13.934557914733887,-11.120791816711426,"E_A9E,E_C17A,E_P32T,E_C34S","6HAR:A, E::PMID=30700553",-2.8137660980224606
6har_E_A9H_A_E,-13.934557914733887,-11.651310920715332,E_A9H,"6HAR:A, E::PMID=30700553",-2.2832469940185547
"6har_E_A9K,E_E10S,E_P32V_A_E",-13.934557914733887,-11.066903495788575,"E_A9K,E_E10S,E_P32V","6HAR:A, E::PMID=30700553",-2.867654418945312
"6har_E_A9K,E_R15K,E_C17H,E_F18G_A_E",-13.934557914733887,-10.940881538391114,"E_A9K,E_R15K,E_C17H,E_F18G","6HAR:A, E::PMID=30700553",-2.9936763763427727
"6har_E_A9P,E_C17G,E_F18I,E_P32Q,E_C34L,E_G37H_A_E",-13.934557914733887,-10.2736967086792,"E_A9P,E_C17G,E_F18I,E_P32Q,E_C34L,E_G37H","6HAR:A, E::PMID=30700553",-3.660861206054687
"6har_E_A9Q,E_E10D_A_E",-13.934557914733887,-10.879672241210937,"E_A9Q,E_E10D","6HAR:A, E::PMID=30700553",-3.05488567352295
"6har_E_A9S,E_A16V,E_G36L_A_E",-13.934557914733887,-9.88359203338623,"E_A9S,E_A16V,E_G36L","6HAR:A, E::PMID=30700553",-4.050965881347656
"6har_E_T11S,E_A16T,E_C17A,E_F18E,E_P32D,E_C34Y_A_E",-13.934557914733887,-10.267376136779784,"E_T11S,E_A16T,E_C17A,E_F18E,E_P32D,E_C34Y","6HAR:A, E::PMID=30700553",-3.6671817779541023
"6ous_W_D30N,W_G101L,W_A102D,W_Y104M,W_G106S,W_N107R,W_S108A,W_Y111F,X_V29I,X_R30Q,X_F49Y,X_D50T,X_S53Q,X_L54R,X_E55Q_K, L_W, X",-14.538759231567383,-9.631418418884277,"W_D30N,W_G101L,W_A102D,W_Y104M,W_G106S,W_N107R,W_S108A,W_Y111F,X_V29I,X_R30Q,X_F49Y,X_D50T,X_S53Q,X_L54R,X_E55Q","6OUS:K, L, W, X::PMID=31515478",-4.907340812683106
"6ous_W_D30R,W_G101A,W_A102H,W_P103D,W_Y104W,W_G106N,W_N107L,W_S108A,W_Y110F,W_Y111F,X_V29I,X_R30Q,X_F49Y,X_D50N,X_S53K,X_L54R,X_E55A,X_T56L,X_S67N_K, L_W, X",-14.538759231567383,-9.830045318603515,"W_D30R,W_G101A,W_A102H,W_P103D,W_Y104W,W_G106N,W_N107L,W_S108A,W_Y110F,W_Y111F,X_V29I,X_R30Q,X_F49Y,X_D50N,X_S53K,X_L54R,X_E55A,X_T56L,X_S67N","6OUS:K, L, W, X::PMID=31515478",-4.7087139129638675
"6ous_W_D30S,W_G101L,W_A102Q,W_Y104W,W_G106S,W_N107Q,W_S108G,W_Y110F,X_D28Q,X_V29I,X_R30S,X_F49Y,X_S53K,X_L54R,X_T56N,X_F91W_K, L_W, X",-14.538759231567383,-10.579825592041015,"W_D30S,W_G101L,W_A102Q,W_Y104W,W_G106S,W_N107Q,W_S108G,W_Y110F,X_D28Q,X_V29I,X_R30S,X_F49Y,X_S53K,X_L54R,X_T56N,X_F91W","6OUS:K, L, W, X::PMID=31515478",-3.958933639526368
"6ous_W_D30T,W_G101L,W_A102K,W_Y104W,W_G106L,W_N107E,W_S108P,W_D109L,W_Y110S,X_V29I,X_R30K,X_F49Y,X_S53N,X_L54R,X_E55F,X_T56L_K, L_W, X",-14.538759231567383,-10.070509338378907,"W_D30T,W_G101L,W_A102K,W_Y104W,W_G106L,W_N107E,W_S108P,W_D109L,W_Y110S,X_V29I,X_R30K,X_F49Y,X_S53N,X_L54R,X_E55F,X_T56L","6OUS:K, L, W, X::PMID=31515478",-4.468249893188476
"6ous_W_F27M,W_D30S,W_G101A,W_A102H,W_Y104Q,W_G106S,W_N107R,W_S108A,W_Y110F,X_V29I,X_R30Q,X_F49Y,X_D50A,X_S53T,X_L54R,X_T56Q_K, L_W, X",-14.538759231567383,-9.482608222961426,"W_F27M,W_D30S,W_G101A,W_A102H,W_Y104Q,W_G106S,W_N107R,W_S108A,W_Y110F,X_V29I,X_R30Q,X_F49Y,X_D50A,X_S53T,X_L54R,X_T56Q","6OUS:K, L, W, X::PMID=31515478",-5.056151008605957
"6ous_W_F27T,W_D30C,W_G101A,W_P103S,W_Y104M,W_G106S,W_N107K,W_Y110S,X_D28N,X_V29I,X_R30K,X_F49Y,X_S53D,X_T56Q,X_F91S_K, L_W, X",-14.538759231567383,-10.395495986938476,"W_F27T,W_D30C,W_G101A,W_P103S,W_Y104M,W_G106S,W_N107K,W_Y110S,X_D28N,X_V29I,X_R30K,X_F49Y,X_S53D,X_T56Q,X_F91S","6OUS:K, L, W, X::PMID=31515478",-4.143263244628907
"6ous_W_F27Y,W_D30K,W_G101D,W_A102M,W_P103G,W_Y104W,W_G106S,W_N107W,W_S108A,W_Y110R,W_Y111Q,X_D28N,X_V29I,X_R30L,X_F49Y,X_S52N,X_S53N,X_E55S,X_T56N_K, L_W, X",-14.538759231567383,-9.906731796264648,"W_F27Y,W_D30K,W_G101D,W_A102M,W_P103G,W_Y104W,W_G106S,W_N107W,W_S108A,W_Y110R,W_Y111Q,X_D28N,X_V29I,X_R30L,X_F49Y,X_S52N,X_S53N,X_E55S,X_T56N","6OUS:K, L, W, X::PMID=31515478",-4.632027435302735
"6ous_W_G26C,W_D30K,W_G101A,W_A102M,W_Y104W,W_G106S,W_N107Q,W_S108A,W_Y110K,X_V29I,X_R30S,X_F49S,X_D50N,X_S53Q,X_L54K,X_E55V,X_T56S,X_F91Q_K, L_W, X",-14.538759231567383,-10.004257774353027,"W_G26C,W_D30K,W_G101A,W_A102M,W_Y104W,W_G106S,W_N107Q,W_S108A,W_Y110K,X_V29I,X_R30S,X_F49S,X_D50N,X_S53Q,X_L54K,X_E55V,X_T56S,X_F91Q","6OUS:K, L, W, X::PMID=31515478",-4.534501457214356
"1bd2_A_D61K,A_K146T,A_H151R_D, E_A, C",-5.143359184265137,-7.355256843566894,"A_D61K,A_K146T,A_H151R","1BD2:A, C, D, E:C_Y8A:PMID=23736024",2.2118976593017576
"1bd2_A_E58D,A_A149Y,A_R157C,A_E161Q_D, E_A, C",-5.143359184265137,-7.540717124938965,"A_E58D,A_A149Y,A_R157C,A_E161Q","1BD2:A, C, D, E:C_Y8A:PMID=23736024",2.397357940673828
"1bd2_A_E58N,A_G62E,A_A158I_D, E_A, C",-5.143359184265137,-6.8467381477355955,"A_E58N,A_G62E,A_A158I","1BD2:A, C, D, E:C_Y8A:PMID=23736024",1.7033789634704588
"1bd2_A_G62N,A_A150Y_D, E_A, C",-5.143359184265137,-6.825764942169189,"A_G62N,A_A150Y","1BD2:A, C, D, E:C_Y8A:PMID=23736024",1.6824057579040526
"1bd2_A_P57K,A_V67A,A_K68R_D, E_A, C",-5.143359184265137,-6.687991523742676,"A_P57K,A_V67A,A_K68R","1BD2:A, C, D, E:C_Y8A:PMID=23736024",1.5446323394775394
"1bd2_A_T64G,A_H145T_D, E_A, C",-5.143359184265137,-7.208665180206299,"A_T64G,A_H145T","1BD2:A, C, D, E:C_Y8A:PMID=23736024",2.065305995941162
"1bd2_A_V67L,A_K68A,A_A149K,A_H151T,A_A153N,A_A158H_D, E_A, C",-5.143359184265137,-6.872225284576416,"A_V67L,A_K68A,A_A149K,A_H151T,A_A153N,A_A158H","1BD2:A, C, D, E:C_Y8A:PMID=23736024",1.7288661003112793
"1bd2_A_Y159W,A_E166D_D, E_A, C",-5.143359184265137,-6.412453556060791,"A_Y159W,A_E166D","1BD2:A, C, D, E:C_Y8A:PMID=23736024",1.2690943717956547
"1c1y_A_D33E,A_P34A,A_E37N_B_A",-6.169980525970459,-7.245647144317627,"A_D33E,A_P34A,A_E37N","1C1Y:A, B:B_R5A:PMID=15236966",1.0756666183471681
"1c1y_A_L19I,A_V21I,A_G26N,A_I27T,A_E54Q_B_A",-5.324482440948486,-7.372904300689697,"A_L19I,A_V21I,A_G26N,A_I27T,A_E54Q","1C1Y:A, B:B_N10D, B_R5A:PMID=15236966",2.048421859741211
"1c1y_A_L19M,A_V21I,A_R41S,A_E54Y,A_I55K_B_A",-5.324482440948486,-7.2754570007324215,"A_L19M,A_V21I,A_R41S,A_E54Y,A_I55K","1C1Y:A, B:B_N10D, B_R5A:PMID=15236966",1.9509745597839352
"1c1y_A_T20D,A_V21I,A_I27V,A_E37D_B_A",-6.169980525970459,-6.486903476715088,"A_T20D,A_V21I,A_I27V,A_E37D","1C1Y:A, B:B_R5A:PMID=15236966",0.31692295074462873
"1c1y_A_V21I,A_F23A,A_V24W,A_I27T,A_D33V,A_P34A,A_E37I,A_Y40F,A_E54N_B_A",-5.324482440948486,-7.1633620262146,"A_V21I,A_F23A,A_V24W,A_I27T,A_D33V,A_P34A,A_E37I,A_Y40F,A_E54N","1C1Y:A, B:B_N10D, B_R5A:PMID=15236966",1.8388795852661133
"1c1y_A_V21I,A_F23Y,A_G26S,A_L56R_B_A",-6.169980525970459,-7.084413623809814,"A_V21I,A_F23Y,A_G26S,A_L56R","1C1Y:A, B:B_R5A:PMID=15236966",0.9144330978393551
"1c1y_A_V21I,A_F28Y,A_P34E_B_A",-6.169980525970459,-7.939959621429443,"A_V21I,A_F28Y,A_P34E","1C1Y:A, B:B_R5A:PMID=15236966",1.769979095458984
"1c1y_A_V21I,A_F28Y,A_T35R,A_E37Q,A_S39R_B_A",-5.324482440948486,-6.637095355987549,"A_V21I,A_F28Y,A_T35R,A_E37Q,A_S39R","1C1Y:A, B:B_N10D, B_R5A:PMID=15236966",1.3126129150390629
"1c1y_A_V21I,A_G26D,A_R41M,A_E54A_B_A",-6.169980525970459,-7.208865356445313,"A_V21I,A_G26D,A_R41M,A_E54A","1C1Y:A, B:B_R5A:PMID=15236966",1.0388848304748537
"1c1y_A_V21I,A_G26Q,A_E37D,A_Y40F,A_E54K,A_I55M_B_A",-6.169980525970459,-6.558857727050781,"A_V21I,A_G26Q,A_E37D,A_Y40F,A_E54K,A_I55M","1C1Y:A, B:B_R5A:PMID=15236966",0.3888772010803221
"1c1y_A_V21I,A_P34S,A_E37D,A_D38V,A_L56T_B_A",-6.169980525970459,-6.107413291931152,"A_V21I,A_P34S,A_E37D,A_D38V,A_L56T","1C1Y:A, B:B_R5A:PMID=15236966",-0.06256723403930664
"1c1y_A_V21I,A_V24C,A_G26N,A_D33A,A_E37Y,A_E54H_B_A",-5.324482440948486,-6.889959716796875,"A_V21I,A_V24C,A_G26N,A_D33A,A_E37Y,A_E54H","1C1Y:A, B:B_N10D, B_R5A:PMID=15236966",1.565477275848389
"1c1y_A_V21I,A_V24T,A_D33T,A_R41T,A_E54S_B_A",-5.324482440948486,-7.28766393661499,"A_V21I,A_V24T,A_D33T,A_R41T,A_E54S","1C1Y:A, B:B_N10D, B_R5A:PMID=15236966",1.963181495666504
"1c1y_A_V21I,A_V24T,A_E54H_B_A",-6.169980525970459,-7.161765003204346,"A_V21I,A_V24T,A_E54H","1C1Y:A, B:B_R5A:PMID=15236966",0.9917844772338871
"1c1y_A_V21I,A_Y32F,A_P34W_B_A",-5.324482440948486,-7.3852275848388675,"A_V21I,A_Y32F,A_P34W","1C1Y:A, B:B_N10D, B_R5A:PMID=15236966",2.060745143890381
"1c1y_A_V24I,A_G26D,A_I27T,A_D38L,A_E54K_B_A",-5.324482440948486,-7.090622329711914,"A_V24I,A_G26D,A_I27T,A_D38L,A_E54K","1C1Y:A, B:B_N10D, B_R5A:PMID=15236966",1.766139888763428
"1cho_F_C27A,F_C43T,G_S69L_I_E, F, G",-12.770702362060547,-12.779872131347656,"F_C27A,F_C43T,G_S69L","1CHO:E, F, G, I:I_R18M:PMID=11171964",0.009169769287108664
"1cho_F_F24N,F_A41W,F_R130H,G_N2H,G_V65N,G_S66L,G_G78K,G_N97F_I_E, F, G",-11.7046480178833,-12.067450904846192,"F_F24N,F_A41W,F_R130H,G_N2H,G_V65N,G_S66L,G_G78K,G_N97F","1CHO:E, F, G, I:I_T14Q:PMID=11171964",0.362802886962891
"1cho_F_F24N,F_T83H,F_R130S,G_W67I_I_E, F, G",-11.7046480178833,-13.139768028259278,"F_F24N,F_T83H,F_R130S,G_W67I","1CHO:E, F, G, I:I_T14Q:PMID=11171964",1.435120010375977
"1cho_F_G23M,F_F24Y,G_Y23M,G_D46P_I_E, F, G",-11.7046480178833,-11.722506523132324,"F_G23M,F_F24Y,G_Y23M,G_D46P","1CHO:E, F, G, I:I_T14Q:PMID=11171964",0.017858505249023438
"1cho_F_G23Q,F_H42V,F_R130F,G_N2A,G_T26S,G_I64V,G_S69L_I_E, F, G",-12.770702362060547,-13.205396842956542,"F_G23Q,F_H42V,F_R130F,G_N2A,G_T26S,G_I64V,G_S69L","1CHO:E, F, G, I:I_R18M:PMID=11171964",0.4346944808959954
"1cho_F_G23T,F_F26H,G_S42A,G_W67F,G_S69G,G_T71W_I_E, F, G",-11.7046480178833,-12.709502220153809,"F_G23T,F_F26H,G_S42A,G_W67F,G_S69G,G_T71W","1CHO:E, F, G, I:I_T14Q:PMID=11171964",1.0048542022705078
"1cho_F_Q19E,F_C27G,F_C43I,G_T26E,G_S42K,G_G45S,G_S66W_I_E, F, G",-12.770702362060547,-11.88285789489746,"F_Q19E,F_C27G,F_C43I,G_T26E,G_S42K,G_G45S,G_S66W","1CHO:E, F, G, I:I_R18M:PMID=11171964",-0.8878444671630863
"1cho_F_Q19W,F_C27M,G_S42R,G_S47A,G_S70L_I_E, F, G",-12.770702362060547,-10.811975288391114,"F_Q19W,F_C27M,G_S42R,G_S47A,G_S70L","1CHO:E, F, G, I:I_R18M:PMID=11171964",-1.9587270736694329
"1cho_F_T39C,G_T26E,G_D46V,G_G68R_I_E, F, G",-12.770702362060547,-12.161166381835937,"F_T39C,G_T26E,G_D46V,G_G68R","1CHO:E, F, G, I:I_R18M:PMID=11171964",-0.6095359802246101
"1cho_F_T39D,F_W126K,G_N2H_I_E, F, G",-12.770702362060547,-13.107453727722168,"F_T39D,F_W126K,G_N2H","1CHO:E, F, G, I:I_R18M:PMID=11171964",0.33675136566162145
"1cho_F_T83S,G_N2H,G_T26I,G_S42T,G_C43Q_I_E, F, G",-11.7046480178833,-13.31741123199463,"F_T83S,G_N2H,G_T26I,G_S42T,G_C43Q","1CHO:E, F, G, I:I_T14Q:PMID=11171964",1.6127632141113288
"1cho_G_N2A,G_T26D,G_G78F_I_E, F, G",-12.770702362060547,-12.567939758300781,"G_N2A,G_T26D,G_G78F","1CHO:E, F, G, I:I_R18M:PMID=11171964",-0.20276260375976562
"1cho_G_S42K,G_S69L_I_E, F, G",-12.770702362060547,-12.901183319091796,"G_S42K,G_S69L","1CHO:E, F, G, I:I_R18M:PMID=11171964",0.1304809570312493
"1cho_G_S47Q_I_E, F, G",-11.7046480178833,-11.592747688293457,G_S47Q,"1CHO:E, F, G, I:I_T14Q:PMID=11171964",-0.11190032958984375
"1cho_G_Y23K,G_V65E,G_G78R_I_E, F, G",-11.7046480178833,-11.528476905822753,"G_Y23K,G_V65E,G_G78R","1CHO:E, F, G, I:I_T14Q:PMID=11171964",-0.17617111206054759
"1cho_G_Y23L,G_I64S_I_E, F, G",-11.7046480178833,-13.54988136291504,"G_Y23L,G_I64S","1CHO:E, F, G, I:I_T14Q:PMID=11171964",1.8452333450317386
"1dan_H_L121Q,L_K48C,L_I52F,L_G88E,L_D97A_T, U_H, L",-12.74930191040039,-11.8632417678833,"H_L121Q,L_K48C,L_I52F,L_G88E,L_D97A","1DAN:H, L, T, U:T_K15A, T_T55A:PMID=7756258",-0.8860601425170902
"1dan_H_M154L,L_K24W,L_F33P,L_I40V,L_K72L,L_A85D,L_N90T,L_N103A_T, U_H, L",-12.74930191040039,-11.441405868530273,"H_M154L,L_K24W,L_F33P,L_I40V,L_K72L,L_A85D,L_N90T,L_N103A","1DAN:H, L, T, U:T_K15A, T_T55A:PMID=7756258",-1.3078960418701175
"1dan_H_R119K,H_M154E,L_I40E,L_K48A,L_Q74R,L_F81E,L_D97S_T, U_H, L",-12.74930191040039,-10.631359481811524,"H_R119K,H_M154E,L_I40E,L_K48A,L_Q74R,L_F81E,L_D97S","1DAN:H, L, T, U:T_K15A, T_T55A:PMID=7756258",-2.117942428588867
"1dan_H_R119N,H_T155A,L_I52V,L_L83M,L_E92W,L_D97A,L_V102K_T, U_H, L",-12.74930191040039,-12.879551887512207,"H_R119N,H_T155A,L_I52V,L_L83M,L_E92W,L_D97A,L_V102K","1DAN:H, L, T, U:T_K15A, T_T55A:PMID=7756258",0.1302499771118164
"1dan_H_R119S,H_Q156R,L_K48R,L_S77T,L_I79Y,L_D97E_T, U_H, L",-12.74930191040039,-12.053032302856446,"H_R119S,H_Q156R,L_K48R,L_S77T,L_I79Y,L_D97E","1DAN:H, L, T, U:T_K15A, T_T55A:PMID=7756258",-0.696269607543945
"1dan_H_S117D,H_T120A,H_L121R,L_L17F,L_S53N,L_K72L,L_S77R,L_V102L_T, U_H, L",-12.74930191040039,-10.6241060256958,"H_S117D,H_T120A,H_L121R,L_L17F,L_S53N,L_K72L,L_S77R,L_V102L","1DAN:H, L, T, U:T_K15A, T_T55A:PMID=7756258",-2.12519588470459
"1dan_H_T120L,H_F123Y,H_Q156R,L_R46W,L_I79V,L_A85S,L_N90A_T, U_H, L",-12.74930191040039,-12.383957672119141,"H_T120L,H_F123Y,H_Q156R,L_R46W,L_I79V,L_A85S,L_N90A","1DAN:H, L, T, U:T_K15A, T_T55A:PMID=7756258",-0.3653442382812493
"1dan_H_V150F,H_T155D,L_L5H,L_K42V,L_A44I,L_K48A,L_K72V,L_F81V,L_A85G,L_E92A_T, U_H, L",-12.74930191040039,-11.804212951660157,"H_V150F,H_T155D,L_L5H,L_K42V,L_A44I,L_K48A,L_K72V,L_F81V,L_A85G,L_E92A","1DAN:H, L, T, U:T_K15A, T_T55A:PMID=7756258",-0.945088958740234
"1dvf_A_I29L,A_F91I,A_W92Q,B_S28V,B_L29E,B_Y32F,B_N56Y_C, D_A, B",-9.238321304321289,-9.694557380676269,"A_I29L,A_F91I,A_W92Q,B_S28V,B_L29E,B_Y32F,B_N56Y","1DVF:A, B, C, D:D_Q104A:PMID=8993317",0.45623607635497976
"1dvf_A_I29S,A_T52S,B_F27Q,B_R97S_C, D_A, B",-9.238321304321289,-10.613342094421387,"A_I29S,A_T52S,B_F27Q,B_R97S","1DVF:A, B, C, D:D_Q104A:PMID=8993317",1.3750207901000984
"1dvf_A_I29T,A_T52L,B_S28N,B_L29Q,B_G53D,B_E98R,B_R99K_C, D_A, B",-9.238321304321289,-8.667695331573487,"A_I29T,A_T52L,B_S28N,B_L29Q,B_G53D,B_E98R,B_R99K","1DVF:A, B, C, D:D_Q104A:PMID=8993317",-0.570625972747802
"1dvf_A_T52K,A_A55E,B_T30S,B_Y32R,B_G55V,B_R97G_C, D_A, B",-9.238321304321289,-9.747200012207031,"A_T52K,A_A55E,B_T30S,B_Y32R,B_G55V,B_R97G","1DVF:A, B, C, D:D_Q104A:PMID=8993317",0.5088787078857422
"1dvf_A_T52N,A_S93Y,B_Y32F,B_N56S,B_T57P_C, D_A, B",-9.238321304321289,-10.290730476379395,"A_T52N,A_S93Y,B_Y32F,B_N56S,B_T57P","1DVF:A, B, C, D:D_Q104A:PMID=8993317",1.0524091720581055
"1dvf_A_T52S,A_L54R,B_L29A,B_T30S,B_G55S_C, D_A, B",-9.238321304321289,-10.542496871948241,"A_T52S,A_L54R,B_L29A,B_T30S,B_G55S","1DVF:A, B, C, D:D_Q104A:PMID=8993317",1.3041755676269524
"1dvf_A_T52S,B_E98D_C, D_A, B",-9.238321304321289,-8.442414951324462,"A_T52S,B_E98D","1DVF:A, B, C, D:D_Q104A:PMID=8993317",-0.7959063529968269
"1dvf_B_T30S,B_N56E_C, D_A, B",-9.238321304321289,-10.248041343688964,"B_T30S,B_N56E","1DVF:A, B, C, D:D_Q104A:PMID=8993317",1.009720039367675
"1eaw_A_H19E,A_L21S,A_A23Q,A_G24P,A_H25A,A_I26S,A_C27A,A_Y44F,A_D91P,A_F92Y,A_Y141E,A_G142N,A_T144I,A_S186A,A_V209I,A_V210F,A_P222S_B_A",-14.574844360351562,-12.521002388000488,"A_H19E,A_L21S,A_A23Q,A_G24P,A_H25A,A_I26S,A_C27A,A_Y44F,A_D91P,A_F92Y,A_Y141E,A_G142N,A_T144I,A_S186A,A_V209I,A_V210F,A_P222S","1EAW:A, B:A_Q23A:PMID=17475279",-2.0538419723510746
"1eaw_A_H19G,A_L21T,A_A23Q,A_H25D,A_I26V,A_A40S,A_A41Y,A_R48V,A_N90D,A_D91R,A_F92A,A_G142L,A_T144A,A_Q188Y,A_D190G,A_D214L_B_A",-14.574844360351562,-12.133968544006347,"A_H19G,A_L21T,A_A23Q,A_H25D,A_I26V,A_A40S,A_A41Y,A_R48V,A_N90D,A_D91R,A_F92A,A_G142L,A_T144A,A_Q188Y,A_D190G,A_D214L","1EAW:A, B:A_Q23A:PMID=17475279",-2.4408758163452156
"1eaw_A_L18M,A_L21T,A_G22T,A_A23Q,A_C27M,A_Y44F,A_D91K,A_F92W,A_Y141D,A_T144V,A_S191T,A_P222S_B_A",-14.574844360351562,-12.219122695922852,"A_L18M,A_L21T,A_G22T,A_A23Q,A_C27M,A_Y44F,A_D91K,A_F92W,A_Y141D,A_T144V,A_S191T,A_P222S","1EAW:A, B:A_Q23A:PMID=17475279",-2.3557216644287102
"1eaw_A_L21K,A_A23Q,A_G24P,A_A40E,A_R48F,A_D91P,A_F92D,A_T144Q_B_A",-14.574844360351562,-12.49893798828125,"A_L21K,A_A23Q,A_G24P,A_A40E,A_R48F,A_D91P,A_F92D,A_T144Q","1EAW:A, B:A_Q23A:PMID=17475279",-2.075906372070312
"1eaw_A_L21T,A_A23Q,A_I26V,A_Y44F,A_R48N,A_G49T,A_D91Y,A_F92T,A_Y141G,A_T144Q,A_S186A,A_V209I,A_W212G_B_A",-14.574844360351562,-12.217872810363769,"A_L21T,A_A23Q,A_I26V,A_Y44F,A_R48N,A_G49T,A_D91Y,A_F92T,A_Y141G,A_T144Q,A_S186A,A_V209I,A_W212G","1EAW:A, B:A_Q23A:PMID=17475279",-2.3569715499877937
"1eaw_A_L21T,A_G22S,A_A23Q,A_R48K,A_D91Q,A_F92N,A_T93L,A_T144Y,A_V209I,A_D214L,A_P222C_B_A",-14.574844360351562,-12.812042999267579,"A_L21T,A_G22S,A_A23Q,A_R48K,A_D91Q,A_F92N,A_T93L,A_T144Y,A_V209I,A_D214L,A_P222C","1EAW:A, B:A_Q23A:PMID=17475279",-1.7628013610839837
"1eaw_A_L21V,A_A23Q,A_D46K,A_D91N,A_F92Y,A_T93S,A_Y141M,A_T144E,A_D185W,A_S211E,A_D214E_B_A",-14.574844360351562,-12.67458209991455,"A_L21V,A_A23Q,A_D46K,A_D91N,A_F92Y,A_T93S,A_Y141M,A_T144E,A_D185W,A_S211E,A_D214E","1EAW:A, B:A_Q23A:PMID=17475279",-1.900262260437012
"1eaw_A_L21V,A_A23Q,A_I26T,A_F92N,A_G142Y,A_C187H,A_Q188H,A_S211K,A_G213W_B_A",-14.574844360351562,-12.319749641418458,"A_L21V,A_A23Q,A_I26T,A_F92N,A_G142Y,A_C187H,A_Q188H,A_S211K,A_G213W","1EAW:A, B:A_Q23A:PMID=17475279",-2.2550947189331048
"1l0x_B_K16E,B_N17D,B_Q19H,B_I21V,B_Y22W,B_F23T,B_E26A,B_L41V,B_L42Y,B_K63G,B_V81S,B_E82A,B_Y83F,B_H85A,B_L86D,B_S90R,B_E94R,B_S96K,B_N162I,B_F192Y,D_V15I,D_K16N,D_F23E,D_E26D,D_L41I,D_L42E,D_S43E,D_P53V,D_K63R,D_V81L,D_E82K,D_Y83F,D_H85D,D_S90E,D_E94D,D_S96A,D_T161E,D_N162K,D_F192N_A, C_B, D",-7.123495101928711,-7.353730583190918,"B_K16E,B_N17D,B_Q19H,B_I21V,B_Y22W,B_F23T,B_E26A,B_L41V,B_L42Y,B_K63G,B_V81S,B_E82A,B_Y83F,B_H85A,B_L86D,B_S90R,B_E94R,B_S96K,B_N162I,B_F192Y,D_V15I,D_K16N,D_F23E,D_E26D,D_L41I,D_L42E,D_S43E,D_P53V,D_K63R,D_V81L,D_E82K,D_Y83F,D_H85D,D_S90E,D_E94D,D_S96A,D_T161E,D_N162K,D_F192N","1L0X:A, B, C, D::PMID=12015151",0.2302354812622074
"1l0x_B_K16Q,B_Q19S,B_N20Q,B_Y22H,B_F23N,B_E26S,B_L41I,B_L42Y,B_S43E,B_P53K,B_K63A,B_N64D,B_V81I,B_E82A,B_Y83F,B_H85D,B_L86G,B_S90I,B_E94S,B_S96A,D_V15I,D_K16D,D_Y22W,D_F23T,D_E26S,D_L41V,D_L42Y,D_S43G,D_P53M,D_K63A,D_V81L,D_E82A,D_Y83F,D_H85D,D_S90D,D_E94S,D_S96G,D_T161S,D_F192Y_A, C_B, D",-7.123495101928711,-7.149085521697998,"B_K16Q,B_Q19S,B_N20Q,B_Y22H,B_F23N,B_E26S,B_L41I,B_L42Y,B_S43E,B_P53K,B_K63A,B_N64D,B_V81I,B_E82A,B_Y83F,B_H85D,B_L86G,B_S90I,B_E94S,B_S96A,D_V15I,D_K16D,D_Y22W,D_F23T,D_E26S,D_L41V,D_L42Y,D_S43G,D_P53M,D_K63A,D_V81L,D_E82A,D_Y83F,D_H85D,D_S90D,D_E94S,D_S96G,D_T161S,D_F192Y","1L0X:A, B, C, D::PMID=12015151",0.02559041976928711
"1l0x_B_K16S,B_L18I,B_Q19D,B_F23N,B_E26S,B_L41I,B_L42M,B_S43A,B_P53V,B_K63G,B_V81I,B_E82C,B_Y83F,B_H85N,B_L86E,B_S90R,B_E94N,B_S96A,B_F192Y,D_V15C,D_N17K,D_L18F,D_Q19S,D_I21V,D_F23N,D_E26S,D_L41I,D_L42Y,D_S43A,D_N54C,D_K63N,D_E82G,D_H85S,D_S90T,D_E94K,D_S96A_A, C_B, D",-7.123495101928711,-7.342364311218262,"B_K16S,B_L18I,B_Q19D,B_F23N,B_E26S,B_L41I,B_L42M,B_S43A,B_P53V,B_K63G,B_V81I,B_E82C,B_Y83F,B_H85N,B_L86E,B_S90R,B_E94N,B_S96A,B_F192Y,D_V15C,D_N17K,D_L18F,D_Q19S,D_I21V,D_F23N,D_E26S,D_L41I,D_L42Y,D_S43A,D_N54C,D_K63N,D_E82G,D_H85S,D_S90T,D_E94K,D_S96A","1L0X:A, B, C, D::PMID=12015151",0.21886920928955078
"1l0x_B_K16V,B_F23T,B_E26A,B_L41K,B_L42N,B_S43R,B_G52N,B_P53K,B_N54E,B_K63G,B_N64D,B_V81I,B_E82A,B_Y83F,B_H85Y,B_L86D,B_C87R,B_S90Y,B_E94Q,B_S96G,B_F192Y,B_T193Y,D_V15R,D_K16T,D_Q19A,D_I21V,D_Y22N,D_F23T,D_E26K,D_L42Y,D_S43P,D_G52D,D_P53G,D_K63S,D_N64S,D_V81F,D_E82R,D_H85V,D_S96C,D_T161K_A, C_B, D",-7.123495101928711,-7.2524827003479,"B_K16V,B_F23T,B_E26A,B_L41K,B_L42N,B_S43R,B_G52N,B_P53K,B_N54E,B_K63G,B_N64D,B_V81I,B_E82A,B_Y83F,B_H85Y,B_L86D,B_C87R,B_S90Y,B_E94Q,B_S96G,B_F192Y,B_T193Y,D_V15R,D_K16T,D_Q19A,D_I21V,D_Y22N,D_F23T,D_E26K,D_L42Y,D_S43P,D_G52D,D_P53G,D_K63S,D_N64S,D_V81F,D_E82R,D_H85V,D_S96C,D_T161K","1L0X:A, B, C, D::PMID=12015151",0.12898759841918928
"1l0x_B_V15C,B_Y22W,B_F23S,B_E26V,B_L41V,B_L42Y,B_S43A,B_P53T,B_K63N,B_N64D,B_E82A,B_Y84F,B_H85Q,B_L86S,B_E94S,B_S96A,B_F192H,D_K16Q,D_Q19D,D_N20K,D_Y22N,D_F23N,D_E26V,D_L41I,D_L42S,D_S43A,D_P53D,D_K63A,D_N64T,D_V81L,D_E82P,D_Y83F,D_H85R,D_S90K,D_E94T,D_S96P,D_T161R,D_T193S_A, C_B, D",-7.123495101928711,-7.682120418548584,"B_V15C,B_Y22W,B_F23S,B_E26V,B_L41V,B_L42Y,B_S43A,B_P53T,B_K63N,B_N64D,B_E82A,B_Y84F,B_H85Q,B_L86S,B_E94S,B_S96A,B_F192H,D_K16Q,D_Q19D,D_N20K,D_Y22N,D_F23N,D_E26V,D_L41I,D_L42S,D_S43A,D_P53D,D_K63A,D_N64T,D_V81L,D_E82P,D_Y83F,D_H85R,D_S90K,D_E94T,D_S96P,D_T161R,D_T193S","1L0X:A, B, C, D::PMID=12015151",0.5586253166198727
"1l0x_B_V15I,B_K16A,B_N17S,B_Y22N,B_F23E,B_E26H,B_L42Y,B_S43D,B_P53E,B_K63A,B_E82A,B_Y83F,B_Y84F,B_H85E,B_L86E,B_S90G,B_E94I,B_S96A,B_F192Y,D_K16D,D_L18Q,D_Q19A,D_N20R,D_I21V,D_F23N,D_E26S,D_L41E,D_L42D,D_S43V,D_K63S,D_N64S,D_V81L,D_E82A,D_Y83F,D_H85Y,D_S90Y,D_E94R,D_S96H,D_T193M_A, C_B, D",-7.123495101928711,-7.51165885925293,"B_V15I,B_K16A,B_N17S,B_Y22N,B_F23E,B_E26H,B_L42Y,B_S43D,B_P53E,B_K63A,B_E82A,B_Y83F,B_Y84F,B_H85E,B_L86E,B_S90G,B_E94I,B_S96A,B_F192Y,D_K16D,D_L18Q,D_Q19A,D_N20R,D_I21V,D_F23N,D_E26S,D_L41E,D_L42D,D_S43V,D_K63S,D_N64S,D_V81L,D_E82A,D_Y83F,D_H85Y,D_S90Y,D_E94R,D_S96H,D_T193M","1L0X:A, B, C, D::PMID=12015151",0.3881637573242189
"1l0x_B_V15I,B_L18A,B_Q19K,B_F23N,B_E26A,B_L41V,B_L42Y,B_S43D,B_P53G,B_N54S,B_K63A,B_V81L,B_E82A,B_Y83H,B_H85A,B_L86D,B_S90A,B_E94F,B_S96C,B_T161D,B_N162E,B_F192H,B_T193S,D_V15I,D_K16E,D_Q19S,D_I21V,D_F23E,D_E26S,D_L41V,D_L42K,D_S43I,D_P53K,D_K63S,D_N64S,D_V81E,D_E82A,D_H85A,D_C87I,D_S90G,D_E94K,D_S96A,D_F192Y_A, C_B, D",-7.123495101928711,-7.422256183624268,"B_V15I,B_L18A,B_Q19K,B_F23N,B_E26A,B_L41V,B_L42Y,B_S43D,B_P53G,B_N54S,B_K63A,B_V81L,B_E82A,B_Y83H,B_H85A,B_L86D,B_S90A,B_E94F,B_S96C,B_T161D,B_N162E,B_F192H,B_T193S,D_V15I,D_K16E,D_Q19S,D_I21V,D_F23E,D_E26S,D_L41V,D_L42K,D_S43I,D_P53K,D_K63S,D_N64S,D_V81E,D_E82A,D_H85A,D_C87I,D_S90G,D_E94K,D_S96A,D_F192Y","1L0X:A, B, C, D::PMID=12015151",0.2987610816955568
"1l0x_B_V15W,B_K16P,B_Q19E,B_N20D,B_I21V,B_Y22W,B_F23V,B_E26S,B_L41V,B_L42Y,B_S43E,B_P53K,B_K63G,B_N64D,B_E82A,B_Y83G,B_L86G,B_S90F,B_E94M,B_S96F,B_N162M,D_L18V,D_Q19I,D_N20G,D_I21V,D_F23N,D_E26Y,D_L41I,D_L42Y,D_P53K,D_K63A,D_E82A,D_Y83F,D_H85D,D_S90G,D_E94H,D_S96N,D_T161M,D_N162R,D_F192C_A, C_B, D",-7.123495101928711,-7.168858242034912,"B_V15W,B_K16P,B_Q19E,B_N20D,B_I21V,B_Y22W,B_F23V,B_E26S,B_L41V,B_L42Y,B_S43E,B_P53K,B_K63G,B_N64D,B_E82A,B_Y83G,B_L86G,B_S90F,B_E94M,B_S96F,B_N162M,D_L18V,D_Q19I,D_N20G,D_I21V,D_F23N,D_E26Y,D_L41I,D_L42Y,D_P53K,D_K63A,D_E82A,D_Y83F,D_H85D,D_S90G,D_E94H,D_S96N,D_T161M,D_N162R,D_F192C","1L0X:A, B, C, D::PMID=12015151",0.04536314010620135
"1r0r_E_A150Q,E_S155Q,E_S187Q,E_F188D,E_G201A,E_L216R,E_M221G_I_E",-14.022334098815918,-13.010419845581055,"E_A150Q,E_S155Q,E_S187Q,E_F188D,E_G201A,E_L216R,E_M221G","1R0R:E, I:I_R16E:PMID=11171964",-1.0119142532348633
"1r0r_E_G101T,E_S102D,E_M123R_I_E",-14.022334098815918,-13.444218254089355,"E_G101T,E_S102D,E_M123R","1R0R:E, I:I_R16E:PMID=11171964",-0.5781158447265629
"1r0r_E_G126K,E_S129T,E_P200H,E_T215L_I_E",-14.022334098815918,-13.261623573303222,"E_G126K,E_S129T,E_P200H,E_T215L","1R0R:E, I:I_R16E:PMID=11171964",-0.760710525512696
"1r0r_E_G60C,E_G99M,E_S102H,E_S104N_I_E",-14.272205352783203,-13.90485496520996,"E_G60C,E_G99M,E_S102H,E_S104N","1R0R:E, I:I_E14V:PMID=11171964",-0.3673503875732429
"1r0r_E_G60I,E_S97T,E_A128K,E_S155N_I_E",-14.022334098815918,-13.691170120239258,"E_G60I,E_S97T,E_A128K,E_S155N","1R0R:E, I:I_R16E:PMID=11171964",-0.3311639785766598
"1r0r_E_H66D,E_S102T,E_G127A,E_A152T,E_Y166C,E_L216D_I_E",-14.022334098815918,-14.037748527526855,"E_H66D,E_S102T,E_G127A,E_A152T,E_Y166C,E_L216D","1R0R:E, I:I_R16E:PMID=11171964",0.01541442871093679
"1r0r_E_H66I,E_N122V,E_S129C,E_A151I,E_P200R,E_G201F,E_L216D_I_E",-14.022334098815918,-13.442052841186523,"E_H66I,E_N122V,E_S129C,E_A151I,E_P200R,E_G201F,E_L216D","1R0R:E, I:I_R16E:PMID=11171964",-0.5802812576293945
"1r0r_E_H66N,E_A128M,E_S129M,E_A152W_I_E",-14.272205352783203,-13.862080764770507,"E_H66N,E_A128M,E_S129M,E_A152W","1R0R:E, I:I_E14V:PMID=11171964",-0.410124588012696
"1r0r_E_K93A,E_S100V,E_S104D,E_T215V,E_S220W_I_E",-14.272205352783203,-13.15683879852295,"E_K93A,E_S100V,E_S104D,E_T215V,E_S220W","1R0R:E, I:I_E14V:PMID=11171964",-1.1153665542602536
"1r0r_E_K93R,E_G101M,E_A128W,E_V149R_I_E",-14.272205352783203,-13.009561157226562,"E_K93R,E_G101M,E_A128W,E_V149R","1R0R:E, I:I_E14V:PMID=11171964",-1.262644195556641
"1r0r_E_L31I,E_V94Q,E_G99N,E_A152G,E_Y166H,E_M221E_I_E",-14.272205352783203,-13.688233375549316,"E_L31I,E_V94Q,E_G99N,E_A152G,E_Y166H,E_M221E","1R0R:E, I:I_E14V:PMID=11171964",-0.5839719772338867
1r0r_E_N154F_I_E,-14.022334098815918,-13.647190284729003,E_N154F,"1R0R:E, I:I_R16E:PMID=11171964",-0.3751438140869148
1r0r_E_S124A_I_E,-14.022334098815918,-13.213868713378906,E_S124A,"1R0R:E, I:I_R16E:PMID=11171964",-0.8084653854370121
"1r0r_E_S97L,E_L125C,E_T219W_I_E",-14.272205352783203,-13.2172269821167,"E_S97L,E_L125C,E_T219W","1R0R:E, I:I_E14V:PMID=11171964",-1.054978370666504
"1r0r_E_V94E,E_S100G,E_G105W,E_F188I,E_T219W_I_E",-14.272205352783203,-13.221788024902343,"E_V94E,E_S100G,E_G105W,E_F188I,E_T219W","1R0R:E, I:I_E14V:PMID=11171964",-1.0504173278808597
1r0r__I_E,-14.272205352783203,-13.712123680114747,,"1R0R:E, I:I_E14V:PMID=11171964",-0.5600816726684563
"1xgp_A_I49D,A_K50H,A_S53N,B_T30L,B_Y53W,B_S56T,B_S97K_C_A, B",-9.431387901306152,-9.12740249633789,"A_I49D,A_K50H,A_S53N,B_T30L,B_Y53W,B_S56T,B_S97K","1XGP:A, B, C:B_A33L:PMID=15698573",-0.30398540496826243
"1xgp_A_N32S,A_Y51F,A_Q91I,A_S92F,B_T30C,B_S52T_C_A, B",-9.431387901306152,-9.36516227722168,"A_N32S,A_Y51F,A_Q91I,A_S92F,B_T30C,B_S52T","1XGP:A, B, C:B_A33L:PMID=15698573",-0.0662256240844723
"1xgp_A_S29G,A_I30V,A_S68P,B_S52V,B_S54D,B_T57C_C_A, B",-9.431387901306152,-9.32789363861084,"A_S29G,A_I30V,A_S68P,B_S52V,B_S54D,B_T57C","1XGP:A, B, C:B_A33L:PMID=15698573",-0.10349426269531214
"1xgp_A_S31G,B_S52R,B_S54Y_C_A, B",-9.431387901306152,-9.227121734619141,"A_S31G,B_S52R,B_S54Y","1XGP:A, B, C:B_A33L:PMID=15698573",-0.20426616668701136
"1xgp_A_S53E,B_S31G,B_S52G,B_G55H_C_A, B",-9.431387901306152,-9.43891773223877,"A_S53E,B_S31G,B_S52G,B_G55H","1XGP:A, B, C:B_A33L:PMID=15698573",0.007529830932616832
"1xgp_A_S94T,B_V29M,B_S52P,B_Y53W,B_S54T_C_A, B",-9.431387901306152,-9.369078063964844,"A_S94T,B_V29M,B_S52P,B_Y53W,B_S54T","1XGP:A, B, C:B_A33L:PMID=15698573",-0.06230983734130824
"1xgp_A_Y51N,A_W95C,B_D27G,B_Y50F,B_W98G_C_A, B",-9.431387901306152,-7.71444673538208,"A_Y51N,A_W95C,B_D27G,B_Y50F,B_W98G","1XGP:A, B, C:B_A33L:PMID=15698573",-1.716941165924072
"1xgp_B_D27G,B_V29A,B_S52T,B_Y53S,B_S54T_C_A, B",-9.431387901306152,-9.734367370605469,"B_D27G,B_V29A,B_S52T,B_Y53S,B_S54T","1XGP:A, B, C:B_A33L:PMID=15698573",0.3029794692993164
"1xgu_A_G66D,B_S31Q,B_G49Y,B_S52E,B_Y53M_C_A, B",-9.492731094360352,-9.821352767944337,"A_G66D,B_S31Q,B_G49Y,B_S52E,B_Y53M","1XGU:A, B, C:B_F33I:PMID=15698573",0.3286216735839851
"1xgu_A_N32S,A_W94H,B_T30F,B_S31G,B_S54I,B_G55H,B_S97D_C_A, B",-9.492731094360352,-9.889602279663086,"A_N32S,A_W94H,B_T30F,B_S31G,B_S54I,B_G55H,B_S97D","1XGU:A, B, C:B_F33I:PMID=15698573",0.396871185302734
"1xgu_A_S30Y,A_N31Q,B_G26E,B_V29R,B_S52E_C_A, B",-9.492731094360352,-9.404810333251953,"A_S30Y,A_N31Q,B_G26E,B_V29R,B_S52E","1XGU:A, B, C:B_F33I:PMID=15698573",-0.08792076110839808
"1xgu_A_S52V,A_G66M,B_T30S_C_A, B",-9.492731094360352,-10.548321723937988,"A_S52V,A_G66M,B_T30S","1XGU:A, B, C:B_F33I:PMID=15698573",1.0555906295776367
"1xgu_A_W94F,B_D32N,B_S52T,B_Y53E,B_T57V,B_W98A_C_A, B",-9.492731094360352,-8.570425891876221,"A_W94F,B_D32N,B_S52T,B_Y53E,B_T57V,B_W98A","1XGU:A, B, C:B_F33I:PMID=15698573",-0.9223052024841305
"1xgu_A_W94F,B_T30I,B_D32A_C_A, B",-9.492731094360352,-10.075231742858886,"A_W94F,B_T30I,B_D32A","1XGU:A, B, C:B_F33I:PMID=15698573",0.5825006484985344
"1xgu_A_Y50I,A_S93R,A_W94C,B_S52K_C_A, B",-9.492731094360352,-9.17951946258545,"A_Y50I,A_S93R,A_W94C,B_S52K","1XGU:A, B, C:B_F33I:PMID=15698573",-0.31321163177490163
"1xgu_B_S31K,B_S52V,B_G55E_C_A, B",-9.492731094360352,-10.400616455078126,"B_S31K,B_S52V,B_G55E","1XGU:A, B, C:B_F33I:PMID=15698573",0.9078853607177741
1xqh__A_B,-9.138541221618652,-9.142746734619141,,"1XQH:A, B::PMID=15525938",0.004205513000488992
"2ny6_C_N2092F,C_N2093D,C_W2094T,D_A3058M,D_E3103Y,D_E3106A,D_Y3109A,D_D3110N_A_C, D",-10.548900604248047,-8.363064098358155,"C_N2092F,C_N2093D,C_W2094T,D_A3058M,D_E3103Y,D_E3106A,D_Y3109A,D_D3110N","2NY6:A, C, D::PMID=17301785",-2.185836505889892
"2ny6_C_N2092H,C_W2094F,D_E3103P,D_A3104S,D_E3106V_A_C, D",-10.548900604248047,-9.12774658203125,"C_N2092H,C_W2094F,D_E3103P,D_A3104S,D_E3106V","2NY6:A, C, D::PMID=17301785",-1.4211540222167969
"2ny6_C_N2092W,C_W2094A,D_I3054F,D_E3103F,D_D3105G,D_E3106G,D_Y3109W,D_D3110N_A_C, D",-10.548900604248047,-8.494075965881347,"C_N2092W,C_W2094A,D_I3054F,D_E3103F,D_D3105G,D_E3106G,D_Y3109W,D_D3110N","2NY6:A, C, D::PMID=17301785",-2.0548246383667
"2ny6_C_N2092Y,C_W2094T,D_Y3109W_A_C, D",-10.548900604248047,-8.609277820587158,"C_N2092Y,C_W2094T,D_Y3109W","2NY6:A, C, D::PMID=17301785",-1.939622783660889
"2ny6_C_N2093T,C_W2094N,D_E3103D,D_A3104S,D_E3106Y,D_V3228K_A_C, D",-10.548900604248047,-8.450171566009521,"C_N2093T,C_W2094N,D_E3103D,D_A3104S,D_E3106Y,D_V3228K","2NY6:A, C, D::PMID=17301785",-2.0987290382385257
"2ny6_C_W2094R,D_E3106D_A_C, D",-10.548900604248047,-8.137694931030273,"C_W2094R,D_E3106D","2NY6:A, C, D::PMID=17301785",-2.411205673217774
"2ny6_C_W2094R,D_L3055F,D_V3057T,D_E3106Q,D_Y3109W,D_D3110R_A_C, D",-10.548900604248047,-8.553633308410644,"C_W2094R,D_L3055F,D_V3057T,D_E3106Q,D_Y3109W,D_D3110R","2NY6:A, C, D::PMID=17301785",-1.9952672958374027
"2ny6_C_W2094S,D_A3104T,D_E3106D,D_Y3109P,D_D3110L_A_C, D",-10.548900604248047,-7.453505611419677,"C_W2094S,D_A3104T,D_E3106D,D_Y3109P,D_D3110L","2NY6:A, C, D::PMID=17301785",-3.0953949928283695
"2o3b_A_E59A,A_D62R,A_F64Y,A_T78K,A_Y82F,A_S83R,A_Q117M,A_T118C,A_N122K,A_R123V,A_G127Y,A_E130Q_B_A",-9.777684211730957,-10.43276071548462,"A_E59A,A_D62R,A_F64Y,A_T78K,A_Y82F,A_S83R,A_Q117M,A_T118C,A_N122K,A_R123V,A_G127Y,A_E130Q","2O3B:A, B:B_D75N:PMID=17138564",0.6550765037536621
"2o3b_A_E59K,A_R60K,A_D62Y,A_N63D,A_F64Y,A_A88K,A_P94G,A_Q117M,A_N121V,A_R123I,A_E130S_B_A",-9.777684211730957,-10.256267833709718,"A_E59K,A_R60K,A_D62Y,A_N63D,A_F64Y,A_A88K,A_P94G,A_Q117M,A_N121V,A_R123I,A_E130S","2O3B:A, B:B_D75N:PMID=17138564",0.4785836219787605
"2o3b_A_E59V,A_D62G,A_F64Y,A_S85T,A_A88F,A_P94G,A_Q117H,A_N121L,A_R123I,A_W126A,A_G127R,A_L129H_B_A",-9.777684211730957,-9.752206420898437,"A_E59V,A_D62G,A_F64Y,A_S85T,A_A88F,A_P94G,A_Q117H,A_N121L,A_R123I,A_W126A,A_G127R,A_L129H","2O3B:A, B:B_D75N:PMID=17138564",-0.025477790832519887
"2o3b_A_E59V,A_R60P,A_D62H,A_F64E,A_V77I,A_T78K,A_M81D,A_S83A,A_P94R,A_T118G,A_N121V,A_R123I,A_E130N_B_A",-9.777684211730957,-9.98442497253418,"A_E59V,A_R60P,A_D62H,A_F64E,A_V77I,A_T78K,A_M81D,A_S83A,A_P94R,A_T118G,A_N121V,A_R123I,A_E130N","2O3B:A, B:B_D75N:PMID=17138564",0.206740760803223
"2o3b_A_R60A,A_D62R,A_F64Y,A_T78M,A_S83K,A_S85A,A_Y87F,A_A88Y,A_R89K,A_Q117M,A_N121V,A_R123V,A_E130N_B_A",-9.777684211730957,-9.974904823303223,"A_R60A,A_D62R,A_F64Y,A_T78M,A_S83K,A_S85A,A_Y87F,A_A88Y,A_R89K,A_Q117M,A_N121V,A_R123V,A_E130N","2O3B:A, B:B_D75N:PMID=17138564",0.19722061157226634
"2o3b_A_R60P,A_D62K,A_F64Y,A_P94R,A_Q117L,A_T118K,A_N121V,A_R123K,A_E130N_B_A",-9.777684211730957,-10.412510776519776,"A_R60P,A_D62K,A_F64Y,A_P94R,A_Q117L,A_T118K,A_N121V,A_R123K,A_E130N","2O3B:A, B:B_D75N:PMID=17138564",0.6348265647888187
"2o3b_A_R60P,A_Q61E,A_D62I,A_Y82F,A_P94K,A_S95I,A_Q117M,A_N121V,A_N122M,A_R123V,A_W126D,A_E130D_B_A",-9.777684211730957,-10.109520816802979,"A_R60P,A_Q61E,A_D62I,A_Y82F,A_P94K,A_S95I,A_Q117M,A_N121V,A_N122M,A_R123V,A_W126D,A_E130D","2O3B:A, B:B_D75N:PMID=17138564",0.33183660507202184
"2o3b_A_R60P,A_Q61E,A_D62R,A_F64W,A_S83F,A_A88V,A_R89I,A_P94G,A_N121V,A_R123H,A_W126T,A_E130R_B_A",-9.777684211730957,-9.41427927017212,"A_R60P,A_Q61E,A_D62R,A_F64W,A_S83F,A_A88V,A_R89I,A_P94G,A_N121V,A_R123H,A_W126T,A_E130R","2O3B:A, B:B_D75N:PMID=17138564",-0.3634049415588372
"2pye_A_A69T_D, E_A, B, C",-6.124384880065918,-7.67927131652832,A_A69T,"2PYE:A, B, C, D, E:D_D98G, D_L96T, D_L97S, D_T100S, E_L95V, E_T53I:PMID=17644531",1.554886436462402
"2pye_A_D61W,A_G62A,A_S71R,A_H74L,A_H145W,A_A158T_D, E_A, B, C",-6.124384880065918,-7.804110145568847,"A_D61W,A_G62A,A_S71R,A_H74L,A_H145W,A_A158T","2PYE:A, B, C, D, E:D_D98G, D_L96T, D_L97S, D_T100S, E_L95V, E_T53I:PMID=17644531",1.6797252655029293
"2pye_A_H151A_D, E_A, B, C",-6.124384880065918,-7.970156288146972,A_H151A,"2PYE:A, B, C, D, E:D_D98G, D_L96T, D_L97S, D_T100S, E_L95V, E_T53I:PMID=17644531",1.8457714080810543
"2pye_A_Q72P,A_A150T_D, E_A, B, C",-6.124384880065918,-7.174889469146729,"A_Q72P,A_A150T","2PYE:A, B, C, D, E:D_D98G, D_L96T, D_L97S, D_T100S, E_L95V, E_T53I:PMID=17644531",1.050504589080811
"2pye_A_S42M,A_D61A,A_G62Y,A_R65V,A_K66A,A_V67H,A_A149T_D, E_A, B, C",-6.124384880065918,-6.513792705535889,"A_S42M,A_D61A,A_G62Y,A_R65V,A_K66A,A_V67H,A_A149T","2PYE:A, B, C, D, E:D_D98G, D_L96T, D_L97S, D_T100S, E_L95V, E_T53I:PMID=17644531",0.3894078254699709
"2pye_A_S42T,A_K66R,A_S71I_D, E_A, B, C",-6.124384880065918,-6.956662940979004,"A_S42T,A_K66R,A_S71I","2PYE:A, B, C, D, E:D_D98G, D_L96T, D_L97S, D_T100S, E_L95V, E_T53I:PMID=17644531",0.8322780609130858
"2pye_A_V67F,A_A69V,A_K146S,A_G162Q_D, E_A, B, C",-6.124384880065918,-7.2221368789672855,"A_V67F,A_A69V,A_K146S,A_G162Q","2PYE:A, B, C, D, E:D_D98G, D_L96T, D_L97S, D_T100S, E_L95V, E_T53I:PMID=17644531",1.0977519989013675
"2pye_A_Y59W,A_T64Q,A_R65K,A_S71P,A_A149E,A_A153Q,A_E154H_D, E_A, B, C",-6.124384880065918,-7.487784957885742,"A_Y59W,A_T64Q,A_R65K,A_S71P,A_A149E,A_A153Q,A_E154H","2PYE:A, B, C, D, E:D_D98G, D_L96T, D_L97S, D_T100S, E_L95V, E_T53I:PMID=17644531",1.3634000778198239
"2qj9_A_K1D,A_S2G,A_S47K,A_V57S,A_N58H,A_S59H,A_V60H,A_N61M,B_D14H,B_V15L,B_W17Y,B_L81V_C_A, B",-11.335994720458984,-11.499156379699707,"A_K1D,A_S2G,A_S47K,A_V57S,A_N58H,A_S59H,A_V60H,A_N61M,B_D14H,B_V15L,B_W17Y,B_L81V","2QJ9:A, B, C:C_A30T, C_A43T, C_D15E, C_G11H, C_I31M, C_K48G, C_M47L, C_Y49L:PMID=18160401",0.163161659240723
"2qj9_A_K1E,A_S2T,A_N46H,A_S47W,A_S59R,A_V60I,B_S13R,B_V15L,B_W17Y,B_L81I,B_D94C_C_A, B",-11.335994720458984,-10.940886688232421,"A_K1E,A_S2T,A_N46H,A_S47W,A_S59R,A_V60I,B_S13R,B_V15L,B_W17Y,B_L81I,B_D94C","2QJ9:A, B, C:C_A30T, C_A43T, C_D15E, C_G11H, C_I31M, C_K48G, C_M47L, C_Y49L:PMID=18160401",-0.3951080322265632
"2qj9_A_K1P,A_A42P,A_S47P,A_N49I,A_Q54T,A_T55A,A_L56E,A_S59H,B_D14T,B_V15L,B_W17Y,B_L81I,B_D82N,B_N91A,B_D94M_C_A, B",-11.335994720458984,-10.189469718933106,"A_K1P,A_A42P,A_S47P,A_N49I,A_Q54T,A_T55A,A_L56E,A_S59H,B_D14T,B_V15L,B_W17Y,B_L81I,B_D82N,B_N91A,B_D94M","2QJ9:A, B, C:C_A30T, C_A43T, C_D15E, C_G11H, C_I31M, C_K48G, C_M47L, C_Y49L:PMID=18160401",-1.1465250015258786
"2qj9_A_K1P,A_S2A,A_A42T,A_S47V,A_N49L,A_L56I,A_S59A,A_V60H,B_D11A,B_S13A,B_D14E,B_V15L,B_W17Y,B_D19A,B_L81Y,B_D82N,B_Y92P_C_A, B",-11.335994720458984,-10.78928737640381,"A_K1P,A_S2A,A_A42T,A_S47V,A_N49L,A_L56I,A_S59A,A_V60H,B_D11A,B_S13A,B_D14E,B_V15L,B_W17Y,B_D19A,B_L81Y,B_D82N,B_Y92P","2QJ9:A, B, C:C_A30T, C_A43T, C_D15E, C_G11H, C_I31M, C_K48G, C_M47L, C_Y49L:PMID=18160401",-0.5467073440551751
"2qj9_A_K1P,A_S2A,A_N46H,A_N49I,A_Q54L,A_L56I,A_V60R,B_D11E,B_F12A,B_V15I,B_W17F,B_L81K,B_D82T_C_A, B",-11.335994720458984,-10.787063026428223,"A_K1P,A_S2A,A_N46H,A_N49I,A_Q54L,A_L56I,A_V60R,B_D11E,B_F12A,B_V15I,B_W17F,B_L81K,B_D82T","2QJ9:A, B, C:C_A30T, C_A43T, C_D15E, C_G11H, C_I31M, C_K48G, C_M47L, C_Y49L:PMID=18160401",-0.5489316940307614
"2qj9_A_K1P,A_S2E,A_A42P,A_N46Q,A_T48C,A_Q54R,A_L56I,A_N58F,A_S59H,A_V60R,B_D11P,B_S13V,B_V15I,B_W17Y,B_D19N,B_L81W,B_N91L_C_A, B",-11.335994720458984,-10.400230979919433,"A_K1P,A_S2E,A_A42P,A_N46Q,A_T48C,A_Q54R,A_L56I,A_N58F,A_S59H,A_V60R,B_D11P,B_S13V,B_V15I,B_W17Y,B_D19N,B_L81W,B_N91L","2QJ9:A, B, C:C_A30T, C_A43T, C_D15E, C_G11H, C_I31M, C_K48G, C_M47L, C_Y49L:PMID=18160401",-0.9357637405395511
"2qj9_A_K1P,A_S2E,A_L41D,A_D43E,A_N46S,A_S47T,A_N58H,A_S59D,B_D11Q,B_S13P,B_D14T,B_V15L,B_W17Y,B_L81Y_C_A, B",-11.335994720458984,-9.51594066619873,"A_K1P,A_S2E,A_L41D,A_D43E,A_N46S,A_S47T,A_N58H,A_S59D,B_D11Q,B_S13P,B_D14T,B_V15L,B_W17Y,B_L81Y","2QJ9:A, B, C:C_A30T, C_A43T, C_D15E, C_G11H, C_I31M, C_K48G, C_M47L, C_Y49L:PMID=18160401",-1.820054054260254
"2qj9_A_K1P,A_S2T,A_N46K,A_N58S,A_S59F,A_V60L,B_F12I,B_D14Q,B_G16N,B_W17Y,B_L81K,B_N91H,B_D94G_C_A, B",-11.335994720458984,-10.949100303649903,"A_K1P,A_S2T,A_N46K,A_N58S,A_S59F,A_V60L,B_F12I,B_D14Q,B_G16N,B_W17Y,B_L81K,B_N91H,B_D94G","2QJ9:A, B, C:C_A30T, C_A43T, C_D15E, C_G11H, C_I31M, C_K48G, C_M47L, C_Y49L:PMID=18160401",-0.3868944168090813
"2ypv_H_D31N,H_N33Y,H_M34I,H_I50V,H_Y55T,H_T57H,H_I58T,H_N59S,H_S103W,H_K218E,L_Q27Y,L_N31G,L_S67F,L_E93T_A_H, L",-14.35500717163086,-11.603501319885254,"H_D31N,H_N33Y,H_M34I,H_I50V,H_Y55T,H_T57H,H_I58T,H_N59S,H_S103W,H_K218E,L_Q27Y,L_N31G,L_S67F,L_E93T","2YPV:A, H, L::PMID=23396847",-2.7515058517456055
"2ypv_H_D31N,H_N33Y,H_M34I,H_Y55T,H_T57Y,H_I58T,H_N59S,H_Y101F,H_G102M,H_S103M_A_H, L",-14.35500717163086,-11.960359954833985,"H_D31N,H_N33Y,H_M34I,H_Y55T,H_T57Y,H_I58T,H_N59S,H_Y101F,H_G102M,H_S103M","2YPV:A, H, L::PMID=23396847",-2.3946472167968746
"2ypv_H_N33L,H_I50V,H_Y55T,H_T57E,H_I58V,H_N59T,H_Y100W,H_Y101H,H_S103M,H_K218Q,L_Q27D,L_Q90P,L_E93R,L_F94W,L_P95L_A_H, L",-14.35500717163086,-11.165484809875489,"H_N33L,H_I50V,H_Y55T,H_T57E,H_I58V,H_N59T,H_Y100W,H_Y101H,H_S103M,H_K218Q,L_Q27D,L_Q90P,L_E93R,L_F94W,L_P95L","2YPV:A, H, L::PMID=23396847",-3.1895223617553707
"2ypv_H_S30N,H_N33R,H_M34I,H_Y55T,H_T57S,H_I58T,H_N59K,H_S103D,H_K218P,L_Q27D,L_D92C,L_E93S_A_H, L",-14.35500717163086,-10.311666297912598,"H_S30N,H_N33R,H_M34I,H_Y55T,H_T57S,H_I58T,H_N59K,H_S103D,H_K218P,L_Q27D,L_D92C,L_E93S","2YPV:A, H, L::PMID=23396847",-4.043340873718261
"2ypv_H_S30N,H_N33Y,H_M34I,H_I50V,H_Y55S,H_G56T,H_T57K,H_I58V,H_N59H,H_Y100W,H_S103Q,L_N31Y,L_S67T,L_D92S,L_E93S_A_H, L",-14.35500717163086,-10.792700386047363,"H_S30N,H_N33Y,H_M34I,H_I50V,H_Y55S,H_G56T,H_T57K,H_I58V,H_N59H,H_Y100W,H_S103Q,L_N31Y,L_S67T,L_D92S,L_E93S","2YPV:A, H, L::PMID=23396847",-3.5623067855834964
"2ypv_H_S30N,H_Y32V,H_N33F,H_M34I,H_Y55T,H_T57D,H_N59Y,H_R98S,H_Y101H,H_S103Y,L_Q27M,L_E93S_A_H, L",-14.35500717163086,-11.455454635620118,"H_S30N,H_Y32V,H_N33F,H_M34I,H_Y55T,H_T57D,H_N59Y,H_R98S,H_Y101H,H_S103Y,L_Q27M,L_E93S","2YPV:A, H, L::PMID=23396847",-2.8995525360107415
"2ypv_H_S30T,H_N33Y,H_M34I,H_Y55N,H_T57N,H_I58R,H_N59H,H_S103D,H_S104H,L_Q27L,L_N31Q_A_H, L",-14.35500717163086,-10.868360710144042,"H_S30T,H_N33Y,H_M34I,H_Y55N,H_T57N,H_I58R,H_N59H,H_S103D,H_S104H,L_Q27L,L_N31Q","2YPV:A, H, L::PMID=23396847",-3.486646461486817
"2ypv_H_Y32T,H_N33F,H_M34V,H_G49Y,H_Y55N,H_T57D,H_R98K,H_D99V,H_Y100Q,H_Y101C,H_G102R,H_S103L,L_Q27E,L_Q90D,L_E93S_A_H, L",-14.35500717163086,-11.252046966552735,"H_Y32T,H_N33F,H_M34V,H_G49Y,H_Y55N,H_T57D,H_R98K,H_D99V,H_Y100Q,H_Y101C,H_G102R,H_S103L,L_Q27E,L_Q90D,L_E93S","2YPV:A, H, L::PMID=23396847",-3.1029602050781246
"3eqy_A_T24E,A_V25T,A_V28A,A_M29T,A_I36V,A_Q40R,A_D43N,A_A44E,A_A45D,A_A46Q,A_H48A,A_M49I,A_S67N,A_V68W,A_D70R,A_P73T_C_A",-9.78646183013916,-8.787211608886718,"A_T24E,A_V25T,A_V28A,A_M29T,A_I36V,A_Q40R,A_D43N,A_A44E,A_A45D,A_A46Q,A_H48A,A_M49I,A_S67N,A_V68W,A_D70R,A_P73T","3EQY:A, C:C_E5A:PMID=20226197",-0.9992502212524421
"3eqy_A_V25I,A_Q40K,A_Y42F,A_A44S,A_A45N,A_A46M,A_M49L,A_F66A,A_K69E,A_D70N,A_P71D,A_P73V,A_Y75F,A_L78M_C_A",-9.78646183013916,-9.688286972045898,"A_V25I,A_Q40K,A_Y42F,A_A44S,A_A45N,A_A46M,A_M49L,A_F66A,A_K69E,A_D70N,A_P71D,A_P73V,A_Y75F,A_L78M","3EQY:A, C:C_E5A:PMID=20226197",-0.09817485809326243
"3eqy_A_V25I,A_Y31F,A_L32M,A_Q40N,A_L41Q,A_A44K,A_A45E,A_A46V,A_Q47K,A_H48M,A_S67A,A_K69T,A_D70E,A_P73V,A_L74I,A_Y75F_C_A",-9.78646183013916,-9.86910514831543,"A_V25I,A_Y31F,A_L32M,A_Q40N,A_L41Q,A_A44K,A_A45E,A_A46V,A_Q47K,A_H48M,A_S67A,A_K69T,A_D70E,A_P73V,A_L74I,A_Y75F","3EQY:A, C:C_E5A:PMID=20226197",0.08264331817627024
"3eqy_A_V25K,A_M29H,A_Q40K,A_A44P,A_A45V,A_A46T,A_H48I,A_D70E,A_M77V,A_L78P_C_A",-9.78646183013916,-9.426714134216308,"A_V25K,A_M29H,A_Q40K,A_A44P,A_A45V,A_A46T,A_H48I,A_D70E,A_M77V,A_L78P","3EQY:A, C:C_E5A:PMID=20226197",-0.3597476959228523
"3eqy_A_V25K,A_Y31F,A_G33A,A_Q40R,A_Y42H,A_A44S,A_A45K,A_A46L,A_M49L,A_D70K_C_A",-9.78646183013916,-9.194623756408692,"A_V25K,A_Y31F,A_G33A,A_Q40R,A_Y42H,A_A44S,A_A45K,A_A46L,A_M49L,A_D70K","3EQY:A, C:C_E5A:PMID=20226197",-0.591838073730468
"3eqy_A_V25P,A_I36N,A_Q40I,A_Y42T,A_A44P,A_A45R,A_A46E,A_Q47K,A_K69T,A_D70N,A_P73K,A_M77I_C_A",-9.78646183013916,-9.230908012390136,"A_V25P,A_I36N,A_Q40I,A_Y42T,A_A44P,A_A45R,A_A46E,A_Q47K,A_K69T,A_D70N,A_P73K,A_M77I","3EQY:A, C:C_E5A:PMID=20226197",-0.5555538177490238
"3eqy_A_V25P,A_V28Q,A_M29L,A_Y31F,A_A44R,A_A45K,A_A46R,A_H48S,A_K69R,A_D70K,A_P73I_C_A",-9.78646183013916,-8.847216606140137,"A_V25P,A_V28Q,A_M29L,A_Y31F,A_A44R,A_A45K,A_A46R,A_H48S,A_K69R,A_D70K,A_P73I","3EQY:A, C:C_E5A:PMID=20226197",-0.9392452239990234
"3eqy_A_V25S,A_V28P,A_G33L,A_I36V,A_Q40G,A_A44P,A_A45N,A_A46R,A_M49L,A_F66M,A_S67Y,A_K69T,A_D70C,A_Y75I_C_A",-9.78646183013916,-8.790625,"A_V25S,A_V28P,A_G33L,A_I36V,A_Q40G,A_A44P,A_A45N,A_A46R,A_M49L,A_F66M,A_S67Y,A_K69T,A_D70C,A_Y75I","3EQY:A, C:C_E5A:PMID=20226197",-0.9958368301391598
"3g6d_A_P5F,A_L10G,A_V18R,A_N19R,A_I20R,A_T21F,A_N23L,A_Q24A,A_K25R,A_A26T,A_A93S,A_L100R,A_K104R,A_K105Q,A_L106Q,A_R108K,A_E109T_H, L_A",-14.765663146972656,-12.106512260437011,"A_P5F,A_L10G,A_V18R,A_N19R,A_I20R,A_T21F,A_N23L,A_Q24A,A_K25R,A_A26T,A_A93S,A_L100R,A_K104R,A_K105Q,A_L106Q,A_R108K,A_E109T","3G6D:A, H, L::PMID=19361524",-2.6591508865356452
"3g6d_A_P5S,A_V18R,A_N19L,A_I20Q,A_T21H,A_Q22E,A_N23T,A_Q24I,A_K25E,A_A26R,A_A93R,A_V96N,A_L100W,A_K104R,A_K105N,A_L106R,A_F107Y,A_R108K,A_E109V_H, L_A",-14.765663146972656,-12.172762680053712,"A_P5S,A_V18R,A_N19L,A_I20Q,A_T21H,A_Q22E,A_N23T,A_Q24I,A_K25E,A_A26R,A_A93R,A_V96N,A_L100W,A_K104R,A_K105N,A_L106R,A_F107Y,A_R108K,A_E109V","3G6D:A, H, L::PMID=19361524",-2.5929004669189446
"3g6d_A_V4K,A_L10E,A_L17G,A_V18R,A_N19S,A_T21A,A_Q22E,A_N23T,A_Q24Y,A_K25N,A_A26Q,A_A93R,A_F95M,A_V96I,A_K104R,A_L106Q,A_F107Y,A_E109S_H, L_A",-14.765663146972656,-12.034057235717773,"A_V4K,A_L10E,A_L17G,A_V18R,A_N19S,A_T21A,A_Q22E,A_N23T,A_Q24Y,A_K25N,A_A26Q,A_A93R,A_F95M,A_V96I,A_K104R,A_L106Q,A_F107Y,A_E109S","3G6D:A, H, L::PMID=19361524",-2.731605911254883
"3g6d_A_V4M,A_L10E,A_V18R,A_N19R,A_Q22E,A_N23M,A_Q24E,A_K25T,A_A26V,A_V92L,A_A93G,A_V96I,A_K104R,A_K105N,A_L106R,A_F107Y,A_E109M_H, L_A",-14.765663146972656,-12.404355239868163,"A_V4M,A_L10E,A_V18R,A_N19R,A_Q22E,A_N23M,A_Q24E,A_K25T,A_A26V,A_V92L,A_A93G,A_V96I,A_K104R,A_K105N,A_L106R,A_F107Y,A_E109M","3G6D:A, H, L::PMID=19361524",-2.361307907104493
"3g6d_A_V4N,A_L10E,A_L13I,A_V18R,A_N19R,A_I20K,A_T21C,A_N23T,A_Q24T,A_K25S,A_A26Q,A_V96D,A_K104R,A_L106K,A_F107Y,A_R108Q,A_E109S_H, L_A",-14.765663146972656,-12.121001052856446,"A_V4N,A_L10E,A_L13I,A_V18R,A_N19R,A_I20K,A_T21C,A_N23T,A_Q24T,A_K25S,A_A26Q,A_V96D,A_K104R,A_L106K,A_F107Y,A_R108Q,A_E109S","3G6D:A, H, L::PMID=19361524",-2.6446620941162102
"3g6d_A_V4P,A_L10E,A_V18K,A_N19K,A_Q22E,A_N23T,A_Q24S,A_K25S,A_A26R,A_A93T,A_V96I,A_K104R,A_K105Q,A_L106A,A_F107Y,A_E109S_H, L_A",-14.765663146972656,-12.29139747619629,"A_V4P,A_L10E,A_V18K,A_N19K,A_Q22E,A_N23T,A_Q24S,A_K25S,A_A26R,A_A93T,A_V96I,A_K104R,A_K105Q,A_L106A,A_F107Y,A_E109S","3G6D:A, H, L::PMID=19361524",-2.474265670776367
"3g6d_A_V4P,A_P5D,A_L10H,A_N19R,A_I20R,A_T21C,A_N23T,A_Q24T,A_K25S,A_A26V,A_V92L,A_A93R,A_V96L,A_K104R,A_F107Y,A_R108K,A_E109F_H, L_A",-14.765663146972656,-12.81332778930664,"A_V4P,A_P5D,A_L10H,A_N19R,A_I20R,A_T21C,A_N23T,A_Q24T,A_K25S,A_A26V,A_V92L,A_A93R,A_V96L,A_K104R,A_F107Y,A_R108K,A_E109F","3G6D:A, H, L::PMID=19361524",-1.9523353576660156
"3g6d_A_V4Q,A_L10E,A_V18R,A_I20K,A_T21C,A_Q22E,A_N23K,A_Q24E,A_A26E,A_A93H,A_K104R,A_K105M,A_L106Q,A_F107Y,A_E109S_H, L_A",-14.765663146972656,-12.12718505859375,"A_V4Q,A_L10E,A_V18R,A_I20K,A_T21C,A_Q22E,A_N23K,A_Q24E,A_A26E,A_A93H,A_K104R,A_K105M,A_L106Q,A_F107Y,A_E109S","3G6D:A, H, L::PMID=19361524",-2.638478088378907
"3knb_B_C15R,B_R18A,B_F19Y,B_R21A,B_E48S,B_A81E,B_V83D,B_V85E,B_C86A,B_R87G,B_A91R,B_A92N,B_E94A,B_A100R_A_B",-8.221684455871582,-7.490419101715088,"B_C15R,B_R18A,B_F19Y,B_R21A,B_E48S,B_A81E,B_V83D,B_V85E,B_C86A,B_R87G,B_A91R,B_A92N,B_E94A,B_A100R","3KNB:A, B::PMID=20489725",-0.731265354156494
"3knb_B_P13A,B_C15S,B_R18K,B_F19K,B_R21K,B_E48S,B_A81S,B_V85Q,B_R87H,B_R89S,B_A91S,B_A92N,B_E94A,B_A97E,B_A100N_A_B",-8.221684455871582,-7.539076328277588,"B_P13A,B_C15S,B_R18K,B_F19K,B_R21K,B_E48S,B_A81S,B_V85Q,B_R87H,B_R89S,B_A91S,B_A92N,B_E94A,B_A97E,B_A100N","3KNB:A, B::PMID=20489725",-0.6826081275939941
"3knb_B_P13A,B_C15S,B_R18T,B_F19Y,B_R21V,B_E48S,B_K49S,B_A81N,B_V83T,B_V85L,B_C86A,B_R87T,B_R89T,B_A91V,B_A92N,B_E94Q,B_A97P,B_A100R_A_B",-8.221684455871582,-7.145637321472168,"B_P13A,B_C15S,B_R18T,B_F19Y,B_R21V,B_E48S,B_K49S,B_A81N,B_V83T,B_V85L,B_C86A,B_R87T,B_R89T,B_A91V,B_A92N,B_E94Q,B_A97P,B_A100R","3KNB:A, B::PMID=20489725",-1.0760471343994142
"3knb_B_P13A,B_C15S,B_R18V,B_F19T,B_R21S,B_E48S,B_A81G,B_V83D,B_C86V,B_R87A,B_R89Q,B_A91D,B_A92F,B_E94S,B_A97S,B_A100R_A_B",-8.221684455871582,-6.8355896949768065,"B_P13A,B_C15S,B_R18V,B_F19T,B_R21S,B_E48S,B_A81G,B_V83D,B_C86V,B_R87A,B_R89Q,B_A91D,B_A92F,B_E94S,B_A97S,B_A100R","3KNB:A, B::PMID=20489725",-1.3860947608947756
"3knb_B_S12A,B_C15M,B_R18K,B_F19Y,B_E48S,B_A81G,B_V83D,B_R89V,B_A91S,B_A92N,B_E94A,B_A97F,B_A100R_A_B",-8.221684455871582,-7.375169181823731,"B_S12A,B_C15M,B_R18K,B_F19Y,B_E48S,B_A81G,B_V83D,B_R89V,B_A91S,B_A92N,B_E94A,B_A97F,B_A100R","3KNB:A, B::PMID=20489725",-0.8465152740478512
"3knb_B_S12K,B_P13A,B_C15M,B_R18H,B_P20L,B_E48S,B_A81S,B_V85I,B_R87H,B_R89E,B_A91R,B_A92Y,B_G93L,B_E94K,B_A100K_A_B",-8.221684455871582,-8.07086114883423,"B_S12K,B_P13A,B_C15M,B_R18H,B_P20L,B_E48S,B_A81S,B_V85I,B_R87H,B_R89E,B_A91R,B_A92Y,B_G93L,B_E94K,B_A100K","3KNB:A, B::PMID=20489725",-0.1508233070373528
"3knb_B_S12R,B_P13A,B_P14L,B_C15F,B_R18Q,B_F19V,B_R21Q,B_E48S,B_A81G,B_V83T,B_R87T,B_R89A,B_A91R,B_A92R,B_E94S,B_A100K_A_B",-8.221684455871582,-8.067679309844971,"B_S12R,B_P13A,B_P14L,B_C15F,B_R18Q,B_F19V,B_R21Q,B_E48S,B_A81G,B_V83T,B_R87T,B_R89A,B_A91R,B_A92R,B_E94S,B_A100K","3KNB:A, B::PMID=20489725",-0.15400514602661097
"3knb_B_S12V,B_P13A,B_C15M,B_R18T,B_F19R,B_R21V,B_E48S,B_V83D,B_V85T,B_R87H,B_R89A,B_A91H,B_A92N,B_E94A,B_A97S,B_A100C_A_B",-8.221684455871582,-7.379278945922851,"B_S12V,B_P13A,B_C15M,B_R18T,B_F19R,B_R21V,B_E48S,B_V83D,B_V85T,B_R87H,B_R89A,B_A91H,B_A92N,B_E94A,B_A97S,B_A100C","3KNB:A, B::PMID=20489725",-0.8424055099487306
"3q3j_A_E60K,A_W61L,A_R62C,A_Q63Y,A_G64S,A_R65S,A_I66T,A_R68A,A_V69L,A_V70I,A_E74F,A_D75K,A_I76R,A_L83P,A_M87I_B_A",-6.820855617523193,-7.280119705200195,"A_E60K,A_W61L,A_R62C,A_Q63Y,A_G64S,A_R65S,A_I66T,A_R68A,A_V69L,A_V70I,A_E74F,A_D75K,A_I76R,A_L83P,A_M87I","3Q3J:A, B:B_Y100F:PMID=21610070",0.4592640876770018
"3q3j_A_E60M,A_Q63R,A_G64T,A_R65A,A_I66S,A_R68S,A_E74F,A_D75N,A_I76S,A_T78S,A_L83A,A_M87K,A_H88I,A_Y89F,A_Q90G_B_A",-6.820855617523193,-7.140531349182129,"A_E60M,A_Q63R,A_G64T,A_R65A,A_I66S,A_R68S,A_E74F,A_D75N,A_I76S,A_T78S,A_L83A,A_M87K,A_H88I,A_Y89F,A_Q90G","3Q3J:A, B:B_Y100F:PMID=21610070",0.31967573165893537
"3q3j_A_E60M,A_W61L,A_Q63N,A_G64R,A_R65Y,A_I66R,A_R68S,A_V69H,A_E74F,A_D75N,A_I76R,A_L83M,A_M87R,A_Q90L_B_A",-6.820855617523193,-7.39960994720459,"A_E60M,A_W61L,A_Q63N,A_G64R,A_R65Y,A_I66R,A_R68S,A_V69H,A_E74F,A_D75N,A_I76R,A_L83M,A_M87R,A_Q90L","3Q3J:A, B:B_Y100F:PMID=21610070",0.5787543296813968
"3q3j_A_E60Q,A_W61V,A_Q63C,A_R65Q,A_I66C,A_A67L,A_R68S,A_V70M,A_E74F,A_D75N,A_I76R,A_T78S,A_L83R,A_M87R,A_Q90K,A_V91Y_B_A",-6.820855617523193,-7.388248443603516,"A_E60Q,A_W61V,A_Q63C,A_R65Q,A_I66C,A_A67L,A_R68S,A_V70M,A_E74F,A_D75N,A_I76R,A_T78S,A_L83R,A_M87R,A_Q90K,A_V91Y","3Q3J:A, B:B_Y100F:PMID=21610070",0.5673928260803223
"3q3j_A_E60R,A_R62L,A_Q63R,A_R65L,A_R68M,A_V70I,A_E74Y,A_D75N,A_I76L,A_L83P,A_M87A,A_Q90G_B_A",-6.820855617523193,-7.464916801452636,"A_E60R,A_R62L,A_Q63R,A_R65L,A_R68M,A_V70I,A_E74Y,A_D75N,A_I76L,A_L83P,A_M87A,A_Q90G","3Q3J:A, B:B_Y100F:PMID=21610070",0.644061183929443
"3q3j_A_E60R,A_W61F,A_R62A,A_Q63F,A_R65A,A_I66N,A_R68A,A_V70T,A_E74C,A_D75A,A_I76R,A_L83K,A_M87Y,A_Q90N_B_A",-6.820855617523193,-7.607279872894287,"A_E60R,A_W61F,A_R62A,A_Q63F,A_R65A,A_I66N,A_R68A,A_V70T,A_E74C,A_D75A,A_I76R,A_L83K,A_M87Y,A_Q90N","3Q3J:A, B:B_Y100F:PMID=21610070",0.7864242553710934
"3q3j_A_E60R,A_W61L,A_R62M,A_Q63C,A_R65E,A_I66V,A_A67Y,A_R68A,A_V69L,A_V70S,A_E74Y,A_I76S,A_T77S,A_T78S,A_L83A,A_M87Q,A_Q90R_B_A",-6.820855617523193,-7.22882308959961,"A_E60R,A_W61L,A_R62M,A_Q63C,A_R65E,A_I66V,A_A67Y,A_R68A,A_V69L,A_V70S,A_E74Y,A_I76S,A_T77S,A_T78S,A_L83A,A_M87Q,A_Q90R","3Q3J:A, B:B_Y100F:PMID=21610070",0.40796747207641637
"3q3j_A_W61L,A_R62I,A_Q63S,A_R65K,A_R68K,A_V69R,A_V70T,A_E74F,A_D75Y,A_T77S,A_T78S,A_M87A,A_Q90H_B_A",-6.820855617523193,-7.198452472686768,"A_W61L,A_R62I,A_Q63S,A_R65K,A_R68K,A_V69R,A_V70T,A_E74F,A_D75Y,A_T77S,A_T78S,A_M87A,A_Q90H","3Q3J:A, B:B_Y100F:PMID=21610070",0.3775968551635742
"3sgb_E_D140S,E_G165V_I_E",-8.340642929077148,-12.012866592407226,"E_D140S,E_G165V","3SGB:E, I:I_L12K, I_T11P:PMID=Stephen Ming-teh Lu, PhD Thesis, Purdue University, 2000",3.6722236633300778
3sgb_E_G142P_I_E,-8.340642929077148,-12.426734924316406,E_G142P,"3SGB:E, I:I_L12K, I_T11P:PMID=Stephen Ming-teh Lu, PhD Thesis, Purdue University, 2000",4.086091995239258
"3sgb_E_N119T,E_G139D,E_L154T,E_G157Y_I_E",-8.340642929077148,-13.378116035461426,"E_N119T,E_G139D,E_L154T,E_G157Y","3SGB:E, I:I_L12K, I_T11P:PMID=Stephen Ming-teh Lu, PhD Thesis, Purdue University, 2000",5.037473106384278
"3sgb_E_T11H,E_G32Y,E_E137A,E_G166K_I_E",-8.340642929077148,-13.201387214660645,"E_T11H,E_G32Y,E_E137A,E_G166K","3SGB:E, I:I_L12K, I_T11P:PMID=Stephen Ming-teh Lu, PhD Thesis, Purdue University, 2000",4.860744285583497
"3sgb_E_T11H,E_H33C,E_N119D,E_L154T,E_G157P_I_E",-8.340642929077148,-12.410737228393554,"E_T11H,E_H33C,E_N119D,E_L154T,E_G157P","3SGB:E, I:I_L12K, I_T11P:PMID=Stephen Ming-teh Lu, PhD Thesis, Purdue University, 2000",4.0700942993164055
"3sgb_E_T11S,E_T168S_I_E",-8.340642929077148,-14.132282257080078,"E_T11S,E_T168S","3SGB:E, I:I_L12K, I_T11P:PMID=Stephen Ming-teh Lu, PhD Thesis, Purdue University, 2000",5.79163932800293
"3sgb_E_T30H,E_N62A,E_G101C,E_G158T_I_E",-8.340642929077148,-13.113818740844726,"E_T30H,E_N62A,E_G101C,E_G158T","3SGB:E, I:I_L12K, I_T11P:PMID=Stephen Ming-teh Lu, PhD Thesis, Purdue University, 2000",4.773175811767578
3sgb__I_E,-8.340642929077148,-13.872945404052734,,"3SGB:E, I:I_L12K, I_T11P:PMID=Stephen Ming-teh Lu, PhD Thesis, Purdue University, 2000",5.532302474975586
"4dm8_C_K631E,C_I632M,C_R635K,C_L636P,C_Q638A_A_C",-7.944808006286621,-7.693106174468994,"C_K631E,C_I632M,C_R635K,C_L636P,C_Q638A","4DM8:A, C::PMID=22355136",-0.25170183181762695
"4dm8_C_K631M,C_I632F,C_Q638N_A_C",-7.944808006286621,-7.944478511810303,"C_K631M,C_I632F,C_Q638N","4DM8:A, C::PMID=22355136",-0.0003294944763183594
"4dm8_C_K631N,C_R635S,C_L636H,C_Q638S_A_C",-7.944808006286621,-8.01739444732666,"C_K631N,C_R635S,C_L636H,C_Q638S","4DM8:A, C::PMID=22355136",0.07258644104003942
"4dm8_C_K631S,C_I632G,C_R635I,C_Q638E_A_C",-7.944808006286621,-7.867673397064209,"C_K631S,C_I632G,C_R635I,C_Q638E","4DM8:A, C::PMID=22355136",-0.07713460922241211
"4dm8_C_K631S,C_L633S,C_R635K,C_L637R,C_Q638S_A_C",-7.944808006286621,-7.876594543457031,"C_K631S,C_L633S,C_R635K,C_L637R,C_Q638S","4DM8:A, C::PMID=22355136",-0.06821346282958984
"4dm8_C_K631S,C_R635E,C_Q638S_A_C",-7.944808006286621,-8.22488193511963,"C_K631S,C_R635E,C_Q638S","4DM8:A, C::PMID=22355136",0.2800739288330085
"4dm8_C_K631S,C_R635L,C_Q638S_A_C",-7.944808006286621,-8.106581497192384,"C_K631S,C_R635L,C_Q638S","4DM8:A, C::PMID=22355136",0.16177349090576243
"4dm8_C_K631T,C_R635K,C_Q638E_A_C",-7.944808006286621,-8.050700855255126,"C_K631T,C_R635K,C_Q638E","4DM8:A, C::PMID=22355136",0.10589284896850515
"4gxu_U_F27Y,U_H107W,U_Y110H,U_S111A,V_L54T,V_N55A,V_Q56S,V_S66Y_I_U, V",-11.192771911621094,-11.019228553771972,"U_F27Y,U_H107W,U_Y110H,U_S111A,V_L54T,V_N55A,V_Q56S,V_S66Y","4GXU:I, U, V::PMID=23236279",-0.17354335784912145
"4gxu_U_F27Y,U_T28V,U_M102R,U_H107Y,U_S111A,V_L54T,V_N55S,V_Q56L_I_U, V",-11.192771911621094,-10.735848236083985,"U_F27Y,U_T28V,U_M102R,U_H107Y,U_S111A,V_L54T,V_N55S,V_Q56L","4GXU:I, U, V::PMID=23236279",-0.45692367553710866
"4gxu_U_M102T,U_D103V,U_D106N,U_H107W,U_I108T,U_Y110K,U_S111A,V_I51V,V_L54D,V_N55S,V_Q56L_I_U, V",-11.192771911621094,-10.894625473022462,"U_M102T,U_D103V,U_D106N,U_H107W,U_I108T,U_Y110K,U_S111A,V_I51V,V_L54D,V_N55S,V_Q56L","4GXU:I, U, V::PMID=23236279",-0.2981464385986321
"4gxu_U_M102V,U_Y105C,U_D106N,U_H107S,U_Y110V,U_S111D,V_L54T,V_N55S,V_Q56S_I_U, V",-11.192771911621094,-11.11176414489746,"U_M102V,U_Y105C,U_D106N,U_H107S,U_Y110V,U_S111D,V_L54T,V_N55S,V_Q56S","4GXU:I, U, V::PMID=23236279",-0.08100776672363352
"4gxu_U_S31N,U_M102Q,U_H107F,U_Y110F,U_S111A,U_P112A,V_I51C,V_L54T,V_N55S,V_Q56L,V_G67Y,V_S68N_I_U, V",-11.192771911621094,-10.651375579833985,"U_S31N,U_M102Q,U_H107F,U_Y110F,U_S111A,U_P112A,V_I51C,V_L54T,V_N55S,V_Q56L,V_G67Y,V_S68N","4GXU:I, U, V::PMID=23236279",-0.5413963317871087
"4gxu_U_Y32W,U_D54C,U_L101W,U_M102R,U_H107W,U_I108K,U_S111A,V_N55T,V_S66C,V_G67L_I_U, V",-11.192771911621094,-10.725481033325195,"U_Y32W,U_D54C,U_L101W,U_M102R,U_H107W,U_I108K,U_S111A,V_N55T,V_S66C,V_G67L","4GXU:I, U, V::PMID=23236279",-0.46729087829589844
"4gxu_U_Y53A,U_M102R,U_Y104G,U_H107F,U_G109W,U_S111I,V_L54P,V_N55S,V_Q56S,V_S66T_I_U, V",-11.192771911621094,-10.540043830871582,"U_Y53A,U_M102R,U_Y104G,U_H107F,U_G109W,U_S111I,V_L54P,V_N55S,V_Q56S,V_S66T","4GXU:I, U, V::PMID=23236279",-0.6527280807495117
"4gxu_U_Y53M,U_L101Y,U_M102N,U_S111A,V_S53A,V_L54D,V_N55T,V_S66V_I_U, V",-11.192771911621094,-10.67225456237793,"U_Y53M,U_L101Y,U_M102N,U_S111A,V_S53A,V_L54D,V_N55T,V_S66V","4GXU:I, U, V::PMID=23236279",-0.5205173492431641
"4jpk_H_E46C,H_W50M,H_N54R,H_Q62E,H_K63R,H_Y104F,H_N105C_A_H, L",-10.073107719421387,-8.4812087059021,"H_E46C,H_W50M,H_N54R,H_Q62E,H_K63R,H_Y104F,H_N105C","4JPK:A, H, L:A_T35S:PMID=23539181",-1.5918990135192868
"4jpk_H_G49D,H_I51F,H_P53L,H_N54Q,H_Q65K,H_T69G,H_N105D,L_I2V,L_S28E_A_H, L",-10.073107719421387,-8.334239673614501,"H_G49D,H_I51F,H_P53L,H_N54Q,H_Q65K,H_T69G,H_N105D,L_I2V,L_S28E","4JPK:A, H, L:A_T35S:PMID=23539181",-1.7388680458068855
"4jpk_H_G49M,H_W50Y,H_N52W,H_N54A,H_G56A,H_G57T,H_K63Q,H_T69S,H_S102D,H_D103W,H_N105D,L_E1F,L_I2V,L_Q89K_A_H, L",-10.073107719421387,-9.000094604492187,"H_G49M,H_W50Y,H_N52W,H_N54A,H_G56A,H_G57T,H_K63Q,H_T69S,H_S102D,H_D103W,H_N105D,L_E1F,L_I2V,L_Q89K","4JPK:A, H, L:A_T35S:PMID=23539181",-1.0730131149292
"4jpk_H_N54A,H_G57F,H_Y60K,H_Y104N,H_N105E,L_I2L,L_E92V_A_H, L",-10.073107719421387,-8.416268157958985,"H_N54A,H_G57F,H_Y60K,H_Y104N,H_N105E,L_I2L,L_E92V","4JPK:A, H, L:A_T35S:PMID=23539181",-1.6568395614624016
"4jpk_H_W50M,H_N52S,H_N54E,H_K63L,H_Q65R,H_S102R,H_D103N,H_N105Q,L_E1K,L_I2Y,L_Y91T_A_H, L",-10.073107719421387,-7.866034317016601,"H_W50M,H_N52S,H_N54E,H_K63L,H_Q65R,H_S102R,H_D103N,H_N105Q,L_E1K,L_I2Y,L_Y91T","4JPK:A, H, L:A_T35S:PMID=23539181",-2.2070734024047853
"4jpk_H_W50Q,H_N54S,H_Q62E,H_K63A,H_S102D,H_Y104W,H_N105P,L_I2L,L_S28R,L_E92Y_A_H, L",-10.073107719421387,-7.692450141906738,"H_W50Q,H_N54S,H_Q62E,H_K63A,H_S102D,H_Y104W,H_N105P,L_I2L,L_S28R,L_E92Y","4JPK:A, H, L:A_T35S:PMID=23539181",-2.380657577514649
"4jpk_H_Y32Q,H_N54R,H_N59A,H_Q62R,H_S102T,L_I2D,L_G208P_A_H, L",-10.073107719421387,-7.19295015335083,"H_Y32Q,H_N54R,H_N59A,H_Q62R,H_S102T,L_I2D,L_G208P","4JPK:A, H, L:A_T35S:PMID=23539181",-2.8801575660705563
"4jpk_H_Y32W,H_N54S,H_T58P,H_Y60F,H_K63A,H_Q65R,H_T69Y,H_T71N,H_S102N,H_N105S,L_Q89P_A_H, L",-10.073107719421387,-8.149045276641846,"H_Y32W,H_N54S,H_T58P,H_Y60F,H_K63A,H_Q65R,H_T69Y,H_T71N,H_S102N,H_N105S,L_Q89P","4JPK:A, H, L:A_T35S:PMID=23539181",-1.9240624427795403
"4m62_I_F29D,I_S30A,I_S31M,I_I54E,I_G56Q,I_T57H,I_A72T,I_K74L,I_R98M,I_S104D,I_W106D,I_L107Y,M_S32D,M_Y92D,M_G93Y,M_S95V_T_I, M",-11.718320846557617,-10.01224594116211,"I_F29D,I_S30A,I_S31M,I_I54E,I_G56Q,I_T57H,I_A72T,I_K74L,I_R98M,I_S104D,I_W106D,I_L107Y,M_S32D,M_Y92D,M_G93Y,M_S95V","4M62:I, M, T::PMID=TBD",-1.706074905395507
"4m62_I_S30A,I_S31T,I_F55D,I_G56R,I_T57H,I_K74L,I_S104P,I_W106N,I_L107F,I_K109R,M_S32Y,M_G93M,M_S95I_T_I, M",-11.718320846557617,-10.646806526184083,"I_S30A,I_S31T,I_F55D,I_G56R,I_T57H,I_K74L,I_S104P,I_W106N,I_L107F,I_K109R,M_S32Y,M_G93M,M_S95I","4M62:I, M, T::PMID=TBD",-1.0715143203735344
"4m62_I_S30G,I_S31Y,I_I51E,I_I54V,I_T57A,I_K74A,I_S104A,I_G105A,I_W106Y,I_L107S,I_K109Q,M_Q91H,M_G93D,M_S95N_T_I, M",-11.718320846557617,-10.204706954956055,"I_S30G,I_S31Y,I_I51E,I_I54V,I_T57A,I_K74A,I_S104A,I_G105A,I_W106Y,I_L107S,I_K109Q,M_Q91H,M_G93D,M_S95N","4M62:I, M, T::PMID=TBD",-1.5136138916015618
"4m62_I_S30N,I_S31T,I_P53A,I_F55P,I_T57N,I_D73N,I_K74S,I_S104E,I_W106D,I_L107Y,I_K109R,M_S94L_T_I, M",-11.718320846557617,-9.998273468017578,"I_S30N,I_S31T,I_P53A,I_F55P,I_T57N,I_D73N,I_K74S,I_S104E,I_W106D,I_L107Y,I_K109R,M_S94L","4M62:I, M, T::PMID=TBD",-1.7200473785400394
"4m62_I_S31A,I_I54L,I_G56K,I_T57H,I_K74S,I_S104P,I_W106D,I_L107N,I_G108M,I_K109I,M_S32H,M_G93N,M_S95V_T_I, M",-11.718320846557617,-10.219590950012208,"I_S31A,I_I54L,I_G56K,I_T57H,I_K74S,I_S104P,I_W106D,I_L107N,I_G108M,I_K109I,M_S32H,M_G93N,M_S95V","4M62:I, M, T::PMID=TBD",-1.4987298965454094
"4m62_I_S31E,I_I51V,I_I54R,I_T57N,I_S104L,I_W106D,I_L107S,I_K109G_T_I, M",-11.718320846557617,-9.986066246032715,"I_S31E,I_I51V,I_I54R,I_T57N,I_S104L,I_W106D,I_L107S,I_K109G","4M62:I, M, T::PMID=TBD",-1.732254600524902
"4m62_I_S31G,I_F55M,I_G56R,I_T57L,I_A58E,I_K74R,I_W106F,I_L107F,I_K109A,M_G93N_T_I, M",-11.718320846557617,-10.694559478759766,"I_S31G,I_F55M,I_G56R,I_T57L,I_A58E,I_K74R,I_W106F,I_L107F,I_K109A,M_G93N","4M62:I, M, T::PMID=TBD",-1.0237613677978512
"4m62_I_S31T,I_G49V,I_P53W,I_I54V,I_T57A,I_A58E,I_A72G,I_K74A,I_R98P,I_S104Y,I_W106D,I_L107Y,I_K109R,M_S32N,M_S95I_T_I, M",-11.718320846557617,-10.282747077941895,"I_S31T,I_G49V,I_P53W,I_I54V,I_T57A,I_A58E,I_A72G,I_K74A,I_R98P,I_S104Y,I_W106D,I_L107Y,I_K109R,M_S32N,M_S95I","4M62:I, M, T::PMID=TBD",-1.435573768615722
"4nkq_C_E1D,C_H2A,C_V3T,C_N14K,C_M33L,C_Q37E,C_I104Y_A, B_C",-12.23194408416748,-12.370970726013184,"C_E1D,C_H2A,C_V3T,C_N14K,C_M33L,C_Q37E,C_I104Y","4NKQ:A, B, C:B_D176E:PMID=27396825",0.13902664184570312
"4nkq_C_E1D,C_V3Y,C_A9M,C_N14Q,C_M33R,C_Q37K,C_L102N_A, B_C",-12.23194408416748,-11.624219512939453,"C_E1D,C_V3Y,C_A9M,C_N14Q,C_M33R,C_Q37K,C_L102N","4NKQ:A, B, C:B_D176E:PMID=27396825",-0.6077245712280277
"4nkq_C_N14R,C_M33Q,C_F34V,C_P105Q_A, B_C",-12.23194408416748,-12.402037048339844,"C_N14R,C_M33Q,C_F34V,C_P105Q","4NKQ:A, B, C:B_D176E:PMID=27396825",0.17009296417236364
"4nkq_C_Q37H_A, B_C",-12.23194408416748,-12.028688430786133,C_Q37H,"4NKQ:A, B, C:B_D176E:PMID=27396825",-0.20325565338134766
"4nkq_C_Q7H,C_E32N,C_L36T_A, B_C",-12.23194408416748,-12.162732696533203,"C_Q7H,C_E32N,C_L36T","4NKQ:A, B, C:B_D176E:PMID=27396825",-0.0692113876342777
"4nkq_C_R11V,C_N14Q,C_M33W,C_K98E_A, B_C",-12.23194408416748,-12.715446090698242,"C_R11V,C_N14Q,C_M33W,C_K98E","4NKQ:A, B, C:B_D176E:PMID=27396825",0.48350200653076136
"4nkq_C_V3K,C_N4A,C_A9F,C_N14D,C_M33W,C_L101T_A, B_C",-12.23194408416748,-12.48296241760254,"C_V3K,C_N4A,C_A9F,C_N14D,C_M33W,C_L101T","4NKQ:A, B, C:B_D176E:PMID=27396825",0.2510183334350593
"4nkq__A, B_C",-12.23194408416748,-12.612134170532226,,"4NKQ:A, B, C:B_D176E:PMID=27396825",0.3801900863647454
"5k39_A_L76I,A_L77S,A_V80K,A_N81F,A_N89K,A_Y90R,A_S92T,A_C93I,A_V95S,A_Y96D,A_R133E,A_F134Y,A_T142V,A_I145V,A_W147D,A_Y148F_B_A",-7.895566463470459,-9.916146659851075,"A_L76I,A_L77S,A_V80K,A_N81F,A_N89K,A_Y90R,A_S92T,A_C93I,A_V95S,A_Y96D,A_R133E,A_F134Y,A_T142V,A_I145V,A_W147D,A_Y148F","5K39:A, B:B_F142A:PMID=27924829",2.0205801963806156
"5k39_A_L76M,A_L77H,A_T78L,A_A79M,A_V80K,A_N89D,A_A91G,A_C93H,A_Y94F,A_V95T,A_Y96D,A_R133S,A_T135A,A_T142V,A_L143T,A_I145L,A_D146F,A_W147D,A_Y148R,A_Q150N_B_A",-7.895566463470459,-9.905165481567384,"A_L76M,A_L77H,A_T78L,A_A79M,A_V80K,A_N89D,A_A91G,A_C93H,A_Y94F,A_V95T,A_Y96D,A_R133S,A_T135A,A_T142V,A_L143T,A_I145L,A_D146F,A_W147D,A_Y148R,A_Q150N","5K39:A, B:B_F142A:PMID=27924829",2.0095990180969245
"5k39_A_L76W,A_L77Q,A_T78H,A_V80R,A_A91M,A_S92N,A_C93Q,A_Y94F,A_V95T,A_Y96Q,A_T132S,A_R133H,A_T142K,A_L143I,A_V144I,A_I145L,A_W147Y,A_Y148F,A_G149C,A_Q150N_B_A",-7.895566463470459,-10.481052780151368,"A_L76W,A_L77Q,A_T78H,A_V80R,A_A91M,A_S92N,A_C93Q,A_Y94F,A_V95T,A_Y96Q,A_T132S,A_R133H,A_T142K,A_L143I,A_V144I,A_I145L,A_W147Y,A_Y148F,A_G149C,A_Q150N","5K39:A, B:B_F142A:PMID=27924829",2.5854863166809086
"5k39_A_L77K,A_V80R,A_N89D,A_Y90A,A_A91C,A_S92A,A_C93I,A_Y96D,A_T132W,A_R133V,A_F134Y,A_T142V,A_L143I,A_I145C,A_Y148T,A_Q150N_B_A",-7.895566463470459,-9.942776679992676,"A_L77K,A_V80R,A_N89D,A_Y90A,A_A91C,A_S92A,A_C93I,A_Y96D,A_T132W,A_R133V,A_F134Y,A_T142V,A_L143I,A_I145C,A_Y148T,A_Q150N","5K39:A, B:B_F142A:PMID=27924829",2.047210216522217
"5k39_A_L77M,A_T78Q,A_V80Q,A_S92R,A_C93I,A_V95L,A_T132S,A_R133H,A_T135A,A_T142V,A_L143Q,A_I145V,A_D146N,A_W147D,A_Y148L,A_Q150D_B_A",-7.895566463470459,-9.514815139770509,"A_L77M,A_T78Q,A_V80Q,A_S92R,A_C93I,A_V95L,A_T132S,A_R133H,A_T135A,A_T142V,A_L143Q,A_I145V,A_D146N,A_W147D,A_Y148L,A_Q150D","5K39:A, B:B_F142A:PMID=27924829",1.6192486763000495
"5k39_A_P75F,A_L76I,A_L77K,A_T78K,A_V80K,A_A91M,A_S92P,A_C93I,A_V95S,A_Y96D,A_T132F,A_R133P,A_T142V,A_L143Q,A_D146N,A_W147A,A_Y148Q,A_Q150G_B_A",-7.895566463470459,-9.778668785095215,"A_P75F,A_L76I,A_L77K,A_T78K,A_V80K,A_A91M,A_S92P,A_C93I,A_V95S,A_Y96D,A_T132F,A_R133P,A_T142V,A_L143Q,A_D146N,A_W147A,A_Y148Q,A_Q150G","5K39:A, B:B_F142A:PMID=27924829",1.8831023216247562
"5k39_A_P75M,A_L76H,A_L77R,A_V80R,A_N89D,A_A91K,A_C93I,A_V95A,A_Y96D,A_T132S,A_R133I,A_F134P,A_T142V,A_L143K,A_I145T,A_W147A,A_Y148T,A_Q150N_B_A",-7.895566463470459,-9.540571594238282,"A_P75M,A_L76H,A_L77R,A_V80R,A_N89D,A_A91K,A_C93I,A_V95A,A_Y96D,A_T132S,A_R133I,A_F134P,A_T142V,A_L143K,A_I145T,A_W147A,A_Y148T,A_Q150N","5K39:A, B:B_F142A:PMID=27924829",1.6450051307678226
"5k39_A_Q35S,A_L77R,A_T78R,A_V80R,A_A91S,A_C93I,A_V95R,A_Y96E,A_R133Y,A_F134Y,A_T142V,A_V144I,A_I145V,A_W147N,A_Q150D_B_A",-7.895566463470459,-9.815792274475097,"A_Q35S,A_L77R,A_T78R,A_V80R,A_A91S,A_C93I,A_V95R,A_Y96E,A_R133Y,A_F134Y,A_T142V,A_V144I,A_I145V,A_W147N,A_Q150D","5K39:A, B:B_F142A:PMID=27924829",1.920225811004638
"6cwt_C_I52L,C_I54T,C_N56D,C_R99S,C_T100G,C_V103S,D_G31Y,D_I49T,D_S50V,D_A51S,D_S53R,D_N54T,D_L55E,D_S94N,D_I96V_F_C, D",-15.959397315979004,-11.789920425415039,"C_I52L,C_I54T,C_N56D,C_R99S,C_T100G,C_V103S,D_G31Y,D_I49T,D_S50V,D_A51S,D_S53R,D_N54T,D_L55E,D_S94N,D_I96V","6CWT:C, D, F::PMID=TBD",-4.169476890563965
"6cwt_C_V49I,C_I54H,C_N56D,C_T100V,C_V103D,D_N32A,D_I49T,D_A51T,D_G52S,D_N54I,D_R64T,D_S66G,D_T92Q,D_S94T,D_A95S,D_I96H_F_C, D",-15.959397315979004,-10.52665023803711,"C_V49I,C_I54H,C_N56D,C_T100V,C_V103D,D_N32A,D_I49T,D_A51T,D_G52S,D_N54I,D_R64T,D_S66G,D_T92Q,D_S94T,D_A95S,D_I96H","6CWT:C, D, F::PMID=TBD",-5.432747077941894
"6cwt_C_V49I,C_Y51F,C_I54F,C_I55V,C_N56H,C_A98S,C_R99Q,C_T100S,C_R101H,C_V103E,D_I49P,D_S50R,D_S53N,D_N54G,D_R64V,D_S66G,D_Y93L,D_A95G,D_I96V_F_C, D",-15.959397315979004,-11.71718521118164,"C_V49I,C_Y51F,C_I54F,C_I55V,C_N56H,C_A98S,C_R99Q,C_T100S,C_R101H,C_V103E,D_I49P,D_S50R,D_S53N,D_N54G,D_R64V,D_S66G,D_Y93L,D_A95G,D_I96V","6CWT:C, D, F::PMID=TBD",-4.242212104797364
"6cwt_C_V49L,C_E50M,C_Y51W,C_I54R,C_N56S,C_R99N,C_T100M,C_V103S,D_G31S,D_N32A,D_A33S,D_S50R,D_A51S,D_G52T,D_S53V,D_R64Q,D_S68W,D_T92C,D_S94N,D_A95P,D_I96Q_F_C, D",-15.959397315979004,-10.05589656829834,"C_V49L,C_E50M,C_Y51W,C_I54R,C_N56S,C_R99N,C_T100M,C_V103S,D_G31S,D_N32A,D_A33S,D_S50R,D_A51S,D_G52T,D_S53V,D_R64Q,D_S68W,D_T92C,D_S94N,D_A95P,D_I96Q","6CWT:C, D, F::PMID=TBD",-5.903500747680663
"6cwt_C_V49L,C_E50Q,C_Y51F,C_I55V,C_N56S,C_T100A,C_R101K,C_V103R,D_S29N,D_I30R,D_G31F,D_N32S,D_A33S,D_S50R,D_A51S,D_S53N,D_N54V,D_T92I,D_Y93Q,D_S94T,D_A95N,D_I96A_F_C, D",-15.959397315979004,-10.389730834960938,"C_V49L,C_E50Q,C_Y51F,C_I55V,C_N56S,C_T100A,C_R101K,C_V103R,D_S29N,D_I30R,D_G31F,D_N32S,D_A33S,D_S50R,D_A51S,D_S53N,D_N54V,D_T92I,D_Y93Q,D_S94T,D_A95N,D_I96A","6CWT:C, D, F::PMID=TBD",-5.569666481018066
"6cwt_C_V49L,C_Y51W,C_I54R,C_N56S,C_R99K,C_T100S,C_R101Y,C_V103W,C_H218Y,D_S29A,D_N32S,D_A33S,D_S50K,D_A51S,D_G52T,D_S53G,D_N54T,D_R64V,D_S66G,D_T92E,D_Y93L,D_A95K_F_C, D",-15.959397315979004,-10.788150978088378,"C_V49L,C_Y51W,C_I54R,C_N56S,C_R99K,C_T100S,C_R101Y,C_V103W,C_H218Y,D_S29A,D_N32S,D_A33S,D_S50K,D_A51S,D_G52T,D_S53G,D_N54T,D_R64V,D_S66G,D_T92E,D_Y93L,D_A95K","6CWT:C, D, F::PMID=TBD",-5.171246337890626
"6cwt_C_V49L,C_Y51W,C_N56T,C_R99S,C_T100A,C_R101S,C_V103S,D_N32G,D_S50A,D_A51S,D_G52K,D_S53K,D_N54T,D_L55R,D_R64Q,D_S66G,D_T92N_F_C, D",-15.959397315979004,-10.403353309631347,"C_V49L,C_Y51W,C_N56T,C_R99S,C_T100A,C_R101S,C_V103S,D_N32G,D_S50A,D_A51S,D_G52K,D_S53K,D_N54T,D_L55R,D_R64Q,D_S66G,D_T92N","6CWT:C, D, F::PMID=TBD",-5.556044006347657
"6cwt_C_V49T,C_E50C,C_Y51W,C_N56S,C_R99F,C_T100A,C_R101S,C_V103E,D_G31K,D_A33S,D_S50K,D_A51S,D_G52R,D_S53Q,D_N54G,D_R64V,D_S66G,D_T92K,D_Y93L,D_S94R,D_A95T,D_I96L_F_C, D",-15.959397315979004,-11.32287826538086,"C_V49T,C_E50C,C_Y51W,C_N56S,C_R99F,C_T100A,C_R101S,C_V103E,D_G31K,D_A33S,D_S50K,D_A51S,D_G52R,D_S53Q,D_N54G,D_R64V,D_S66G,D_T92K,D_Y93L,D_S94R,D_A95T,D_I96L","6CWT:C, D, F::PMID=TBD",-4.636519050598144
