ID,dG_true,dG_pred,mutstr,complex_id,score
"1ao7_A_A166E_D, E_A, B, C",-4.596673011779785,-7.637615585327149,A_A166E,"1AO7:A, B, C, D, E:A_E166A, D_K66A:PMID=23736024",3.0409425735473636
"1ao7_A_A69Q,A_H145Y,A_A166E_D, E_A, B, C",-4.596673011779785,-6.897046184539795,"A_A69Q,A_H145Y,A_A166E","1AO7:A, B, C, D, E:A_E166A, D_K66A:PMID=23736024",2.3003731727600094
"1ao7_A_E154S,A_A166E_D, E_A, B, C",-4.596673011779785,-8.631314277648926,"A_E154S,A_A166E","1AO7:A, B, C, D, E:A_E166A, D_K66A:PMID=23736024",4.034641265869141
"1ao7_A_P57Q,A_E58I,A_K68M,A_A166E_D, E_A, B, C",-4.596673011779785,-7.882144355773926,"A_P57Q,A_E58I,A_K68M,A_A166E","1AO7:A, B, C, D, E:A_E166A, D_K66A:PMID=23736024",3.285471343994141
"1ao7_A_Q72W,A_A150C,A_A166E_D, E_A, B, C",-4.596673011779785,-7.768555641174316,"A_Q72W,A_A150C,A_A166E","1AO7:A, B, C, D, E:A_E166A, D_K66A:PMID=23736024",3.1718826293945312
"1ao7_A_R65M,A_V67E,A_K68L,A_A166E_D, E_A, B, C",-4.596673011779785,-6.695166492462159,"A_R65M,A_V67E,A_K68L,A_A166E","1AO7:A, B, C, D, E:A_E166A, D_K66A:PMID=23736024",2.0984934806823734
"1ao7_A_T64F,A_K146Y,A_R157Y,A_A166E_D, E_A, B, C",-4.596673011779785,-8.119802093505859,"A_T64F,A_K146Y,A_R157Y,A_A166E","1AO7:A, B, C, D, E:A_E166A, D_K66A:PMID=23736024",3.523129081726074
"1ao7_A_V67F,A_A166E_D, E_A, B, C",-4.596673011779785,-7.660774993896484,"A_V67F,A_A166E","1AO7:A, B, C, D, E:A_E166A, D_K66A:PMID=23736024",3.064101982116699
"1b2s_A_A27E,A_K39L,A_Q104K_D_A",-13.717446327209473,-15.270974922180176,"A_A27E,A_K39L,A_Q104K","1B2S:A, D:D_A43T:PMID=7739054",1.5535285949707038
"1b2s_A_A27K,A_A37P,A_S38H,A_I55V,A_D101H,A_H102Q_D_A",-13.717446327209473,-13.992355346679688,"A_A27K,A_A37P,A_S38H,A_I55V,A_D101H,A_H102Q","1B2S:A, D:D_A43T:PMID=7739054",0.27490901947021484
"1b2s_A_A27K,A_I55D,A_G81H,A_T100N_D_A",-13.717446327209473,-16.360072326660156,"A_A27K,A_I55D,A_G81H,A_T100N","1B2S:A, D:D_A43T:PMID=7739054",2.642625999450683
"1b2s_A_A27K,A_N58K,A_T100I,A_Y103H_D_A",-13.717446327209473,-15.196990776062012,"A_A27K,A_N58K,A_T100I,A_Y103H","1B2S:A, D:D_A43T:PMID=7739054",1.4795444488525398
"1b2s_A_A27K,A_T99P_D_A",-13.717446327209473,-16.171117973327636,"A_A27K,A_T99P","1B2S:A, D:D_A43T:PMID=7739054",2.4536716461181634
"1b2s_A_A27K,A_V36Q,A_R83G,A_T99P_D_A",-13.717446327209473,-14.99061279296875,"A_A27K,A_V36Q,A_R83G,A_T99P","1B2S:A, D:D_A43T:PMID=7739054",1.273166465759278
"1b2s_A_K39L,A_S50A,A_S57M_D_A",-13.717446327209473,-15.380047035217284,"A_K39L,A_S50A,A_S57M","1B2S:A, D:D_A43T:PMID=7739054",1.6626007080078118
"1b2s_A_T26A,A_A27T,A_I55Y,A_T100A_D_A",-13.717446327209473,-15.57848892211914,"A_T26A,A_A27T,A_I55Y,A_T100A","1B2S:A, D:D_A43T:PMID=7739054",1.8610425949096676
"1b6c_D_Y182D,D_D183E,D_M184D,D_T185Q,D_T186I,D_S187E,D_L196M,D_R199K,D_T200C,D_I201V,D_R203Y,D_E238D,D_S241L,D_F243H,D_R244T,D_E247N,D_Y249F_C_D",-8.939197540283203,-8.752083683013916,"D_Y182D,D_D183E,D_M184D,D_T185Q,D_T186I,D_S187E,D_L196M,D_R199K,D_T200C,D_I201V,D_R203Y,D_E238D,D_S241L,D_F243H,D_R244T,D_E247N,D_Y249F","1B6C:C, D::PMID=10025408",-0.18711385726928675
"1b6c_D_Y182D,D_D183E,D_M184L,D_T185F,D_T186I,D_S187D,D_S189Q,D_V197E,D_Q198E,D_R199M,D_T200H,D_I201V,D_R203K,D_E238C,D_E239M,D_S241L,D_F243H,D_R244N,D_E247R,D_Q250H,D_T251E,D_A264V,D_D266Y_C_D",-8.939197540283203,-8.72849702835083,"D_Y182D,D_D183E,D_M184L,D_T185F,D_T186I,D_S187D,D_S189Q,D_V197E,D_Q198E,D_R199M,D_T200H,D_I201V,D_R203K,D_E238C,D_E239M,D_S241L,D_F243H,D_R244N,D_E247R,D_Q250H,D_T251E,D_A264V,D_D266Y","1B6C:C, D::PMID=10025408",-0.21070051193237305
"1b6c_D_Y182D,D_D183E,D_T185L,D_S187E,D_V197Q,D_R199G,D_T200L,D_I201M,D_R203N,D_E238F,D_E239V,D_S241E,D_W242F,D_F243S,D_R244T,D_E247D,D_Q250E,D_T251I,D_A264C,D_D266E_C_D",-8.939197540283203,-8.278044700622559,"D_Y182D,D_D183E,D_T185L,D_S187E,D_V197Q,D_R199G,D_T200L,D_I201M,D_R203N,D_E238F,D_E239V,D_S241E,D_W242F,D_F243S,D_R244T,D_E247D,D_Q250E,D_T251I,D_A264C,D_D266E","1B6C:C, D::PMID=10025408",-0.6611528396606445
"1b6c_D_Y182D,D_D183Q,D_T185M,D_T186C,D_S187D,D_L195T,D_L196F,D_V197L,D_R199A,D_T200K,D_I201V,D_R203N,D_E238D,D_E239V,D_S241M,D_W242F,D_F243N,D_R244N,D_Q250E,D_T251H,D_A264F,D_D266W_C_D",-8.939197540283203,-8.48949213027954,"D_Y182D,D_D183Q,D_T185M,D_T186C,D_S187D,D_L195T,D_L196F,D_V197L,D_R199A,D_T200K,D_I201V,D_R203N,D_E238D,D_E239V,D_S241M,D_W242F,D_F243N,D_R244N,D_Q250E,D_T251H,D_A264F,D_D266W","1B6C:C, D::PMID=10025408",-0.4497054100036628
"1b6c_D_Y182D,D_D183T,D_M184A,D_T185L,D_L193E,D_L196F,D_V197E,D_Q198K,D_R199E,D_T200K,D_A202G,D_E238F,D_E239H,D_S241D,D_F243S,D_R244T,D_E247R,D_Y249T,D_Q250E,D_D266I_C_D",-8.939197540283203,-8.3295259475708,"D_Y182D,D_D183T,D_M184A,D_T185L,D_L193E,D_L196F,D_V197E,D_Q198K,D_R199E,D_T200K,D_A202G,D_E238F,D_E239H,D_S241D,D_F243S,D_R244T,D_E247R,D_Y249T,D_Q250E,D_D266I","1B6C:C, D::PMID=10025408",-0.6096715927124023
"1b6c_D_Y182D,D_D183Y,D_M184L,D_T185Y,D_T186V,D_S187K,D_S189Q,D_L196M,D_Q198S,D_R199E,D_T200R,D_I201V,D_E238D,D_S241L,D_F243V,D_R244Q,D_E247Q,D_Q250M,D_A264G,D_D266Y_C_D",-8.939197540283203,-8.482160282135009,"D_Y182D,D_D183Y,D_M184L,D_T185Y,D_T186V,D_S187K,D_S189Q,D_L196M,D_Q198S,D_R199E,D_T200R,D_I201V,D_E238D,D_S241L,D_F243V,D_R244Q,D_E247Q,D_Q250M,D_A264G,D_D266Y","1B6C:C, D::PMID=10025408",-0.45703725814819407
"1b6c_D_Y182D,D_M184D,D_T185F,D_T186V,D_S187D,D_L196F,D_V197L,D_R199N,D_T200Y,D_I201L,D_A202V,D_R203S,D_E238F,D_S241N,D_W242F,D_F243R,D_R244T,D_E247D,D_I248V,D_Q250T,D_T251R,D_A264G,D_D266W_C_D",-8.939197540283203,-8.533132457733155,"D_Y182D,D_M184D,D_T185F,D_T186V,D_S187D,D_L196F,D_V197L,D_R199N,D_T200Y,D_I201L,D_A202V,D_R203S,D_E238F,D_S241N,D_W242F,D_F243R,D_R244T,D_E247D,D_I248V,D_Q250T,D_T251R,D_A264G,D_D266W","1B6C:C, D::PMID=10025408",-0.4060650825500485
"1b6c_D_Y182I,D_D183A,D_M184D,D_T185F,D_T186V,D_S187P,D_V197A,D_Q198I,D_R199Q,D_T200S,D_I201Q,D_A202R,D_R203F,D_E238Y,D_S241D,D_F243W,D_R244N,D_E247H,D_I248V,D_Q250E,D_T251Q,D_A264S,D_A265S,D_D266Y_C_D",-8.939197540283203,-8.52852029800415,"D_Y182I,D_D183A,D_M184D,D_T185F,D_T186V,D_S187P,D_V197A,D_Q198I,D_R199Q,D_T200S,D_I201Q,D_A202R,D_R203F,D_E238Y,D_S241D,D_F243W,D_R244N,D_E247H,D_I248V,D_Q250E,D_T251Q,D_A264S,D_A265S,D_D266Y","1B6C:C, D::PMID=10025408",-0.41067724227905344
"1cbw_G_A40G,G_L82T,H_N2R,H_G48T,H_T71S_I_F, G, H",-10.505681991577148,-10.118493843078614,"G_A40G,G_L82T,H_N2R,H_G48T,H_T71S","1CBW:F, G, H, I:I_R39A:PMID=8784199",-0.38718814849853445
"1cbw_G_F26Y,G_S81R,G_L82D,H_N2E,H_M44Q,H_S66F,H_S70E,H_G78K_I_F, G, H",-10.505681991577148,-9.678475379943848,"G_F26Y,G_S81R,G_L82D,H_N2E,H_M44Q,H_S66F,H_S70E,H_G78K","1CBW:F, G, H, I:I_R39A:PMID=8784199",-0.8272066116333008
"1cbw_G_G23A,G_F26N,G_S81W,G_L82W,H_N2K,H_S66R_I_F, G, H",-10.505681991577148,-9.382638072967529,"G_G23A,G_F26N,G_S81W,G_L82W,H_N2K,H_S66R","1CBW:F, G, H, I:I_R39A:PMID=8784199",-1.1230439186096195
"1cbw_G_G23T,G_F24D,G_A41E,G_S81V,G_L82S,H_N2Q,H_V65I,H_S66H_I_F, G, H",-10.505681991577148,-10.150275611877442,"G_G23T,G_F24D,G_A41E,G_S81V,G_L82S,H_N2Q,H_V65I,H_S66H","1CBW:F, G, H, I:I_R39A:PMID=8784199",-0.3554063796997067
"1cbw_G_H25L,G_S81I,G_L82N,H_N2T,H_P77T_I_F, G, H",-10.505681991577148,-10.705893325805665,"G_H25L,G_S81I,G_L82N,H_N2T,H_P77T","1CBW:F, G, H, I:I_R39A:PMID=8784199",0.20021133422851634
"1cbw_G_S81L,G_L82S,H_N2S,H_G68S,H_T71Q_I_F, G, H",-10.505681991577148,-10.992677688598633,"G_S81L,G_L82S,H_N2S,H_G68S,H_T71Q","1CBW:F, G, H, I:I_R39A:PMID=8784199",0.4869956970214844
"1cbw_G_S81T,G_L82R,H_N2A,H_S69P,H_S70V,H_T71Y_I_F, G, H",-10.505681991577148,-11.195622634887695,"G_S81T,G_L82R,H_N2A,H_S69P,H_S70V,H_T71Y","1CBW:F, G, H, I:I_R39A:PMID=8784199",0.6899406433105462
"1cbw_G_T39S,G_Y79F,G_S81L,G_L82D,H_N2S,H_S70Q_I_F, G, H",-10.505681991577148,-10.488826179504395,"G_T39S,G_Y79F,G_S81L,G_L82D,H_N2S,H_S70Q","1CBW:F, G, H, I:I_R39A:PMID=8784199",-0.01685581207275355
"1cho_F_A41T_I_E, F, G",-9.704813957214355,-13.239351272583008,F_A41T,"1CHO:E, F, G, I:I_A12V, I_E16D, I_E40D, I_E7D, I_G29S, I_K26T, I_L45I, I_R18M:PMID=Stephen Ming-teh Lu, PhD Thesis, Purdue University, 2000",3.5345373153686523
"1cho_F_C27A,F_C43N,F_G127V,G_S42T,G_D46L_I_E, F, G",-9.704813957214355,-12.238058853149415,"F_C27A,F_C43N,F_G127V,G_S42T,G_D46L","1CHO:E, F, G, I:I_A12V, I_E16D, I_E40D, I_E7D, I_G29S, I_K26T, I_L45I, I_R18M:PMID=Stephen Ming-teh Lu, PhD Thesis, Purdue University, 2000",2.5332448959350593
"1cho_F_C43P,G_S42P,G_M44F,G_S47Y,G_G78Y_I_E, F, G",-9.704813957214355,-11.051553535461426,"F_C43P,G_S42P,G_M44F,G_S47Y,G_G78Y","1CHO:E, F, G, I:I_A12V, I_E16D, I_E40D, I_E7D, I_G29S, I_K26T, I_L45I, I_R18M:PMID=Stephen Ming-teh Lu, PhD Thesis, Purdue University, 2000",1.346739578247071
"1cho_F_F24H,G_T71E_I_E, F, G",-9.704813957214355,-14.381065559387206,"F_F24H,G_T71E","1CHO:E, F, G, I:I_A12V, I_E16D, I_E40D, I_E7D, I_G29S, I_K26T, I_L45I, I_R18M:PMID=Stephen Ming-teh Lu, PhD Thesis, Purdue University, 2000",4.676251602172851
"1cho_F_F24N,G_M44W,G_D46T,G_S66P_I_E, F, G",-9.704813957214355,-11.382972717285156,"F_F24N,G_M44W,G_D46T,G_S66P","1CHO:E, F, G, I:I_A12V, I_E16D, I_E40D, I_E7D, I_G29S, I_K26T, I_L45I, I_R18M:PMID=Stephen Ming-teh Lu, PhD Thesis, Purdue University, 2000",1.6781587600708008
"1cho_F_G23V,F_G125D_I_E, F, G",-9.704813957214355,-12.225209426879882,"F_G23V,F_G125D","1CHO:E, F, G, I:I_A12V, I_E16D, I_E40D, I_E7D, I_G29S, I_K26T, I_L45I, I_R18M:PMID=Stephen Ming-teh Lu, PhD Thesis, Purdue University, 2000",2.5203954696655266
"1cho_F_R130E_I_E, F, G",-9.704813957214355,-14.307813262939453,F_R130E,"1CHO:E, F, G, I:I_A12V, I_E16D, I_E40D, I_E7D, I_G29S, I_K26T, I_L45I, I_R18M:PMID=Stephen Ming-teh Lu, PhD Thesis, Purdue University, 2000",4.602999305725097
"1cho__I_E, F, G",-9.704813957214355,-14.485366058349609,,"1CHO:E, F, G, I:I_A12V, I_E16D, I_E40D, I_E7D, I_G29S, I_K26T, I_L45I, I_R18M:PMID=Stephen Ming-teh Lu, PhD Thesis, Purdue University, 2000",4.780552101135253
"1jrh_H_D57L,H_F103I,L_S1T_I_H, L",-9.588382720947266,-10.010018920898437,"H_D57L,H_F103I,L_S1T","1JRH:H, I, L:I_W72F:PMID=9878445",0.4216361999511715
"1jrh_H_F103L,H_N106Y,L_S1T_I_H, L",-9.588382720947266,-9.868281173706055,"H_F103L,H_N106Y,L_S1T","1JRH:H, I, L:I_W72F:PMID=9878445",0.2798984527587898
"1jrh_H_F103N,L_S93A_I_H, L",-9.588382720947266,-10.825239181518555,"H_F103N,L_S93A","1JRH:H, I, L:I_W72F:PMID=9878445",1.236856460571289
"1jrh_H_F103R,L_S1A_I_H, L",-9.588382720947266,-10.634508514404297,"H_F103R,L_S1A","1JRH:H, I, L:I_W72F:PMID=9878445",1.0461257934570316
"1jrh_H_F103Y_I_H, L",-9.588382720947266,-10.5723295211792,H_F103Y,"1JRH:H, I, L:I_W72F:PMID=9878445",0.9839468002319336
"1jrh_H_T31W,H_M34A,H_D57K_I_H, L",-9.588382720947266,-10.210085678100587,"H_T31W,H_M34A,H_D57K","1JRH:H, I, L:I_W72F:PMID=9878445",0.621702957153321
"1jrh_L_S1K_I_H, L",-9.588382720947266,-10.460244941711426,L_S1K,"1JRH:H, I, L:I_W72F:PMID=9878445",0.8718622207641609
"1jrh__I_H, L",-9.588382720947266,-10.739502906799316,,"1JRH:H, I, L:I_W72F:PMID=9878445",1.1511201858520508
"1jtd_A_E78A,A_T88K,A_S216A,A_M244V_B_A",-16.12983512878418,-14.949047088623047,"A_E78A,A_T88K,A_S216A,A_M244V","1JTD:A, B::PMID=24947275",-1.1807880401611328
"1jtd_A_K85D,A_T88E,A_M103T,A_G192H,A_S216A_B_A",-16.12983512878418,-14.507596397399903,"A_K85D,A_T88E,A_M103T,A_G192H,A_S216A","1JTD:A, B::PMID=24947275",-1.622238731384277
"1jtd_A_L87I,A_G192R_B_A",-16.12983512878418,-15.195326042175292,"A_L87I,A_G192R","1JTD:A, B::PMID=24947275",-0.9345090866088874
"1jtd_A_S72T,A_T88V,A_G192I,A_R214W,A_S216G,A_T243I_B_A",-16.12983512878418,-15.443892097473144,"A_S72T,A_T88V,A_G192I,A_R214W,A_S216G,A_T243I","1JTD:A, B::PMID=24947275",-0.6859430313110355
"1jtd_A_T83R,A_T88V,A_M103Y,A_K189E,A_V190W,A_G192Q_B_A",-16.12983512878418,-14.201875305175781,"A_T83R,A_T88V,A_M103Y,A_K189E,A_V190W,A_G192Q","1JTD:A, B::PMID=24947275",-1.9279598236083988
"1jtd_A_T88A,A_A242K_B_A",-16.12983512878418,-15.557133674621582,"A_T88A,A_A242K","1JTD:A, B::PMID=24947275",-0.5727014541625977
"1jtd_A_V77E,A_S80R,A_M244N_B_A",-16.12983512878418,-14.174381065368653,"A_V77E,A_S80R,A_M244N","1JTD:A, B::PMID=24947275",-1.9554540634155266
"1jtd_A_Y71W,A_L76P,A_E84I,A_K189H_B_A",-16.12983512878418,-14.66170883178711,"A_Y71W,A_L76P,A_E84I,A_K189H","1JTD:A, B::PMID=24947275",-1.4681262969970703
"1jtg_A_D76H,A_A188I,A_A211H_B_A",-8.595683097839355,-11.843260192871094,"A_D76H,A_A188I,A_A211H","1JTG:A, B:B_W150A:PMID=17430899",3.2475770950317386
"1jtg_A_M44G,A_N75H,A_K189R,A_S209R_B_A",-8.595683097839355,-10.780903816223145,"A_M44G,A_N75H,A_K189R,A_S209R","1JTG:A, B:B_W150A:PMID=17430899",2.185220718383789
"1jtg_A_N75D,A_R95K,A_M104E,A_K189G_B_A",-8.595683097839355,-10.744894790649415,"A_N75D,A_R95K,A_M104E,A_K189G","1JTG:A, B:B_W150A:PMID=17430899",2.1492116928100593
"1jtg_A_N75D,A_S99A,A_D207E,A_E213H,A_R217G_B_A",-8.595683097839355,-10.453062438964844,"A_N75D,A_S99A,A_D207E,A_E213H,A_R217G","1JTG:A, B:B_W150A:PMID=17430899",1.8573793411254886
"1jtg_A_Q74K,A_N75D,A_L77M,A_E79A,A_E85M,A_L88A,A_N145T_B_A",-8.595683097839355,-10.098886680603027,"A_Q74K,A_N75D,A_L77M,A_E79A,A_E85M,A_L88A,A_N145T","1JTG:A, B:B_W150A:PMID=17430899",1.5032035827636712
"1jtg_A_Q74M,A_N75D,A_Y80A,A_C98W,A_S99A,A_M104I,A_S105C,A_L144D,A_M244Q_B_A",-8.595683097839355,-8.999057579040528,"A_Q74M,A_N75D,A_Y80A,A_C98W,A_S99A,A_M104I,A_S105C,A_L144D,A_M244Q","1JTG:A, B:B_W150A:PMID=17430899",0.4033744812011726
"1jtg_A_Y80V,A_C98V,A_K189R,A_G212D_B_A",-8.595683097839355,-10.050043296813964,"A_Y80V,A_C98V,A_K189R,A_G212D","1JTG:A, B:B_W150A:PMID=17430899",1.4543601989746087
1jtg__B_A,-8.595683097839355,-12.846247482299805,,"1JTG:A, B:B_W150A:PMID=17430899",4.25056438446045
"1mhp_H_F99H,L_V28A_A_H, L",-11.13234806060791,-10.31899127960205,"H_F99H,L_V28A","1MHP:A, H, L:H_K64D:PMID=16597831",-0.8133567810058597
"1mhp_H_G98W,H_F99W,H_G100R_A_H, L",-11.13234806060791,-9.528490829467774,"H_G98W,H_F99W,H_G100R","1MHP:A, H, L:H_K64D:PMID=16597831",-1.603857231140136
"1mhp_H_H56N,L_S27A,L_S90L_A_H, L",-11.13234806060791,-9.818591117858887,"H_H56N,L_S27A,L_S90L","1MHP:A, H, L:H_K64D:PMID=16597831",-1.3137569427490234
"1mhp_H_S30D,H_A49G,H_H56P,H_R97V,L_G91S,L_N92R_A_H, L",-11.13234806060791,-9.99617691040039,"H_S30D,H_A49G,H_H56P,H_R97V,L_G91S,L_N92R","1MHP:A, H, L:H_K64D:PMID=16597831",-1.1361711502075202
"1mhp_H_T50L,L_N29T,L_N92L_A_H, L",-11.13234806060791,-10.500914382934571,"H_T50L,L_N29T,L_N92L","1MHP:A, H, L:H_K64D:PMID=16597831",-0.6314336776733391
"1mhp_H_T50S,H_G98S,H_G100A,H_G102Q,L_V28P_A_H, L",-11.13234806060791,-9.524930572509765,"H_T50S,H_G98S,H_G100A,H_G102Q,L_V28P","1MHP:A, H, L:H_K64D:PMID=16597831",-1.6074174880981449
"1mhp_H_T57C,H_G100L,L_S27L,L_N29Q,L_S65E,L_W89D,L_N92L_A_H, L",-11.13234806060791,-9.017219161987304,"H_T57C,H_G100L,L_S27L,L_N29Q,L_S65E,L_W89D,L_N92L","1MHP:A, H, L:H_K64D:PMID=16597831",-2.115128898620606
"1mhp_L_N29S_A_H, L",-11.13234806060791,-10.029669189453125,L_N29S,"1MHP:A, H, L:H_K64D:PMID=16597831",-1.1026788711547848
"1mi5_A_D61A,A_R145Q,A_E148T,C_L2W_D, E_A, C",-5.869715213775635,-6.2890349388122555,"A_D61A,A_R145Q,A_E148T,C_L2W","1MI5:A, C, D, E:E_E52A:PMID=15640805",0.41931972503662074
"1mi5_A_D61Q,A_N63Y,A_Q65T,A_K68Q,A_Q72R_D, E_A, C",-5.869715213775635,-6.156847763061523,"A_D61Q,A_N63Y,A_Q65T,A_K68Q,A_Q72R","1MI5:A, C, D, E:E_E52A:PMID=15640805",0.2871325492858885
"1mi5_A_D61Q,A_R62Q,A_Q65A,A_I66V,A_T71E,A_R75S,A_R145K,A_K146T,A_G162P_D, E_A, C",-5.924519062042236,-5.708454418182373,"A_D61Q,A_R62Q,A_Q65A,A_I66V,A_T71E,A_R75S,A_R145K,A_K146T,A_G162P","1MI5:A, C, D, E:D_G96A:PMID=15640805",-0.21606464385986346
"1mi5_A_D61R,A_Q65N,A_T69G,C_Y7F_D, E_A, C",-5.924519062042236,-5.230263423919678,"A_D61R,A_Q65N,A_T69G,C_Y7F","1MI5:A, C, D, E:D_G96A:PMID=15640805",-0.6942556381225584
"1mi5_A_K68Q,A_D74F,A_E76H_D, E_A, C",-5.869715213775635,-6.377851295471191,"A_K68Q,A_D74F,A_E76H","1MI5:A, C, D, E:E_E52A:PMID=15640805",0.5081360816955565
"1mi5_A_K68R,A_L78S,C_F1H,C_R5N_D, E_A, C",-5.924519062042236,-5.497536373138428,"A_K68R,A_L78S,C_F1H,C_R5N","1MI5:A, C, D, E:D_G96A:PMID=15640805",-0.4269826889038084
"1mi5_A_Q65A,A_D74W,A_R79Q,A_R151N,A_E154V,C_Y7F_D, E_A, C",-5.924519062042236,-5.830968856811523,"A_Q65A,A_D74W,A_R79Q,A_R151N,A_E154V,C_Y7F","1MI5:A, C, D, E:D_G96A:PMID=15640805",-0.09355020523071289
"1mi5_A_R151Q,C_R3K_D, E_A, C",-5.869715213775635,-6.123246860504151,"A_R151Q,C_R3K","1MI5:A, C, D, E:E_E52A:PMID=15640805",0.2535316467285158
"1mi5_A_R62E,A_N63V,A_Q65R,A_K68Q,A_E76F,A_D156H,C_F1H,C_L2E_D, E_A, C",-5.869715213775635,-5.747554016113281,"A_R62E,A_N63V,A_Q65R,A_K68Q,A_E76F,A_D156H,C_F1H,C_L2E","1MI5:A, C, D, E:E_E52A:PMID=15640805",-0.12216119766235334
"1mi5_A_R62K,A_E76S,A_E148W,A_A150L,C_Y7H,C_G8S_D, E_A, C",-5.924519062042236,-5.497691249847412,"A_R62K,A_E76S,A_E148W,A_A150L,C_Y7H,C_G8S","1MI5:A, C, D, E:D_G96A:PMID=15640805",-0.4268278121948246
"1mi5_A_R62K,A_Q65E,A_T71P,A_R145F,A_A150K,A_R151N_D, E_A, C",-5.924519062042236,-5.9239531517028805,"A_R62K,A_Q65E,A_T71P,A_R145F,A_A150K,A_R151N","1MI5:A, C, D, E:D_G96A:PMID=15640805",-0.000565910339355824
"1mi5_A_R62K,A_R75M,A_E76H,A_A153C,A_G162P,C_G4N_D, E_A, C",-5.869715213775635,-5.830169200897217,"A_R62K,A_R75M,A_E76H,A_A153C,A_G162P,C_G4N","1MI5:A, C, D, E:E_E52A:PMID=15640805",-0.03954601287841797
"1mi5_A_R62K,A_T64K,A_K68Q_D, E_A, C",-5.924519062042236,-6.004748249053955,"A_R62K,A_T64K,A_K68Q","1MI5:A, C, D, E:D_G96A:PMID=15640805",0.0802291870117191
"1mi5_A_R75K,A_R145A,A_R157F,A_E161K,C_F1Y_D, E_A, C",-5.924519062042236,-6.191317367553711,"A_R75K,A_R145A,A_R157F,A_E161K,C_F1Y","1MI5:A, C, D, E:D_G96A:PMID=15640805",0.26679830551147443
"1mi5_A_T64W,A_K68R,A_A149G,A_E161D_D, E_A, C",-5.869715213775635,-6.190255355834961,"A_T64W,A_K68R,A_A149G,A_E161D","1MI5:A, C, D, E:E_E52A:PMID=15640805",0.32054014205932635
"1mi5_A_T71I,A_R157S_D, E_A, C",-5.869715213775635,-6.752156162261963,"A_T71I,A_R157S","1MI5:A, C, D, E:E_E52A:PMID=15640805",0.8824409484863285
"1n8o_B_K21D,B_L82D,B_W126H,C_A1S,C_K21Q,C_K22Y,C_T26H,C_S42A,C_I64V,C_P77I_E_A, B, C",-15.611161231994629,-12.396207237243653,"B_K21D,B_L82D,B_W126H,C_A1S,C_K21Q,C_K22Y,C_T26H,C_S42A,C_I64V,C_P77I","1N8O:A, B, C, E:E_M80L:PMID=8143850",-3.214953994750976
"1n8o_B_K21D,B_L82V,C_A1E,C_N2V,C_K22T,C_Y23L,C_T26Q,C_S70D,C_N97C_E_A, B, C",-15.611161231994629,-12.211293411254882,"B_K21D,B_L82V,C_A1E,C_N2V,C_K22T,C_Y23L,C_T26Q,C_S70D,C_N97C","1N8O:A, B, C, E:E_M80L:PMID=8143850",-3.399867820739747
"1n8o_B_K21E,B_A41P,B_L82I,B_W126E,C_A1M,C_N2C,C_W24H,C_G25H,C_T26D,C_S42A,C_G45Y,C_S70D,C_S75F_E_A, B, C",-15.611161231994629,-12.079939460754394,"B_K21E,B_A41P,B_L82I,B_W126E,C_A1M,C_N2C,C_W24H,C_G25H,C_T26D,C_S42A,C_G45Y,C_S70D,C_S75F","1N8O:A, B, C, E:E_M80L:PMID=8143850",-3.5312217712402347
"1n8o_B_K21N,B_S81A,B_L82E,C_A1L,C_N2L,C_K21E,C_T26N,C_S70D_E_A, B, C",-15.611161231994629,-12.603704071044922,"B_K21N,B_S81A,B_L82E,C_A1L,C_N2L,C_K21E,C_T26N,C_S70D","1N8O:A, B, C, E:E_M80L:PMID=8143850",-3.0074571609497074
"1n8o_B_Q19K,B_K21N,B_F26I,B_L82N,C_A1E,C_N2L,C_T26D,C_S41H,C_G45K,C_S70N_E_A, B, C",-15.611161231994629,-12.318110847473145,"B_Q19K,B_K21N,B_F26I,B_L82N,C_A1E,C_N2L,C_T26D,C_S41H,C_G45K,C_S70N","1N8O:A, B, C, E:E_M80L:PMID=8143850",-3.293050384521484
"1n8o_B_Q19R,B_A41L,B_S81P,B_L82H,B_T83I,B_G125M,B_G127Q,C_A1K,C_N2S,C_K22T_E_A, B, C",-15.611161231994629,-12.04417896270752,"B_Q19R,B_A41L,B_S81P,B_L82H,B_T83I,B_G125M,B_G127Q,C_A1K,C_N2S,C_K22T","1N8O:A, B, C, E:E_M80L:PMID=8143850",-3.5669822692871094
"1n8o_B_Q19R,B_K21N,B_T39S,B_N80D,B_L82D,B_T83W,C_A1L,C_N2V,C_T26D,C_S47M,C_S70Y,C_T71W,C_N97S_E_A, B, C",-15.611161231994629,-12.46686954498291,"B_Q19R,B_K21N,B_T39S,B_N80D,B_L82D,B_T83W,C_A1L,C_N2V,C_T26D,C_S47M,C_S70Y,C_T71W,C_N97S","1N8O:A, B, C, E:E_M80L:PMID=8143850",-3.1442916870117195
"1n8o_B_T83V,C_N2L,C_Y23Q,C_S42V,C_G45D,C_D46Y,C_S70H,C_S75T,C_P77S_E_A, B, C",-15.611161231994629,-11.58890895843506,"B_T83V,C_N2L,C_Y23Q,C_S42V,C_G45D,C_D46Y,C_S70H,C_S75T,C_P77S","1N8O:A, B, C, E:E_M80L:PMID=8143850",-4.02225227355957
"1xd3_A_A10S,A_N11D,A_S42A,A_M43Q,A_F55Y,A_S91D,A_A93W,A_S150Y,A_E153T,A_T156C,A_E157K,A_K164P,A_D166I,A_L167Y,A_F169W,A_F211V,A_D215Q,A_E218Y,A_L219I,A_R220N,A_N222S_B_A",-8.595683097839355,-7.814620113372802,"A_A10S,A_N11D,A_S42A,A_M43Q,A_F55Y,A_S91D,A_A93W,A_S150Y,A_E153T,A_T156C,A_E157K,A_K164P,A_D166I,A_L167Y,A_F169W,A_F211V,A_D215Q,A_E218Y,A_L219I,A_R220N,A_N222S","1XD3:A, B:B_K6R:PMID=10518943",-0.7810629844665531
"1xd3_A_D32W,A_Y34E,A_E39D,A_S42A,A_M43K,A_L53V,A_F55L,A_S150H,A_E153S,A_Q155K,A_E157K,A_A158P,A_K164E,A_V165S,A_D166R,A_V207G,A_K210A,A_F211Y,A_D215Q,A_D217E,A_E218H,A_L219W,A_R220D,A_F221D,A_N222A_B_A",-8.595683097839355,-7.560491847991943,"A_D32W,A_Y34E,A_E39D,A_S42A,A_M43K,A_L53V,A_F55L,A_S150H,A_E153S,A_Q155K,A_E157K,A_A158P,A_K164E,A_V165S,A_D166R,A_V207G,A_K210A,A_F211Y,A_D215Q,A_D217E,A_E218H,A_L219W,A_R220D,A_F221D,A_N222A","1XD3:A, B:B_K6R:PMID=10518943",-1.0351912498474123
"1xd3_A_L6E,A_E9L,A_N11D,A_D32W,A_Y34W,A_G35S,A_E39Q,A_S42A,A_M43Q,A_F55Y,A_S91N,A_E153M,A_Q155S,A_E157Q,A_A158P,A_K164H,A_D166F,A_C208A,A_K210G,A_F211Y,A_D215T_B_A",-8.595683097839355,-7.936245918273926,"A_L6E,A_E9L,A_N11D,A_D32W,A_Y34W,A_G35S,A_E39Q,A_S42A,A_M43Q,A_F55Y,A_S91N,A_E153M,A_Q155S,A_E157Q,A_A158P,A_K164H,A_D166F,A_C208A,A_K210G,A_F211Y,A_D215T","1XD3:A, B:B_K6R:PMID=10518943",-0.6594371795654297
"1xd3_A_L6F,A_N11S,A_Y34W,A_S42A,A_M43D,A_L52I,A_F55Y,A_S91W,A_C94T,A_E153F,A_Q155A,A_E157Y,A_A158S,A_K164Q,A_D166A,A_L167M,A_F169M,A_C208S,A_F211H,A_D215V_B_A",-8.595683097839355,-8.235846424102784,"A_L6F,A_N11S,A_Y34W,A_S42A,A_M43D,A_L52I,A_F55Y,A_S91W,A_C94T,A_E153F,A_Q155A,A_E157Y,A_A158S,A_K164Q,A_D166A,A_L167M,A_F169M,A_C208S,A_F211H,A_D215V","1XD3:A, B:B_K6R:PMID=10518943",-0.3598366737365719
"1xd3_A_L6T,A_L8M,A_A10F,A_V31N,A_V33R,A_Y34W,A_S42A,A_M43N,A_L54M,A_F55Y,A_P56H,A_S91D,A_A93E,A_S150W,A_E153M,A_Q155A,A_E157K,A_A158Q,A_K164P,A_H168W,A_F169A,A_V207N,A_K210E,A_D215W,A_D217N_B_A",-8.595683097839355,-7.981452560424804,"A_L6T,A_L8M,A_A10F,A_V31N,A_V33R,A_Y34W,A_S42A,A_M43N,A_L54M,A_F55Y,A_P56H,A_S91D,A_A93E,A_S150W,A_E153M,A_Q155A,A_E157K,A_A158Q,A_K164P,A_H168W,A_F169A,A_V207N,A_K210E,A_D215W,A_D217N","1XD3:A, B:B_K6R:PMID=10518943",-0.6142305374145511
"1xd3_A_L6Y,A_A10M,A_D32Y,A_M36E,A_E39T,A_S42G,A_M43S,A_L53G,A_S91T,A_A93S,A_E153M,A_G154C,A_Q155V,A_A158S,A_K164P,A_V165I,A_D166S,A_F169N,A_C208V,A_F211Y,A_D215M,A_L219I_B_A",-8.595683097839355,-8.194240379333497,"A_L6Y,A_A10M,A_D32Y,A_M36E,A_E39T,A_S42G,A_M43S,A_L53G,A_S91T,A_A93S,A_E153M,A_G154C,A_Q155V,A_A158S,A_K164P,A_V165I,A_D166S,A_F169N,A_C208V,A_F211Y,A_D215M,A_L219I","1XD3:A, B:B_K6R:PMID=10518943",-0.40144271850585866
"1xd3_A_L6Y,A_S42A,A_L52I,A_L53T,A_F55C,A_S91F,A_N92S,A_S150C,A_E153M,A_Q155A,A_T156V,A_E157M,A_K164I,A_V165T,A_D166R,A_K210T,A_F211Y,A_M212I,A_D215Q,A_L219I,A_R220M,A_N222S_B_A",-8.595683097839355,-8.252116298675537,"A_L6Y,A_S42A,A_L52I,A_L53T,A_F55C,A_S91F,A_N92S,A_S150C,A_E153M,A_Q155A,A_T156V,A_E157M,A_K164I,A_V165T,A_D166R,A_K210T,A_F211Y,A_M212I,A_D215Q,A_L219I,A_R220M,A_N222S","1XD3:A, B:B_K6R:PMID=10518943",-0.3435667991638187
"1xd3_A_L8T,A_N11E,A_V33I,A_Y34E,A_S42D,A_M43R,A_L54R,A_F55L,A_S91G,A_E153M,A_Q155S,A_E157A,A_K164Q,A_V165P,A_D166N,A_K210E,A_F211Y,A_D215L,A_D217W,A_E218Q,A_R220D,A_N222S_B_A",-8.595683097839355,-7.450749492645263,"A_L8T,A_N11E,A_V33I,A_Y34E,A_S42D,A_M43R,A_L54R,A_F55L,A_S91G,A_E153M,A_Q155S,A_E157A,A_K164Q,A_V165P,A_D166N,A_K210E,A_F211Y,A_D215L,A_D217W,A_E218Q,A_R220D,A_N222S","1XD3:A, B:B_K6R:PMID=10518943",-1.1449336051940922
"1xgr_A_I30M,A_S53E,A_W95F,B_D27S_C_A, B",-11.293992042541504,-10.134664344787598,"A_I30M,A_S53E,A_W95F,B_D27S","1XGR:A, B, C:B_I33F:PMID=15698573",-1.1593276977539055
"1xgr_A_N32K,B_Y50N,B_S52G_C_A, B",-11.293992042541504,-7.5677464485168455,"A_N32K,B_Y50N,B_S52G","1XGR:A, B, C:B_I33F:PMID=15698573",-3.7262455940246584
"1xgr_A_N33W,A_S53E,B_D27G,B_S54Q_C_A, B",-11.293992042541504,-9.259373474121094,"A_N33W,A_S53E,B_D27G,B_S54Q","1XGR:A, B, C:B_I33F:PMID=15698573",-2.0346185684204094
"1xgr_A_N93F,A_W95Y,B_Y53E,B_S54T_C_A, B",-11.293992042541504,-9.907491683959961,"A_N93F,A_W95Y,B_Y53E,B_S54T","1XGR:A, B, C:B_I33F:PMID=15698573",-1.386500358581543
"1xgr_A_Q28K,A_N32S,A_Q91E,A_N93D,B_G49I,B_S97N,B_W98M_C_A, B",-11.293992042541504,-8.18140344619751,"A_Q28K,A_N32S,A_Q91E,A_N93D,B_G49I,B_S97N,B_W98M","1XGR:A, B, C:B_I33F:PMID=15698573",-3.1125885963439934
"1xgr_A_S29W,A_S31D,B_D27G,B_Y53S,B_S97E_C_A, B",-11.293992042541504,-9.393928527832031,"A_S29W,A_S31D,B_D27G,B_Y53S,B_S97E","1XGR:A, B, C:B_I33F:PMID=15698573",-1.9000635147094727
"1xgr_A_S53Y,B_S31N,B_G49V,B_S52R,B_S56W_C_A, B",-11.293992042541504,-9.655495262145996,"A_S53Y,B_S31N,B_G49V,B_S52R,B_S56W","1XGR:A, B, C:B_I33F:PMID=15698573",-1.6384967803955082
"1xgr_B_S31G,B_S52D_C_A, B",-11.293992042541504,-9.491562461853027,"B_S31G,B_S52D","1XGR:A, B, C:B_I33F:PMID=15698573",-1.802429580688477
"2jel_H_G49W,H_Y54W,L_V30I,L_H31T,L_T36E_P_H, L",-10.262494087219238,-10.695500755310059,"H_G49W,H_Y54W,L_V30I,L_H31T,L_T36E","2JEL:H, L, P:P_Q4K:PMID=1711212",0.43300666809082067
"2jel_H_S52E,H_E102R,L_V30K_P_H, L",-10.262494087219238,-10.44300136566162,"H_S52E,H_E102R,L_V30K","2JEL:H, L, P:P_Q4K:PMID=1711212",0.18050727844238246
"2jel_H_S55C,H_E102A,L_V30R,L_N33A_P_H, L",-10.262494087219238,-10.09675464630127,"H_S55C,H_E102A,L_V30R,L_N33A","2JEL:H, L, P:P_Q4K:PMID=1711212",-0.1657394409179691
"2jel_H_T58F_P_H, L",-10.262494087219238,-11.400723838806153,H_T58F,"2JEL:H, L, P:P_Q4K:PMID=1711212",1.1382297515869144
"2jel_H_V99P,H_M100N,H_E102M,L_H31D,L_H98D_P_H, L",-10.262494087219238,-9.769509506225585,"H_V99P,H_M100N,H_E102M,L_H31D,L_H98D","2JEL:H, L, P:P_Q4K:PMID=1711212",-0.49298458099365305
"2jel_H_Y32Q,H_S52I,H_Y57D,H_R98Q,L_H31C_P_H, L",-10.262494087219238,-10.268550872802734,"H_Y32Q,H_S52I,H_Y57D,H_R98Q,L_H31C","2JEL:H, L, P:P_Q4K:PMID=1711212",0.006056785583496094
"2jel_L_G32P_P_H, L",-10.262494087219238,-10.94778003692627,L_G32P,"2JEL:H, L, P:P_Q4K:PMID=1711212",0.6852859497070316
"2jel__P_H, L",-10.262494087219238,-11.648022651672363,,"2JEL:H, L, P:P_Q4K:PMID=1711212",1.385528564453125
"2oob_A_N3A,A_V4L,A_S6I,A_E7K,A_K10L,A_G13S,A_A17N_B_A",-5.670541763305664,-5.499653434753418,"A_N3A,A_V4L,A_S6I,A_E7K,A_K10L,A_G13S,A_A17N","2OOB:A, B:A_A6S, A_K7E:PMID=18596201",-0.17088832855224645
"2oob_A_N3E,A_S6A,A_E7K,A_K10R,A_A17G_B_A",-5.670541763305664,-5.591055774688721,"A_N3E,A_S6A,A_E7K,A_K10R,A_A17G","2OOB:A, B:A_A6S, A_K7E:PMID=18596201",-0.079485988616943
"2oob_A_N3H,A_S6E,A_E7K,A_K10E,A_L11Y,A_M12E,A_G13N,A_A17K_B_A",-5.670541763305664,-5.17177448272705,"A_N3H,A_S6E,A_E7K,A_K10E,A_L11Y,A_M12E,A_G13N,A_A17K","2OOB:A, B:A_A6S, A_K7E:PMID=18596201",-0.49876728057861364
"2oob_A_N3K,A_V4L,A_S6Y,A_E7K,A_K10L,A_G13Y,A_A17G_B_A",-5.670541763305664,-5.677270412445068,"A_N3K,A_V4L,A_S6Y,A_E7K,A_K10L,A_G13Y,A_A17G","2OOB:A, B:A_A6S, A_K7E:PMID=18596201",0.006728649139404297
"2oob_A_N3M,A_S6N,A_E7A,A_K10A,A_A17G,A_F18L_B_A",-5.670541763305664,-5.351998901367187,"A_N3M,A_S6N,A_E7A,A_K10A,A_A17G,A_F18L","2OOB:A, B:A_A6S, A_K7E:PMID=18596201",-0.3185428619384769
"2oob_A_N3Q,A_V4K,A_S6A,A_E7K,A_I8G,A_K10A,A_A17G_B_A",-5.670541763305664,-4.36322340965271,"A_N3Q,A_V4K,A_S6A,A_E7K,A_I8G,A_K10A,A_A17G","2OOB:A, B:A_A6S, A_K7E:PMID=18596201",-1.3073183536529545
"2oob_A_V4M,A_S6A,A_E7K,A_A9D,A_K10F,A_A17E_B_A",-5.670541763305664,-4.047064113616943,"A_V4M,A_S6A,A_E7K,A_A9D,A_K10F,A_A17E","2OOB:A, B:A_A6S, A_K7E:PMID=18596201",-1.6234776496887209
"2oob_A_V4Q,A_S6A,A_E7L,A_A9M,A_K10S,A_E14A,A_A17E_B_A",-5.670541763305664,-5.370302486419678,"A_V4Q,A_S6A,A_E7L,A_A9M,A_K10S,A_E14A,A_A17E","2OOB:A, B:A_A6S, A_K7E:PMID=18596201",-0.3002392768859865
"2y5b_F_K6Q,F_L8N,F_T9L,F_D32E,F_K82R,F_T83F,F_T85D,F_K87T,F_I89Y,F_T90S,F_D108E,F_I120D,F_F121H,F_K124V,F_Q138P,F_K139Q,F_H144F,F_V146T,F_L147C_E_F",-7.334807872772217,-8.310874748229981,"F_K6Q,F_L8N,F_T9L,F_D32E,F_K82R,F_T83F,F_T85D,F_K87T,F_I89Y,F_T90S,F_D108E,F_I120D,F_F121H,F_K124V,F_Q138P,F_K139Q,F_H144F,F_V146T,F_L147C","2Y5B:E, F::PMID=21399617",0.9760668754577644
"2y5b_F_K6V,F_T7G,F_L8S,F_T9A,F_D32E,F_K33I,F_G35N,F_T83S,F_T85N,F_G86T,F_K87S,F_I89Y,F_D108E,F_I120Y,F_K124T,F_Q138E,F_H144F,F_V146T,F_L149V,F_R150E_E_F",-7.334807872772217,-8.741254806518555,"F_K6V,F_T7G,F_L8S,F_T9A,F_D32E,F_K33I,F_G35N,F_T83S,F_T85N,F_G86T,F_K87S,F_I89Y,F_D108E,F_I120Y,F_K124T,F_Q138E,F_H144F,F_V146T,F_L149V,F_R150E","2Y5B:E, F::PMID=21399617",1.406446933746338
"2y5b_F_T7C,F_L8S,F_T9H,F_G10Q,F_D32E,F_G35F,F_K82R,F_T83S,F_T85I,F_I89F,F_D108L,F_I120V,F_F121H,F_K124T,F_I137V,F_Q138I,F_H144F,F_V146T,F_L149T,F_R150A_E_F",-7.334807872772217,-8.339543437957763,"F_T7C,F_L8S,F_T9H,F_G10Q,F_D32E,F_G35F,F_K82R,F_T83S,F_T85I,F_I89F,F_D108L,F_I120V,F_F121H,F_K124T,F_I137V,F_Q138I,F_H144F,F_V146T,F_L149T,F_R150A","2Y5B:E, F::PMID=21399617",1.0047355651855465
"2y5b_F_T7D,F_L8N,F_T9S,F_D32K,F_K82R,F_T83A,F_T85N,F_K87L,F_T88S,F_I89Y,F_T90N,F_D108E,F_K109V,F_I112W,F_D115H,F_I120F,F_F121Q,F_K124V,F_Q138C,F_L143C,F_H144I,F_V146T,F_L149P_E_F",-7.334807872772217,-8.607242584228516,"F_T7D,F_L8N,F_T9S,F_D32K,F_K82R,F_T83A,F_T85N,F_K87L,F_T88S,F_I89Y,F_T90N,F_D108E,F_K109V,F_I112W,F_D115H,F_I120F,F_F121Q,F_K124V,F_Q138C,F_L143C,F_H144I,F_V146T,F_L149P","2Y5B:E, F::PMID=21399617",1.2724347114562988
"2y5b_F_T7S,F_L8E,F_D32A,F_K82L,F_T90S,F_I106S,F_D108E,F_I120D,F_K124I,F_Q138K,F_K139E,F_H144F,F_V146T,F_R150S_E_F",-7.334807872772217,-8.248112964630128,"F_T7S,F_L8E,F_D32A,F_K82L,F_T90S,F_I106S,F_D108E,F_I120D,F_K124I,F_Q138K,F_K139E,F_H144F,F_V146T,F_R150S","2Y5B:E, F::PMID=21399617",0.9133050918579109
"2y5b_F_T7S,F_L8S,F_T9S,F_D32R,F_K33L,F_K82T,F_L84M,F_T85S,F_K87V,F_T90C,F_D108E,F_D115E,F_I120D,F_K124R,F_I137V,F_Q138P,F_K139D,F_H144Y,F_V146T,F_R150D_E_F",-7.334807872772217,-8.204497909545898,"F_T7S,F_L8S,F_T9S,F_D32R,F_K33L,F_K82T,F_L84M,F_T85S,F_K87V,F_T90C,F_D108E,F_D115E,F_I120D,F_K124R,F_I137V,F_Q138P,F_K139D,F_H144Y,F_V146T,F_R150D","2Y5B:E, F::PMID=21399617",0.8696900367736813
"2y5b_F_V5I,F_K6Q,F_T7C,F_L8E,F_T9C,F_D32S,F_K33M,F_K82R,F_T83S,F_L84R,F_T85C,F_G86W,F_I89Y,F_I106L,F_D108A,F_G111H,F_D115M,F_I120D,F_K124V,F_I137V,F_Q138K,F_K139Q,F_H144F,F_V146T,F_L149W,F_R150S_E_F",-7.334807872772217,-8.465082931518555,"F_V5I,F_K6Q,F_T7C,F_L8E,F_T9C,F_D32S,F_K33M,F_K82R,F_T83S,F_L84R,F_T85C,F_G86W,F_I89Y,F_I106L,F_D108A,F_G111H,F_D115M,F_I120D,F_K124V,F_I137V,F_Q138K,F_K139Q,F_H144F,F_V146T,F_L149W,F_R150S","2Y5B:E, F::PMID=21399617",1.1302750587463386
"2y5b_F_V5I,F_L8R,F_T9Y,F_D32Q,F_K33P,F_K82R,F_T83G,F_L84P,F_T85D,F_K87G,F_I89F,F_T90V,F_I120N,F_F121Y,F_K124I,F_Q138K,F_K139Q,F_H144F,F_V146N,F_L149V,F_R150A_E_F",-7.334807872772217,-8.01896505355835,"F_V5I,F_L8R,F_T9Y,F_D32Q,F_K33P,F_K82R,F_T83G,F_L84P,F_T85D,F_K87G,F_I89F,F_T90V,F_I120N,F_F121Y,F_K124I,F_Q138K,F_K139Q,F_H144F,F_V146N,F_L149V,F_R150A","2Y5B:E, F::PMID=21399617",0.6841571807861335
"3eo1_D_A93N,D_D94K,E_Y27N,E_T28Q,E_N32R,E_I52L,E_I54L,E_V55K,E_D56N,E_S98A,E_L100I,E_L102N,E_V103M,E_L104Q_F_D, E",-13.09885311126709,-9.565718078613282,"D_A93N,D_D94K,E_Y27N,E_T28Q,E_N32R,E_I52L,E_I54L,E_V55K,E_D56N,E_S98A,E_L100I,E_L102N,E_V103M,E_L104Q","3EO1:D, E, F::PMID=19073914",-3.5331350326538082
"3eo1_D_D94N,D_P96S,E_Y27N,E_T28V,E_S30N,E_N32R,E_I54F,E_V55F,E_D56G,E_L100V,E_L102E,E_V103F_F_D, E",-13.09885311126709,-10.39538345336914,"D_D94N,D_P96S,E_Y27N,E_T28V,E_S30N,E_N32R,E_I54F,E_V55F,E_D56G,E_L100V,E_L102E,E_V103F","3EO1:D, E, F::PMID=19073914",-2.7034696578979496
"3eo1_D_D94S,D_S95P,E_Y27P,E_T28Q,E_S30K,E_N32R,E_I54V,E_V55Y,E_D56N,E_S98T,E_L100R,E_V103M,E_L104Y,E_K220H_F_D, E",-13.09885311126709,-10.347422790527343,"D_D94S,D_S95P,E_Y27P,E_T28Q,E_S30K,E_N32R,E_I54V,E_V55Y,E_D56N,E_S98T,E_L100R,E_V103M,E_L104Y,E_K220H","3EO1:D, E, F::PMID=19073914",-2.751430320739747
"3eo1_D_S28P,D_S32G,D_Q90M,D_A93F,D_D94T,D_S95P,E_Y27V,E_T28N,E_S30D,E_N32R,E_I52L,E_I54Y,E_D56N,E_T99V,E_L100K,E_L102M,E_V103M,E_L104Y_F_D, E",-13.09885311126709,-9.749131774902343,"D_S28P,D_S32G,D_Q90M,D_A93F,D_D94T,D_S95P,E_Y27V,E_T28N,E_S30D,E_N32R,E_I52L,E_I54Y,E_D56N,E_T99V,E_L100K,E_L102M,E_V103M,E_L104Y","3EO1:D, E, F::PMID=19073914",-3.3497213363647464
"3eo1_D_S32F,D_D94S,E_Y27N,E_T28Q,E_N32R,E_V51I,E_I52A,E_I54F,E_D56N,E_A58T,E_T99K,E_L100V,E_L102G,E_V103M_F_D, E",-13.09885311126709,-9.664925384521485,"D_S32F,D_D94S,E_Y27N,E_T28Q,E_N32R,E_V51I,E_I52A,E_I54F,E_D56N,E_A58T,E_T99K,E_L100V,E_L102G,E_V103M","3EO1:D, E, F::PMID=19073914",-3.4339277267456048
"3eo1_D_S32G,D_A93G,D_D94S,D_S95Y,E_Y27S,E_T28S,E_S30K,E_N32R,E_V51N,E_I52V,E_I54Y,E_D56K,E_L102P,E_V103R_F_D, E",-13.09885311126709,-9.875738525390625,"D_S32G,D_A93G,D_D94S,D_S95Y,E_Y27S,E_T28S,E_S30K,E_N32R,E_V51N,E_I52V,E_I54Y,E_D56K,E_L102P,E_V103R","3EO1:D, E, F::PMID=19073914",-3.2231145858764645
"3eo1_D_S32G,D_D94S,E_Y27S,E_T28Q,E_S31N,E_N32R,E_I52V,E_I54K,E_D56G,E_A58S,E_S98Y,E_L100R,E_L102N,E_V103H_F_D, E",-13.09885311126709,-9.921421241760253,"D_S32G,D_D94S,E_Y27S,E_T28Q,E_S31N,E_N32R,E_I52V,E_I54K,E_D56G,E_A58S,E_S98Y,E_L100R,E_L102N,E_V103H","3EO1:D, E, F::PMID=19073914",-3.1774318695068366
"3eo1_D_S32K,D_D94N,D_S95A,E_Y27K,E_T28V,E_S30E,E_N32R,E_I52V,E_I54F,E_D56G,E_S98A,E_L100C,E_L102D_F_D, E",-13.09885311126709,-9.951904106140137,"D_S32K,D_D94N,D_S95A,E_Y27K,E_T28V,E_S30E,E_N32R,E_I52V,E_I54F,E_D56G,E_S98A,E_L100C,E_L102D","3EO1:D, E, F::PMID=19073914",-3.1469490051269524
"3p8m_C_S131E,C_V132I,C_S133A,C_R134L,C_E139V,C_G143K,C_V172I,D_G130S,D_S131M,D_V132I,D_S133A,D_E139Y,D_G140T_A, B_C, D",-11.12468147277832,-9.586246490478516,"C_S131E,C_V132I,C_S133A,C_R134L,C_E139V,C_G143K,C_V172I,D_G130S,D_S131M,D_V132I,D_S133A,D_E139Y,D_G140T","3P8M:A, B, C, D::PMID=21533121",-1.5384349822998047
"3p8m_C_S131G,C_V132I,C_Q137N,C_E139T,C_G140E,C_G141F,C_S142F,C_G143V,C_M144L,D_S131M,D_V132I,D_S133A,D_R134Y,D_T136A,D_E139I,D_G140N_A, B_C, D",-11.12468147277832,-9.079410552978516,"C_S131G,C_V132I,C_Q137N,C_E139T,C_G140E,C_G141F,C_S142F,C_G143V,C_M144L,D_S131M,D_V132I,D_S133A,D_R134Y,D_T136A,D_E139I,D_G140N","3P8M:A, B, C, D::PMID=21533121",-2.0452709197998047
"3p8m_C_S131M,C_V132I,C_E139Q,C_G140E,C_S142P,C_G143S,C_M144Q,D_S131K,D_V132I,D_S133A,D_R134T,D_E139S,D_G140I_A, B_C, D",-11.12468147277832,-9.65097255706787,"C_S131M,C_V132I,C_E139Q,C_G140E,C_S142P,C_G143S,C_M144Q,D_S131K,D_V132I,D_S133A,D_R134T,D_E139S,D_G140I","3P8M:A, B, C, D::PMID=21533121",-1.47370891571045
"3p8m_C_S131M,C_V132I,C_Q137N,C_E139L,C_G140M,C_G143V,C_V172G,D_S131T,D_V132I,D_E139S,D_G140A,D_V172I_A, B_C, D",-11.12468147277832,-9.492904663085938,"C_S131M,C_V132I,C_Q137N,C_E139L,C_G140M,C_G143V,C_V172G,D_S131T,D_V132I,D_E139S,D_G140A,D_V172I","3P8M:A, B, C, D::PMID=21533121",-1.6317768096923828
"3p8m_C_S131N,C_V132I,C_S133I,C_R134E,C_G135S,C_E139S,C_G140P,C_G143N,D_V132H,D_S133G,D_R134K,D_E139T,D_G140S_A, B_C, D",-11.12468147277832,-9.27684326171875,"C_S131N,C_V132I,C_S133I,C_R134E,C_G135S,C_E139S,C_G140P,C_G143N,D_V132H,D_S133G,D_R134K,D_E139T,D_G140S","3P8M:A, B, C, D::PMID=21533121",-1.847838211059571
"3p8m_C_S131Q,C_V132I,C_G140P,C_G141K,C_G143E,C_V172A,D_G130K,D_S131L,D_V132I,D_S133T,D_T136V,D_Q137E,D_E139T,D_G140A,D_V172A_A, B_C, D",-11.12468147277832,-9.128702545166016,"C_S131Q,C_V132I,C_G140P,C_G141K,C_G143E,C_V172A,D_G130K,D_S131L,D_V132I,D_S133T,D_T136V,D_Q137E,D_E139T,D_G140A,D_V172A","3P8M:A, B, C, D::PMID=21533121",-1.9959789276123043
"3p8m_C_S131Q,C_V132I,C_S133A,C_R134Q,C_T136Q,C_E139S,C_G140T,C_G143R,C_M144V,C_V172A,D_E139P,D_G140N,D_V172A_A, B_C, D",-11.12468147277832,-9.408189964294433,"C_S131Q,C_V132I,C_S133A,C_R134Q,C_T136Q,C_E139S,C_G140T,C_G143R,C_M144V,C_V172A,D_E139P,D_G140N,D_V172A","3P8M:A, B, C, D::PMID=21533121",-1.7164915084838874
"3p8m_C_S131V,C_V132I,C_S133A,C_G135I,C_Q137D,C_E139A,C_G140A,C_G143K,C_M144E,D_S131Q,D_V132L,D_S133A,D_R134V,D_G135N,D_E139S,D_G140N_A, B_C, D",-11.12468147277832,-9.405336666107178,"C_S131V,C_V132I,C_S133A,C_G135I,C_Q137D,C_E139A,C_G140A,C_G143K,C_M144E,D_S131Q,D_V132L,D_S133A,D_R134V,D_G135N,D_E139S,D_G140N","3P8M:A, B, C, D::PMID=21533121",-1.7193448066711419
"3sgb_E_C14W,E_T167E_I_E",-11.7046480178833,-14.036133766174316,"E_C14W,E_T167E","3SGB:E, I:I_G26Q:PMID=11171964",2.3314857482910156
"3sgb_E_G12K,E_S102H,E_G123Q,E_S156A_I_E",-11.7046480178833,-13.835392570495605,"E_G12K,E_S102H,E_G123Q,E_S156A","3SGB:E, I:I_G26Q:PMID=11171964",2.1307445526123043
"3sgb_E_G157N,E_T167A_I_E",-11.7046480178833,-13.218735694885254,"E_G157N,E_T167A","3SGB:E, I:I_G26Q:PMID=11171964",1.5140876770019531
"3sgb_E_N119C,E_C135I,E_A136V,E_E137F,E_S141W,E_L154D_I_E",-11.7046480178833,-12.085232162475586,"E_N119C,E_C135I,E_A136V,E_E137F,E_S141W,E_L154D","3SGB:E, I:I_G26Q:PMID=11171964",0.3805841445922855
"3sgb_E_N62P,E_G142S_I_E",-11.7046480178833,-13.05105800628662,"E_N62P,E_G142S","3SGB:E, I:I_G26Q:PMID=11171964",1.3464099884033196
3sgb_E_S10R_I_E,-11.7046480178833,-13.61673183441162,E_S10R,"3SGB:E, I:I_G26Q:PMID=11171964",1.9120838165283196
"3sgb_E_Y120T,E_A136F,E_T168S_I_E",-11.7046480178833,-12.807814598083496,"E_Y120T,E_A136F,E_T168S","3SGB:E, I:I_G26Q:PMID=11171964",1.1031665802001953
3sgb__I_E,-11.7046480178833,-13.872945404052734,,"3SGB:E, I:I_G26Q:PMID=11171964",2.1682973861694332
"4dgi_H_D31N,H_S50M,H_Y103S,L_N28G,L_G30S,L_W94I_A_H, L",-8.658103942871094,-10.237955093383789,"H_D31N,H_S50M,H_Y103S,L_N28G,L_G30S,L_W94I","4DGI:A, H, L::PMID=TBD",1.5798511505126953
"4dgi_H_D31Q,H_Y32S,H_Y101W,H_Y103R,L_G30S,L_T31N,L_N92Y,L_T93V,L_W94Y_A_H, L",-8.658103942871094,-9.976740264892578,"H_D31Q,H_Y32S,H_Y101W,H_Y103R,L_G30S,L_T31N,L_N92Y,L_T93V,L_W94Y","4DGI:A, H, L::PMID=TBD",1.3186363220214847
"4dgi_H_D31S,H_S50M,H_S54R,H_Y103R,L_N28D,L_G30Q,L_T31S,L_N92Y,L_W94Y,L_P95I_A_H, L",-8.658103942871094,-9.925248146057129,"H_D31S,H_S50M,H_S54R,H_Y103R,L_N28D,L_G30Q,L_T31S,L_N92Y,L_W94Y,L_P95I","4DGI:A, H, L::PMID=TBD",1.2671442031860352
"4dgi_H_G49C,H_S54N,H_Y103T,L_G30S,L_T31N,L_Q89E,L_N92W,L_T93F,L_W94L_A_H, L",-8.658103942871094,-9.559255218505859,"H_G49C,H_S54N,H_Y103T,L_G30S,L_T31N,L_Q89E,L_N92W,L_T93F,L_W94L","4DGI:A, H, L::PMID=TBD",0.9011512756347653
"4dgi_H_T30K,H_D31N,H_S54L,H_Y101I,H_Y103E,L_G30N,L_Q90H,L_N92Y,L_W94Y_A_H, L",-8.658103942871094,-9.563014602661132,"H_T30K,H_D31N,H_S54L,H_Y101I,H_Y103E,L_G30N,L_Q90H,L_N92Y,L_W94Y","4DGI:A, H, L::PMID=TBD",0.9049106597900387
"4dgi_H_T30S,H_D31S,H_S50T,H_Y103N,L_T31S,L_N92W_A_H, L",-8.658103942871094,-9.850626754760743,"H_T30S,H_D31S,H_S50T,H_Y103N,L_T31S,L_N92W","4DGI:A, H, L::PMID=TBD",1.1925228118896491
"4dgi_H_T30Y,H_D31S,H_S50M,H_S54D,H_Y101T,H_Y103T,L_T31S,L_Q89M,L_N92W,L_T93S,L_W94Y_A_H, L",-8.658103942871094,-10.198650550842284,"H_T30Y,H_D31S,H_S50M,H_S54D,H_Y101T,H_Y103T,L_T31S,L_Q89M,L_N92W,L_T93S,L_W94Y","4DGI:A, H, L::PMID=TBD",1.5405466079711907
"4dgi_H_W33Y,H_S50M,H_S54R,H_G100N,H_Y103K,L_N28S,L_G30S,L_T31S,L_N92W,L_W94Q_A_H, L",-8.658103942871094,-9.146668624877929,"H_W33Y,H_S50M,H_S54R,H_G100N,H_Y103K,L_N28S,L_G30S,L_T31S,L_N92W,L_W94Q","4DGI:A, H, L::PMID=TBD",0.4885646820068352
"4fqi_H_G27L,H_G100L,H_N101D_A, B_H, L",-12.339961051940918,-11.762058448791503,"H_G27L,H_G100L,H_N101D","4FQI:A, B, H, L::PMID=22878502",-0.5779026031494148
"4fqi_H_N31R,H_D73W,H_I74T,H_F75R,H_G100L,H_Y102T_A, B_H, L",-12.339961051940918,-11.022072029113769,"H_N31R,H_D73W,H_I74T,H_F75R,H_G100L,H_Y102T","4FQI:A, B, H, L::PMID=22878502",-1.3178890228271491
"4fqi_H_S29A,H_G100S,H_N101D,H_Y105W_A, B_H, L",-12.339961051940918,-11.364042663574219,"H_S29A,H_G100S,H_N101D,H_Y105W","4FQI:A, B, H, L::PMID=22878502",-0.9759183883666989
"4fqi_H_S29E,H_F55K,H_G100M,H_N101P,H_Y103N,H_S106M_A, B_H, L",-12.339961051940918,-11.39047622680664,"H_S29E,H_F55K,H_G100M,H_N101P,H_Y103N,H_S106M","4FQI:A, B, H, L::PMID=22878502",-0.9494848251342773
"4fqi_H_S29V,H_G100L,H_N101D_A, B_H, L",-12.339961051940918,-11.229210662841798,"H_S29V,H_G100L,H_N101D","4FQI:A, B, H, L::PMID=22878502",-1.1107503890991204
"4fqi_H_S29Y,H_G100M,H_Y103T,H_S106E_A, B_H, L",-12.339961051940918,-11.913172721862793,"H_S29Y,H_G100M,H_Y103T,H_S106E","4FQI:A, B, H, L::PMID=22878502",-0.426788330078125
"4fqi_H_T28S,H_S29A,H_N30D,H_F75Y,H_G100K_A, B_H, L",-12.339961051940918,-10.743824195861816,"H_T28S,H_S29A,H_N30D,H_F75Y,H_G100K","4FQI:A, B, H, L::PMID=22878502",-1.5961368560791023
"4fqi_H_T28S,H_S29L,H_G100D_A, B_H, L",-12.339961051940918,-11.019432067871094,"H_T28S,H_S29L,H_G100D","4FQI:A, B, H, L::PMID=22878502",-1.3205289840698242
"4hfk_A_A36C,A_I38G,A_N61S,A_S62D,A_H117T,A_G124R,A_G145S,A_S148N_B, D_A",-13.025397300720215,-10.622355842590332,"A_A36C,A_I38G,A_N61S,A_S62D,A_H117T,A_G124R,A_G145S,A_S148N","4HFK:A, B, D:B_L50A:PMID=23288853",-2.4030414581298825
"4hfk_A_G28A,A_Q31R,A_H32D,A_D35E,A_K40R,A_A42K,A_N61S,A_S62Q,A_K63N,A_A65N,A_F77Y,A_V79G,A_G116P,A_H117S,A_G118V,A_L120C,A_A122S,A_T123R,A_P144S,A_G145S,A_G147K,A_S148Y_B, D_A",-13.025397300720215,-10.638300895690918,"A_G28A,A_Q31R,A_H32D,A_D35E,A_K40R,A_A42K,A_N61S,A_S62Q,A_K63N,A_A65N,A_F77Y,A_V79G,A_G116P,A_H117S,A_G118V,A_L120C,A_A122S,A_T123R,A_P144S,A_G145S,A_G147K,A_S148Y","4HFK:A, B, D:B_L50A:PMID=23288853",-2.387096405029297
"4hfk_A_G28H,A_Q31K,A_H32A,A_A42K,A_N61S,A_A65P,A_F77Y,A_H117Y,A_T123V,A_G124F,A_P144T,A_G145N,A_S148G_B, D_A",-13.025397300720215,-10.941389274597167,"A_G28H,A_Q31K,A_H32A,A_A42K,A_N61S,A_A65P,A_F77Y,A_H117Y,A_T123V,A_G124F,A_P144T,A_G145N,A_S148G","4HFK:A, B, D:B_L50A:PMID=23288853",-2.0840080261230476
"4hfk_A_H32D,A_N61S,A_K63N,A_A65G,A_F77Y,A_H117T,A_L120A,A_T123V,A_P144G,A_G145S,A_S148T_B, D_A",-13.025397300720215,-11.341619491577148,"A_H32D,A_N61S,A_K63N,A_A65G,A_F77Y,A_H117T,A_L120A,A_T123V,A_P144G,A_G145S,A_S148T","4HFK:A, B, D:B_L50A:PMID=23288853",-1.6837778091430664
"4hfk_A_H32K,A_N61D,A_S62I,A_K63S,A_A65R,A_T66R,A_H117T,A_T123V,A_P144S,A_G145S_B, D_A",-13.025397300720215,-11.974320030212402,"A_H32K,A_N61D,A_S62I,A_K63S,A_A65R,A_T66R,A_H117T,A_T123V,A_P144S,A_G145S","4HFK:A, B, D:B_L50A:PMID=23288853",-1.0510772705078129
"4hfk_A_H32T,A_N61S,A_K63S,A_Y64M,A_A65S,A_F77Y,A_R78K,A_G116H,A_H117Y,A_L120Y,A_T123V,A_G145S_B, D_A",-13.025397300720215,-10.67668857574463,"A_H32T,A_N61S,A_K63S,A_Y64M,A_A65S,A_F77Y,A_R78K,A_G116H,A_H117Y,A_L120Y,A_T123V,A_G145S","4HFK:A, B, D:B_L50A:PMID=23288853",-2.3487087249755856
"4hfk_A_Q31A,A_H32K,A_N61D,A_S62T,A_K63R,A_A65R,A_F77Y,A_R78A,A_T123A,A_G145S,A_S148N_B, D_A",-13.025397300720215,-10.242778396606445,"A_Q31A,A_H32K,A_N61D,A_S62T,A_K63R,A_A65R,A_F77Y,A_R78A,A_T123A,A_G145S,A_S148N","4HFK:A, B, D:B_L50A:PMID=23288853",-2.78261890411377
"4hfk_A_Q31K,A_H32K,A_A42Y,A_N61D,A_S62T,A_A65Q,A_F77Y,A_H117T,A_L120K,A_T123V,A_P144N,A_G145N,A_S148T_B, D_A",-13.025397300720215,-11.614288139343262,"A_Q31K,A_H32K,A_A42Y,A_N61D,A_S62T,A_A65Q,A_F77Y,A_H117T,A_L120K,A_T123V,A_P144N,A_G145N,A_S148T","4HFK:A, B, D:B_L50A:PMID=23288853",-1.4111091613769524
"4k71_A_L78H,A_T81R,A_M85L,A_A86G,A_M416F,A_V422I,A_V460L,A_L461N,A_E463Y,A_T494N,A_Y495S,A_T506I,A_H508N,A_K517A,A_I521V,A_K522D,A_T525Q,A_E563D,A_G570Y_B, C_A",-10.982409477233887,-9.365720558166505,"A_L78H,A_T81R,A_M85L,A_A86G,A_M416F,A_V422I,A_V460L,A_L461N,A_E463Y,A_T494N,A_Y495S,A_T506I,A_H508N,A_K517A,A_I521V,A_K522D,A_T525Q,A_E563D,A_G570Y","4K71:A, B, C:B_H157A:PMID=24120761",-1.616688919067382
"4k71_A_L78T,A_E84Q,A_M85L,A_A418V,A_V422K,A_L461R,A_E463D,A_K464E,A_T465I,A_T506Y,A_H508E,A_A509D,A_D510K,A_K517E,A_K522Y_B, C_A",-10.982409477233887,-8.884600257873535,"A_L78T,A_E84Q,A_M85L,A_A418V,A_V422K,A_L461R,A_E463D,A_K464E,A_T465I,A_T506Y,A_H508E,A_A509D,A_D510K,A_K517E,A_K522Y","4K71:A, B, C:B_H157A:PMID=24120761",-2.097809219360352
"4k71_A_L78V,A_E84D,A_M85L,A_D106C,A_M416F,A_V460T,A_T465S,A_P466S,A_N501D,A_F505E,A_T506V,A_H508N,A_D510E,A_I521G,A_Q524W,A_T525I,A_K562A,A_G570V_B, C_A",-10.982409477233887,-8.990637397766113,"A_L78V,A_E84D,A_M85L,A_D106C,A_M416F,A_V460T,A_T465S,A_P466S,A_N501D,A_F505E,A_T506V,A_H508N,A_D510E,A_I521G,A_Q524W,A_T525I,A_K562A,A_G570V","4K71:A, B, C:B_H157A:PMID=24120761",-1.9917720794677738
"4k71_A_T77A,A_L78D,A_E80K,A_Y82A,A_E84R,A_M85L,A_D106E,A_P419R,A_L421T,A_T465E,A_Y495T,A_N501I,A_F505W,A_T506I,A_H508N,A_K517E,A_I521M,A_K522Y,A_T525K_B, C_A",-10.982409477233887,-9.153835582733155,"A_T77A,A_L78D,A_E80K,A_Y82A,A_E84R,A_M85L,A_D106E,A_P419R,A_L421T,A_T465E,A_Y495T,A_N501I,A_F505W,A_T506I,A_H508N,A_K517E,A_I521M,A_K522Y,A_T525K","4K71:A, B, C:B_H157A:PMID=24120761",-1.8285738945007317
"4k71_A_T77A,A_L78T,A_E80Q,A_T81K,A_E84W,A_Q415S,A_M416Y,A_S417F,A_L461V,A_E463H,A_T465S,A_H508Y,A_D510S,A_K517H,A_I521V,A_K522V,A_Q524E_B, C_A",-10.982409477233887,-9.72330150604248,"A_T77A,A_L78T,A_E80Q,A_T81K,A_E84W,A_Q415S,A_M416Y,A_S417F,A_L461V,A_E463H,A_T465S,A_H508Y,A_D510S,A_K517H,A_I521V,A_K522V,A_Q524E","4K71:A, B, C:B_H157A:PMID=24120761",-1.2591079711914066
"4k71_A_T77L,A_L78K,A_R79Q,A_M85F,A_D106E,A_V422L,A_V460A,A_L461I,A_N501S,A_T506K,A_H508N,A_A509S,A_K517E,A_I521F,A_V528C_B, C_A",-10.982409477233887,-9.692835235595703,"A_T77L,A_L78K,A_R79Q,A_M85F,A_D106E,A_V422L,A_V460A,A_L461I,A_N501S,A_T506K,A_H508N,A_A509S,A_K517E,A_I521F,A_V528C","4K71:A, B, C:B_H157A:PMID=24120761",-1.2895742416381832
"4k71_A_T77S,A_L78E,A_E80A,A_Y82A,A_M85L,A_P108Q,A_M416K,A_E423D,A_L461I,A_N501D,A_T504S,A_F505T,A_T506I,A_F507L,A_H508R,A_A509D,A_D510M,A_I521L,A_E563K,A_G570L_B, C_A",-10.982409477233887,-9.106756496429444,"A_T77S,A_L78E,A_E80A,A_Y82A,A_M85L,A_P108Q,A_M416K,A_E423D,A_L461I,A_N501D,A_T504S,A_F505T,A_T506I,A_F507L,A_H508R,A_A509D,A_D510M,A_I521L,A_E563K,A_G570L","4K71:A, B, C:B_H157A:PMID=24120761",-1.8756529808044426
"4k71_A_T77V,A_L78N,A_E80Q,A_M85L,A_S417G,A_V422I,A_T506V,A_H508N,A_D510H,A_K517E,A_I521V,A_K522L,A_T525K_B, C_A",-10.982409477233887,-8.699245262145997,"A_T77V,A_L78N,A_E80Q,A_M85L,A_S417G,A_V422I,A_T506V,A_H508N,A_D510H,A_K517E,A_I521V,A_K522L,A_T525K","4K71:A, B, C:B_H157A:PMID=24120761",-2.28316421508789
"4kro_C_D1E,C_Q27E,C_S28N,C_T31N,C_N91D,C_N92Y,C_N93G,D_T30S,D_G55S,D_N56S,D_T100E,D_Y101P_A_C, D",-8.947722434997559,-9.901120948791505,"C_D1E,C_Q27E,C_S28N,C_T31N,C_N91D,C_N92Y,C_N93G,D_T30S,D_G55S,D_N56S,D_T100E,D_Y101P","4KRO:A, C, D::PMID=TBD",0.953398513793946
"4kro_C_D1E,C_S26G,C_S28D,C_T31N,C_N91L,C_W94A,D_S53E,D_N56T,D_Y59F,D_T100E,D_D103G_A_C, D",-8.947722434997559,-8.884129905700684,"C_D1E,C_S26G,C_S28D,C_T31N,C_N91L,C_W94A,D_S53E,D_N56T,D_Y59F,D_T100E,D_D103G","4KRO:A, C, D::PMID=TBD",-0.06359252929687464
"4kro_C_D1E,C_S28D,C_T31N,C_N92R,D_T30R,D_S53Y,D_N56S,D_Y59F,D_T100E_A_C, D",-8.947722434997559,-10.17114086151123,"C_D1E,C_S28D,C_T31N,C_N92R,D_T30R,D_S53Y,D_N56S,D_Y59F,D_T100E","4KRO:A, C, D::PMID=TBD",1.2234184265136712
"4kro_C_D1E,C_S28D,C_T31S,C_N91L,C_N92H,C_N93D,C_T96Y,D_T30W,D_N56S,D_T100N,D_Y102S_A_C, D",-8.947722434997559,-9.459195709228515,"C_D1E,C_S28D,C_T31S,C_N91L,C_N92H,C_N93D,C_T96Y,D_T30W,D_N56S,D_T100N,D_Y102S","4KRO:A, C, D::PMID=TBD",0.5114732742309567
"4kro_C_D1E,C_S28N,C_T31S,C_N91W,C_N92W,C_N93A,C_T96P,D_T30S,D_I51V,D_T100Q,D_Y101P_A_C, D",-8.947722434997559,-9.702775001525879,"C_D1E,C_S28N,C_T31S,C_N91W,C_N92W,C_N93A,C_T96P,D_T30S,D_I51V,D_T100Q,D_Y101P","4KRO:A, C, D::PMID=TBD",0.7550525665283203
"4kro_C_D1S,C_Q27E,C_S28D,C_T31S,C_N91D,C_N92S,C_N93P,D_T30N,D_I51S,D_N56R,D_T100E_A_C, D",-8.947722434997559,-10.288332176208495,"C_D1S,C_Q27E,C_S28D,C_T31S,C_N91D,C_N92S,C_N93P,D_T30N,D_I51S,D_N56R,D_T100E","4KRO:A, C, D::PMID=TBD",1.3406097412109368
"4kro_C_D1T,C_Q27E,C_S28D,C_T31N,C_N91D,C_N92W,C_N93S,D_T30N,D_S53I,D_N56R,D_T100N_A_C, D",-8.947722434997559,-10.119664001464844,"C_D1T,C_Q27E,C_S28D,C_T31N,C_N91D,C_N92W,C_N93S,D_T30N,D_S53I,D_N56R,D_T100N","4KRO:A, C, D::PMID=TBD",1.1719415664672859
"4kro_C_Q27E,C_S28N,C_T31S,C_N91L,C_N93S,C_R211V,D_N56S,D_T100E,D_Y102A_A_C, D",-8.947722434997559,-9.187740898132324,"C_Q27E,C_S28N,C_T31S,C_N91L,C_N93S,C_R211V,D_N56S,D_T100E,D_Y102A","4KRO:A, C, D::PMID=TBD",0.24001846313476527
"5hvf_B_A33S,B_A50V,B_R51Q,B_S56A,B_A59N,B_Q99N,B_G101N,B_W102A,B_L103A,B_Q105S,B_Y106F_A_B",-14.35500717163086,-10.038969612121582,"B_A33S,B_A50V,B_R51Q,B_S56A,B_A59N,B_Q99N,B_G101N,B_W102A,B_L103A,B_Q105S,B_Y106F","5HVF:A, B::PMID=27279497",-4.316037559509278
"5hvf_B_N32Y,B_A33N,B_K43E,B_V48F,B_A50T,B_R51I,B_N53L,B_V54T,B_W97S,B_Q99S,B_G101A,B_W102Q,B_Q105R,B_Y106F_A_B",-14.35500717163086,-9.987068271636963,"B_N32Y,B_A33N,B_K43E,B_V48F,B_A50T,B_R51I,B_N53L,B_V54T,B_W97S,B_Q99S,B_G101A,B_W102Q,B_Q105R,B_Y106F","5HVF:A, B::PMID=27279497",-4.367938899993897
"5hvf_B_S30D,B_N32K,B_A33S,B_A49M,B_A50T,B_R51K,B_S56A,B_A59D,B_Q99S,B_D100N,B_G101D,B_W102D,B_L103N,B_G104Q,B_Q105S,B_Y106F_A_B",-14.35500717163086,-10.182038307189941,"B_S30D,B_N32K,B_A33S,B_A49M,B_A50T,B_R51K,B_S56A,B_A59D,B_Q99S,B_D100N,B_G101D,B_W102D,B_L103N,B_G104Q,B_Q105S,B_Y106F","5HVF:A, B::PMID=27279497",-4.172968864440918
"5hvf_B_S30H,B_N32Y,B_A33G,B_A50V,B_R51I,B_A59D,B_Q99A,B_G101N,B_W102H,B_L103N,B_Q105R,B_Y106F_A_B",-14.35500717163086,-9.476226043701171,"B_S30H,B_N32Y,B_A33G,B_A50V,B_R51I,B_A59D,B_Q99A,B_G101N,B_W102H,B_L103N,B_Q105R,B_Y106F","5HVF:A, B::PMID=27279497",-4.878781127929688
"5hvf_B_S30N,B_N32Y,B_A33T,B_M34S,B_K43R,B_A50I,B_R51I,B_V54T,B_S56A,B_T57I,B_Q99A,B_G101N,B_W102Y,B_L103N,B_G104A,B_Q105C,B_Y106F_A_B",-14.35500717163086,-10.20871524810791,"B_S30N,B_N32Y,B_A33T,B_M34S,B_K43R,B_A50I,B_R51I,B_V54T,B_S56A,B_T57I,B_Q99A,B_G101N,B_W102Y,B_L103N,B_G104A,B_Q105C,B_Y106F","5HVF:A, B::PMID=27279497",-4.1462919235229485
"5hvf_B_S30Q,B_A33S,B_K43Q,B_E44V,B_R45A,B_E46T,B_A50T,B_R51D,B_T57I,B_A59E,B_Q99C,B_D100P,B_G101D,B_W102N,B_L103R,B_G104F,B_Q105T,B_Y106F_A_B",-14.35500717163086,-10.023504257202148,"B_S30Q,B_A33S,B_K43Q,B_E44V,B_R45A,B_E46T,B_A50T,B_R51D,B_T57I,B_A59E,B_Q99C,B_D100P,B_G101D,B_W102N,B_L103R,B_G104F,B_Q105T,B_Y106F","5HVF:A, B::PMID=27279497",-4.331502914428711
"5hvf_B_S30T,B_A33S,B_K43A,B_R45L,B_A50V,B_R51A,B_V54T,B_S56T,B_T57F,B_Q99K,B_G101K,B_W102G,B_L103N,B_Q105V,B_Y106F_A_B",-14.35500717163086,-10.0672176361084,"B_S30T,B_A33S,B_K43A,B_R45L,B_A50V,B_R51A,B_V54T,B_S56T,B_T57F,B_Q99K,B_G101K,B_W102G,B_L103N,B_Q105V,B_Y106F","5HVF:A, B::PMID=27279497",-4.28778953552246
"5hvf_B_S30T,B_N32A,B_A33G,B_R45Q,B_L47M,B_A50V,B_R51A,B_Q99A,B_G101E,B_W102N,B_L103H,B_Q105M,B_Y106F_A_B",-14.35500717163086,-9.62174301147461,"B_S30T,B_N32A,B_A33G,B_R45Q,B_L47M,B_A50V,B_R51A,B_Q99A,B_G101E,B_W102N,B_L103H,B_Q105M,B_Y106F","5HVF:A, B::PMID=27279497",-4.733264160156249
"5m2o_A_I32A,A_M35N,A_V37W,A_V61I,A_A66H,A_I67Q,A_L68M,A_G69H,A_A71N,A_K73T,A_D77S,A_K78S,A_E80Q,A_N114Y,A_E115L,A_H117Y,A_S119G,A_N120H_B_A",-10.856902122497559,-10.761124610900879,"A_I32A,A_M35N,A_V37W,A_V61I,A_A66H,A_I67Q,A_L68M,A_G69H,A_A71N,A_K73T,A_D77S,A_K78S,A_E80Q,A_N114Y,A_E115L,A_H117Y,A_S119G,A_N120H","5M2O:A, B:A_N71A:PMID=28389644",-0.09577751159667969
"5m2o_A_M35L,A_M62L,A_T63L,A_M65Q,A_A66T,A_L68N,A_G69Q,A_A70L,A_A71N,A_K73I,A_D77P,A_K78D,A_E80N,A_E115N,A_H117Y,A_S119Q,A_N120S,A_D121T,A_S123D_B_A",-10.856902122497559,-9.867748641967774,"A_M35L,A_M62L,A_T63L,A_M65Q,A_A66T,A_L68N,A_G69Q,A_A70L,A_A71N,A_K73I,A_D77P,A_K78D,A_E80N,A_E115N,A_H117Y,A_S119Q,A_N120S,A_D121T,A_S123D","5M2O:A, B:A_N71A:PMID=28389644",-0.9891534805297848
"5m2o_A_M35L,A_T60K,A_M62T,A_A71N,A_K73T,A_S74A,A_D77S,A_K78S,A_E80N,A_N114C,A_E115K,A_H117Y,A_S119N,A_N120Q,A_G122L_B_A",-10.856902122497559,-10.342672729492188,"A_M35L,A_T60K,A_M62T,A_A71N,A_K73T,A_S74A,A_D77S,A_K78S,A_E80N,A_N114C,A_E115K,A_H117Y,A_S119N,A_N120Q,A_G122L","5M2O:A, B:A_N71A:PMID=28389644",-0.5142293930053707
"5m2o_A_M35T,A_T60I,A_A66G,A_A70R,A_A71N,A_F72N,A_K73V,A_D77E,A_K78N,A_E80N,A_N114E,A_E115K,A_H117Y,A_N120D_B_A",-10.856902122497559,-9.6644868850708,"A_M35T,A_T60I,A_A66G,A_A70R,A_A71N,A_F72N,A_K73V,A_D77E,A_K78N,A_E80N,A_N114E,A_E115K,A_H117Y,A_N120D","5M2O:A, B:A_N71A:PMID=28389644",-1.1924152374267578
"5m2o_A_M35V,A_D36S,A_V37S,A_T60R,A_V61Y,A_M62R,A_A66M,A_A71N,A_F72M,A_K73M,A_D76W,A_D77R,A_K78D,A_E80K,A_E115N,A_H117Y,A_S119G,A_N120S_B_A",-10.856902122497559,-10.01150951385498,"A_M35V,A_D36S,A_V37S,A_T60R,A_V61Y,A_M62R,A_A66M,A_A71N,A_F72M,A_K73M,A_D76W,A_D77R,A_K78D,A_E80K,A_E115N,A_H117Y,A_S119G,A_N120S","5M2O:A, B:A_N71A:PMID=28389644",-0.8453926086425785
"5m2o_A_M35V,A_T60E,A_A66W,A_A71N,A_K73V,A_D77S,A_K78S,A_E80A,A_E115N,A_H117Y,A_S119A,A_N120Y_B_A",-10.856902122497559,-10.380077171325684,"A_M35V,A_T60E,A_A66W,A_A71N,A_K73V,A_D77S,A_K78S,A_E80A,A_E115N,A_H117Y,A_S119A,A_N120Y","5M2O:A, B:A_N71A:PMID=28389644",-0.4768249511718743
"5m2o_A_S33A,A_M35F,A_V37C,A_A71N,A_F72G,A_K73T,A_S74T,A_D77E,A_K78I,A_E80N,A_E115K,A_H117Y,A_S119Q,A_G122S_B_A",-10.856902122497559,-9.989790153503417,"A_S33A,A_M35F,A_V37C,A_A71N,A_F72G,A_K73T,A_S74T,A_D77E,A_K78I,A_E80N,A_E115K,A_H117Y,A_S119Q,A_G122S","5M2O:A, B:A_N71A:PMID=28389644",-0.8671119689941413
"5m2o_A_S33R,A_T60E,A_T63V,A_A66K,A_A71N,A_K73T,A_D77S,A_K78Q,A_N114M,A_E115K,A_H117Y,A_S119K,A_N120R_B_A",-10.856902122497559,-10.18746223449707,"A_S33R,A_T60E,A_T63V,A_A66K,A_A71N,A_K73T,A_D77S,A_K78Q,A_N114M,A_E115K,A_H117Y,A_S119K,A_N120R","5M2O:A, B:A_N71A:PMID=28389644",-0.6694398880004879
"5myk_A_S94A,A_T97I,A_V99F,B_S30R,B_D31Q,B_A49S,B_L54K,B_Y56S,B_S57N,B_I58V,B_Y99A,B_D100S,B_Y101R,B_D102N,B_N103R,B_I104Y,B_L105C,B_D106W,B_Y107D_C_A, B",-12.283493995666504,-8.784301948547363,"A_S94A,A_T97I,A_V99F,B_S30R,B_D31Q,B_A49S,B_L54K,B_Y56S,B_S57N,B_I58V,B_Y99A,B_D100S,B_Y101R,B_D102N,B_N103R,B_I104Y,B_L105C,B_D106W,B_Y107D","5MYK:A, B, C::PMID=TBD",-3.4991920471191413
"5myk_A_S94A,A_V99H,B_D31S,B_A49S,B_N53H,B_L54K,B_Y56S,B_S57N,B_I58K,B_Y99W,B_D100G,B_Y101H,B_D102S,B_N103D,B_I104N,B_L105V,B_D106C_C_A, B",-12.283493995666504,-9.551643180847169,"A_S94A,A_V99H,B_D31S,B_A49S,B_N53H,B_L54K,B_Y56S,B_S57N,B_I58K,B_Y99W,B_D100G,B_Y101H,B_D102S,B_N103D,B_I104N,B_L105V,B_D106C","5MYK:A, B, C::PMID=TBD",-2.7318508148193352
"5myk_A_S94E,A_S96G,A_V99L,B_S30V,B_A49S,B_L54K,B_Y56R,B_S57N,B_Y99A,B_D100W,B_D102S,B_N103Y,B_I104D,B_L105V,B_D106Y,B_Y107D,B_K222H_C_A, B",-12.283493995666504,-8.77698631286621,"A_S94E,A_S96G,A_V99L,B_S30V,B_A49S,B_L54K,B_Y56R,B_S57N,B_Y99A,B_D100W,B_D102S,B_N103Y,B_I104D,B_L105V,B_D106Y,B_Y107D,B_K222H","5MYK:A, B, C::PMID=TBD",-3.5065076828002937
"5myk_A_S94Q,A_S96A,A_V99T,B_Y32K,B_F50Y,B_L54M,B_Y56G,B_S57N,B_Y99W,B_D100N,B_Y101R,B_D102N,B_N103S,B_I104S,B_L105V,B_Y107W_C_A, B",-12.283493995666504,-9.149335289001465,"A_S94Q,A_S96A,A_V99T,B_Y32K,B_F50Y,B_L54M,B_Y56G,B_S57N,B_Y99W,B_D100N,B_Y101R,B_D102N,B_N103S,B_I104S,B_L105V,B_Y107W","5MYK:A, B, C::PMID=TBD",-3.1341587066650387
"5myk_A_S96I,A_V99W,A_P100C,B_S30Q,B_A49S,B_L54N,B_Y56N,B_I58V,B_Y99F,B_D100H,B_Y101H,B_D102N,B_N103R,B_I104T,B_L105I,B_D106Y,B_Y107D,B_K222A_C_A, B",-12.283493995666504,-9.010740089416505,"A_S96I,A_V99W,A_P100C,B_S30Q,B_A49S,B_L54N,B_Y56N,B_I58V,B_Y99F,B_D100H,B_Y101H,B_D102N,B_N103R,B_I104T,B_L105I,B_D106Y,B_Y107D,B_K222A","5MYK:A, B, C::PMID=TBD",-3.2727539062499993
"5myk_A_S96N,A_H98E,B_A49S,B_L54N,B_Y56E,B_S57N,B_I58V,B_D100N,B_Y101H,B_D102Y,B_N103D,B_I104D,B_L105D,B_D106Y,B_K222E_C_A, B",-12.283493995666504,-9.693180465698243,"A_S96N,A_H98E,B_A49S,B_L54N,B_Y56E,B_S57N,B_I58V,B_D100N,B_Y101H,B_D102Y,B_N103D,B_I104D,B_L105D,B_D106Y,B_K222E","5MYK:A, B, C::PMID=TBD",-2.5903135299682614
"5myk_A_V30L,A_S94A,A_S96C,A_V99F,B_S30H,B_D31S,B_L54N,B_Y56K,B_S57E,B_Y99W,B_D100Y,B_D102N,B_I104R,B_L105I,B_D106Y,B_Y107N_C_A, B",-12.283493995666504,-9.607959747314453,"A_V30L,A_S94A,A_S96C,A_V99F,B_S30H,B_D31S,B_L54N,B_Y56K,B_S57E,B_Y99W,B_D100Y,B_D102N,B_I104R,B_L105I,B_D106Y,B_Y107N","5MYK:A, B, C::PMID=TBD",-2.675534248352051
"5myk_A_V30L,A_S94C,A_S96T,A_V99F,B_D31S,B_A49S,B_F50A,B_L54S,B_A55I,B_Y56G,B_S57Y,B_Y99M,B_D100S,B_D102N,B_N103S,B_I104S,B_D106Y,B_Y107F_C_A, B",-12.283493995666504,-8.810967063903808,"A_V30L,A_S94C,A_S96T,A_V99F,B_D31S,B_A49S,B_F50A,B_L54S,B_A55I,B_Y56G,B_S57Y,B_Y99M,B_D100S,B_D102N,B_N103S,B_I104S,B_D106Y,B_Y107F","5MYK:A, B, C::PMID=TBD",-3.4725269317626957
"6a78_H_A47S,H_T48A,H_I49M,H_S55H,H_Y58E,H_L100Q,H_R101N,L_E27Q,L_N28D,L_Y30R,L_G31S,L_S93Q_A_H, L",-9.032998085021973,-9.440437698364258,"H_A47S,H_T48A,H_I49M,H_S55H,H_Y58E,H_L100Q,H_R101N,L_E27Q,L_N28D,L_Y30R,L_G31S,L_S93Q","6A78:A, H, L::PMID=30595454",0.4074396133422855
"6a78_H_S55Y,H_R101S,H_Y104F,L_E27Q,L_N28D,L_G31S,L_S93I,L_P95Q_A_H, L",-9.032998085021973,-10.036200904846192,"H_S55Y,H_R101S,H_Y104F,L_E27Q,L_N28D,L_G31S,L_S93I,L_P95Q","6A78:A, H, L::PMID=30595454",1.003202819824219
"6a78_H_S55Y,H_R101S,L_Y30F,L_G31S_A_H, L",-9.032998085021973,-10.542716217041015,"H_S55Y,H_R101S,L_Y30F,L_G31S","6A78:A, H, L::PMID=30595454",1.5097181320190423
"6a78_H_T48C,H_S55D,H_R101D,H_Y104F,L_E27Q,L_N28D,L_Y30F,L_G31N,L_N90Y,L_S93H_A_H, L",-9.032998085021973,-9.782965469360352,"H_T48C,H_S55D,H_R101D,H_Y104F,L_E27Q,L_N28D,L_Y30F,L_G31N,L_N90Y,L_S93H","6A78:A, H, L::PMID=30595454",0.7499673843383796
"6a78_H_T48N,H_S55E,H_R101V,H_Y104F,L_N28D,L_G31N,L_Y49K,L_G66D,L_S93Q,L_P95Q_A_H, L",-9.032998085021973,-9.866486549377441,"H_T48N,H_S55E,H_R101V,H_Y104F,L_N28D,L_G31N,L_Y49K,L_G66D,L_S93Q,L_P95Q","6A78:A, H, L::PMID=30595454",0.8334884643554688
"6a78_H_T48Q,H_S55Y,H_T56I,H_R101Q,L_E27D,L_N28D,L_G31N,L_V91A_A_H, L",-9.032998085021973,-10.075490951538086,"H_T48Q,H_S55Y,H_T56I,H_R101Q,L_E27D,L_N28D,L_G31N,L_V91A","6A78:A, H, L::PMID=30595454",1.0424928665161133
"6a78_H_T48R,H_I49Y,H_G54S,H_S55F,H_T56E,H_R101W,L_N28D,L_G31N,L_S93R_A_H, L",-9.032998085021973,-9.831251525878907,"H_T48R,H_I49Y,H_G54S,H_S55F,H_T56E,H_R101W,L_N28D,L_G31N,L_S93R","6A78:A, H, L::PMID=30595454",0.798253440856934
"6a78_H_T48S,H_S55Y,H_R101S,L_E27Q,L_N28D,L_Y30W,L_G31Y,L_L92T,L_S93E_A_H, L",-9.032998085021973,-9.47916145324707,"H_T48S,H_S55Y,H_R101S,L_E27Q,L_N28D,L_Y30W,L_G31Y,L_L92T,L_S93E","6A78:A, H, L::PMID=30595454",0.44616336822509695
"6cwt_C_I52S,C_I54V,C_N56S,C_A98G,C_R101D,C_G102T,C_V103F,C_H218R,D_S29T,D_G31Y,D_N32A,D_A33S,D_I49R,D_S50K,D_A51T,D_G52R,D_N54T,D_R64Q,D_S66Y,D_Y93F,D_S94T,D_A95N,D_I96L_F_C, D",-15.959397315979004,-10.69070053100586,"C_I52S,C_I54V,C_N56S,C_A98G,C_R101D,C_G102T,C_V103F,C_H218R,D_S29T,D_G31Y,D_N32A,D_A33S,D_I49R,D_S50K,D_A51T,D_G52R,D_N54T,D_R64Q,D_S66Y,D_Y93F,D_S94T,D_A95N,D_I96L","6CWT:C, D, F::PMID=TBD",-5.2686967849731445
"6cwt_C_V49I,C_I54T,C_N56V,C_A98S,C_R99P,C_R101F,C_V103E,D_S29N,D_S50T,D_G52Q,D_S53G,D_N54T,D_R64Q,D_S68Q,D_T92A,D_S94T,D_A95N,D_I96V_F_C, D",-15.959397315979004,-11.09514102935791,"C_V49I,C_I54T,C_N56V,C_A98S,C_R99P,C_R101F,C_V103E,D_S29N,D_S50T,D_G52Q,D_S53G,D_N54T,D_R64Q,D_S68Q,D_T92A,D_S94T,D_A95N,D_I96V","6CWT:C, D, F::PMID=TBD",-4.864256286621094
"6cwt_C_V49I,C_Y51W,C_I52L,C_I54V,C_N56S,C_A98G,C_R99K,C_R101I,C_V103E,D_S29D,D_N32S,D_A33Q,D_S50T,D_A51S,D_S53R,D_N54V,D_L55E,D_R64V,D_S66G,D_S68Y,D_T92V,D_S94N,D_I96V_F_C, D",-15.959397315979004,-10.931403732299804,"C_V49I,C_Y51W,C_I52L,C_I54V,C_N56S,C_A98G,C_R99K,C_R101I,C_V103E,D_S29D,D_N32S,D_A33Q,D_S50T,D_A51S,D_S53R,D_N54V,D_L55E,D_R64V,D_S66G,D_S68Y,D_T92V,D_S94N,D_I96V","6CWT:C, D, F::PMID=TBD",-5.0279935836792
"6cwt_C_V49K,C_Y51F,C_I54V,C_N56S,C_A98K,C_R99W,C_T100S,C_R101Q,C_V103F,C_H218S,D_G31Y,D_N32G,D_A33S,D_S50R,D_A51S,D_G52D,D_S53M,D_N54T,D_L55I,D_R64L,D_S66G,D_S68K,D_T92S,D_Y93W,D_S94I,D_A95Y,D_I96W_F_C, D",-15.959397315979004,-10.344303703308105,"C_V49K,C_Y51F,C_I54V,C_N56S,C_A98K,C_R99W,C_T100S,C_R101Q,C_V103F,C_H218S,D_G31Y,D_N32G,D_A33S,D_S50R,D_A51S,D_G52D,D_S53M,D_N54T,D_L55I,D_R64L,D_S66G,D_S68K,D_T92S,D_Y93W,D_S94I,D_A95Y,D_I96W","6CWT:C, D, F::PMID=TBD",-5.615093612670899
"6cwt_C_V49L,C_E50Q,C_Y51S,C_N56S,C_C97S,C_A98S,C_R99S,C_R101D,C_V103Y,D_N32C,D_A33V,D_I49T,D_A51S,D_S53R,D_N54V,D_L55F,D_S66G,D_S68I,D_T92A,D_Y93L,D_S94T,D_A95S,D_I96T_F_C, D",-15.959397315979004,-10.64866886138916,"C_V49L,C_E50Q,C_Y51S,C_N56S,C_C97S,C_A98S,C_R99S,C_R101D,C_V103Y,D_N32C,D_A33V,D_I49T,D_A51S,D_S53R,D_N54V,D_L55F,D_S66G,D_S68I,D_T92A,D_Y93L,D_S94T,D_A95S,D_I96T","6CWT:C, D, F::PMID=TBD",-5.310728454589844
"6cwt_C_V49L,C_E50V,C_Y51F,C_I52L,C_N56T,C_R99V,C_T100G,C_R101S,C_V103A,D_N32G,D_A33S,D_I49T,D_S50H,D_A51S,D_G52F,D_S53G,D_S68H,D_T92K,D_A95N,D_I96V_F_C, D",-15.959397315979004,-9.996378898620605,"C_V49L,C_E50V,C_Y51F,C_I52L,C_N56T,C_R99V,C_T100G,C_R101S,C_V103A,D_N32G,D_A33S,D_I49T,D_S50H,D_A51S,D_G52F,D_S53G,D_S68H,D_T92K,D_A95N,D_I96V","6CWT:C, D, F::PMID=TBD",-5.963018417358398
"6cwt_C_V49L,C_Y51W,C_I54S,C_N56C,C_R99Q,C_T100V,C_R101S,C_G102P,C_V103D,D_S29G,D_N32S,D_A33S,D_A51S,D_G52T,D_S53G,D_N54T,D_L55I,D_R64K,D_S66G,D_T92A,D_Y93A,D_S94T,D_A95Y,D_I96Q_F_C, D",-15.959397315979004,-10.007821941375733,"C_V49L,C_Y51W,C_I54S,C_N56C,C_R99Q,C_T100V,C_R101S,C_G102P,C_V103D,D_S29G,D_N32S,D_A33S,D_A51S,D_G52T,D_S53G,D_N54T,D_L55I,D_R64K,D_S66G,D_T92A,D_Y93A,D_S94T,D_A95Y,D_I96Q","6CWT:C, D, F::PMID=TBD",-5.951575374603271
"6cwt_C_V49L,C_Y51W,C_N56S,C_R99F,C_T100G,C_R101S,C_V103I,D_S29E,D_G31P,D_N32K,D_A33S,D_S50K,D_A51S,D_G52T,D_S53R,D_N54I,D_R64S,D_G65E,D_S66G,D_Y93L,D_I96V_F_C, D",-15.959397315979004,-11.07301197052002,"C_V49L,C_Y51W,C_N56S,C_R99F,C_T100G,C_R101S,C_V103I,D_S29E,D_G31P,D_N32K,D_A33S,D_S50K,D_A51S,D_G52T,D_S53R,D_N54I,D_R64S,D_G65E,D_S66G,D_Y93L,D_I96V","6CWT:C, D, F::PMID=TBD",-4.886385345458985
"6har_E_A9N,E_E10D,E_T11S,E_P32S_A_E",-13.934557914733887,-10.960777091979981,"E_A9N,E_E10D,E_T11S,E_P32S","6HAR:A, E::PMID=30700553",-2.9737808227539055
"6har_E_A9Q,E_C17T,E_C34N,E_G36I,E_G37P,E_C38H_A_E",-13.934557914733887,-9.348502349853515,"E_A9Q,E_C17T,E_C34N,E_G36I,E_G37P,E_C38H","6HAR:A, E::PMID=30700553",-4.586055564880372
"6har_E_A9Q,E_E10D,E_T11S,E_C14G,E_A16G,E_C38V_A_E",-13.934557914733887,-8.953785800933838,"E_A9Q,E_E10D,E_T11S,E_C14G,E_A16G,E_C38V","6HAR:A, E::PMID=30700553",-4.9807721138000485
"6har_E_A9Q,E_E10D_A_E",-13.934557914733887,-10.879672241210937,"E_A9Q,E_E10D","6HAR:A, E::PMID=30700553",-3.05488567352295
"6har_E_A9Q,E_T11P,E_R15L,E_F18L,E_G36S_A_E",-13.934557914733887,-8.95275411605835,"E_A9Q,E_T11P,E_R15L,E_F18L,E_G36S","6HAR:A, E::PMID=30700553",-4.9818037986755375
"6har_E_A9R,E_T11C,E_G12Q,E_A16E,E_F18I_A_E",-13.934557914733887,-9.692971420288085,"E_A9R,E_T11C,E_G12Q,E_A16E,E_F18I","6HAR:A, E::PMID=30700553",-4.2415864944458015
"6har_E_E10D,E_C17A,E_C34L_A_E",-13.934557914733887,-10.559208297729493,"E_E10D,E_C17A,E_C34L","6HAR:A, E::PMID=30700553",-3.375349617004394
"6har_E_E10D,E_T11H,E_A16S,E_F18Q_A_E",-13.934557914733887,-9.878977584838868,"E_E10D,E_T11H,E_A16S,E_F18Q","6HAR:A, E::PMID=30700553",-4.055580329895019
"6ous_W_D30A,W_G101A,W_A102D,W_G106S,W_N107C,W_S108A,W_Y110N,X_D28N,X_V29I,X_F49Y,X_D50V,X_S53A,X_L54R,X_E55H,X_T56P,X_F91W_K, L_W, X",-14.538759231567383,-10.066195678710937,"W_D30A,W_G101A,W_A102D,W_G106S,W_N107C,W_S108A,W_Y110N,X_D28N,X_V29I,X_F49Y,X_D50V,X_S53A,X_L54R,X_E55H,X_T56P,X_F91W","6OUS:K, L, W, X::PMID=31515478",-4.472563552856446
"6ous_W_D30G,W_G101A,W_A102M,W_Y104M,W_G106N,W_N107Q,W_S108A,W_D109N,W_Y110D,W_Y111F,X_V29I,X_R30Y,X_F49Y,X_S53R,X_L54R,X_E55T,X_T56L_K, L_W, X",-14.538759231567383,-10.169593048095702,"W_D30G,W_G101A,W_A102M,W_Y104M,W_G106N,W_N107Q,W_S108A,W_D109N,W_Y110D,W_Y111F,X_V29I,X_R30Y,X_F49Y,X_S53R,X_L54R,X_E55T,X_T56L","6OUS:K, L, W, X::PMID=31515478",-4.36916618347168
"6ous_W_D30N,W_G101A,W_A102D,W_Y104F,W_G106K,W_N107K,W_S108F,W_Y110I,X_D28N,X_V29I,X_R30K,X_F49Y,X_D50N,X_S53R,X_L54R,X_T56C_K, L_W, X",-14.538759231567383,-9.64074249267578,"W_D30N,W_G101A,W_A102D,W_Y104F,W_G106K,W_N107K,W_S108F,W_Y110I,X_D28N,X_V29I,X_R30K,X_F49Y,X_D50N,X_S53R,X_L54R,X_T56C","6OUS:K, L, W, X::PMID=31515478",-4.898016738891602
"6ous_W_D30N,W_G101A,W_A102F,W_Y104W,W_G106H,W_N107E,W_Y110T,X_D28A,X_V29I,X_R30S,X_F49Y,X_S53K,X_L54R,X_E55Y,X_T56I,X_F91W_K, L_W, X",-14.538759231567383,-10.564168930053711,"W_D30N,W_G101A,W_A102F,W_Y104W,W_G106H,W_N107E,W_Y110T,X_D28A,X_V29I,X_R30S,X_F49Y,X_S53K,X_L54R,X_E55Y,X_T56I,X_F91W","6OUS:K, L, W, X::PMID=31515478",-3.974590301513672
"6ous_W_D30R,W_G101A,W_A102K,W_Y104W,W_G106K,W_S108C,W_Y110K,W_V230W,X_R30K,X_F49Y,X_D50T,X_S53A,X_L54G,X_E55Y,X_T56L_K, L_W, X",-14.538759231567383,-9.726235389709473,"W_D30R,W_G101A,W_A102K,W_Y104W,W_G106K,W_S108C,W_Y110K,W_V230W,X_R30K,X_F49Y,X_D50T,X_S53A,X_L54G,X_E55Y,X_T56L","6OUS:K, L, W, X::PMID=31515478",-4.81252384185791
"6ous_W_D30S,W_G101A,W_A102R,W_Y104F,W_G106C,W_N107T,W_S108A,W_D109P,W_Y110H,X_D28N,X_V29I,X_R30L,X_F49Y,X_S53V,X_L54R,X_E55A,X_T56N,X_F91W_K, L_W, X",-14.538759231567383,-9.382279300689698,"W_D30S,W_G101A,W_A102R,W_Y104F,W_G106C,W_N107T,W_S108A,W_D109P,W_Y110H,X_D28N,X_V29I,X_R30L,X_F49Y,X_S53V,X_L54R,X_E55A,X_T56N,X_F91W","6OUS:K, L, W, X::PMID=31515478",-5.156479930877685
"6ous_W_D30T,W_G101L,W_A102Q,W_Y104S,W_N107E,W_S108A,W_D109G,W_Y110Q,X_D28N,X_R30H,X_F49Y,X_D50G,X_S53D,X_L54R,X_E55Y,X_T56P,X_F91W_K, L_W, X",-14.538759231567383,-9.758746337890624,"W_D30T,W_G101L,W_A102Q,W_Y104S,W_N107E,W_S108A,W_D109G,W_Y110Q,X_D28N,X_R30H,X_F49Y,X_D50G,X_S53D,X_L54R,X_E55Y,X_T56P,X_F91W","6OUS:K, L, W, X::PMID=31515478",-4.7800128936767585
"6ous_W_D30T,W_G101W,W_A102N,W_Y104W,W_G106A,W_N107S,W_Y110N,X_V29I,X_R30L,X_S53A,X_L54R,X_E55H,X_T56S_K, L_W, X",-14.538759231567383,-9.938750648498536,"W_D30T,W_G101W,W_A102N,W_Y104W,W_G106A,W_N107S,W_Y110N,X_V29I,X_R30L,X_S53A,X_L54R,X_E55H,X_T56S","6OUS:K, L, W, X::PMID=31515478",-4.600008583068847
"1bd2_A_A69G,A_H151R,A_Y159A,A_V165Q_D, E_A, C",-5.143359184265137,-5.569136619567871,"A_A69G,A_H151R,A_Y159A,A_V165Q","1BD2:A, C, D, E:C_Y8A:PMID=23736024",0.4257774353027344
"1bd2_A_H145T,A_G162N_D, E_A, C",-5.143359184265137,-7.799803161621094,"A_H145T,A_G162N","1BD2:A, C, D, E:C_Y8A:PMID=23736024",2.6564439773559574
"1bd2_A_H151A_D, E_A, C",-5.143359184265137,-7.155690002441406,A_H151A,"1BD2:A, C, D, E:C_Y8A:PMID=23736024",2.0123308181762694
"1bd2_A_K68Q_D, E_A, C",-5.143359184265137,-6.7157447814941404,A_K68Q,"1BD2:A, C, D, E:C_Y8A:PMID=23736024",1.5723855972290037
"1bd2_A_P57E,A_D61E,A_A69G,A_E148L,A_G162K_D, E_A, C",-5.143359184265137,-6.2261279106140135,"A_P57E,A_D61E,A_A69G,A_E148L,A_G162K","1BD2:A, C, D, E:C_Y8A:PMID=23736024",1.0827687263488768
"1bd2_A_P57M,A_E58D,A_H145A,A_E148A,A_A153G,A_L160E,A_G162D,A_V165S_D, E_A, C",-5.143359184265137,-7.41241683959961,"A_P57M,A_E58D,A_H145A,A_E148A,A_A153G,A_L160E,A_G162D,A_V165S","1BD2:A, C, D, E:C_Y8A:PMID=23736024",2.269057655334473
"1bd2_A_P57Q,A_G62R,A_L156E,A_R157H_D, E_A, C",-5.143359184265137,-6.494129180908203,"A_P57Q,A_G62R,A_L156E,A_R157H","1BD2:A, C, D, E:C_Y8A:PMID=23736024",1.3507699966430664
"1bd2_A_T64Y,A_H151P,A_G162I_D, E_A, C",-5.143359184265137,-7.4073410987854,"A_T64Y,A_H151P,A_G162I","1BD2:A, C, D, E:C_Y8A:PMID=23736024",2.2639819145202633
"1c1y_A_G26N,A_Y32A,A_E54D_B_A",-5.324482440948486,-7.831278705596924,"A_G26N,A_Y32A,A_E54D","1C1Y:A, B:B_N10D, B_R5A:PMID=15236966",2.506796264648438
"1c1y_A_G26N,A_Y32V,A_E37M,A_D38N,A_E54K_B_A",-5.324482440948486,-6.157533073425293,"A_G26N,A_Y32V,A_E37M,A_D38N,A_E54K","1C1Y:A, B:B_N10D, B_R5A:PMID=15236966",0.833050632476807
"1c1y_A_T20E,A_V21I,A_F28Y,A_E37S,A_Y40A,A_E54D_B_A",-6.169980525970459,-5.742975044250488,"A_T20E,A_V21I,A_F28Y,A_E37S,A_Y40A,A_E54D","1C1Y:A, B:B_R5A:PMID=15236966",-0.4270054817199709
"1c1y_A_V21I,A_E37S,A_L56M_B_A",-5.324482440948486,-7.492356300354004,"A_V21I,A_E37S,A_L56M","1C1Y:A, B:B_N10D, B_R5A:PMID=15236966",2.1678738594055176
"1c1y_A_V21I,A_E37W,A_E54K_B_A",-6.169980525970459,-7.009505081176758,"A_V21I,A_E37W,A_E54K","1C1Y:A, B:B_R5A:PMID=15236966",0.8395245552062987
"1c1y_A_V21I,A_F23Y,A_G26N,A_Y32C,A_L53N,A_E54T_B_A",-6.169980525970459,-7.652957439422607,"A_V21I,A_F23Y,A_G26N,A_Y32C,A_L53N,A_E54T","1C1Y:A, B:B_R5A:PMID=15236966",1.4829769134521484
"1c1y_A_V21I,A_F28H,A_E54G,A_L56N_B_A",-5.324482440948486,-7.2573144912719725,"A_V21I,A_F28H,A_E54G,A_L56N","1C1Y:A, B:B_N10D, B_R5A:PMID=15236966",1.9328320503234862
"1c1y_A_V21I,A_G26D,A_Y32T,A_D33E,A_E37M,A_Y40Q,A_E54D,A_L56Y_B_A",-6.169980525970459,-6.750010013580322,"A_V21I,A_G26D,A_Y32T,A_D33E,A_E37M,A_Y40Q,A_E54D,A_L56Y","1C1Y:A, B:B_R5A:PMID=15236966",0.5800294876098633
"1c1y_A_V21I,A_P34E,A_I36Y,A_E37A,A_I55Q_B_A",-5.324482440948486,-6.70885066986084,"A_V21I,A_P34E,A_I36Y,A_E37A,A_I55Q","1C1Y:A, B:B_N10D, B_R5A:PMID=15236966",1.3843682289123533
"1c1y_A_V21I,A_V24A,A_E37A,A_D38E,A_R41A,A_E54D_B_A",-6.169980525970459,-6.1171630859375,"A_V21I,A_V24A,A_E37A,A_D38E,A_R41A,A_E54D","1C1Y:A, B:B_R5A:PMID=15236966",-0.05281744003295863
"1c1y_A_V21I,A_V24C,A_E37S,A_S39E,A_E54N,A_L56F_B_A",-5.324482440948486,-6.861851978302002,"A_V21I,A_V24C,A_E37S,A_S39E,A_E54N,A_L56F","1C1Y:A, B:B_N10D, B_R5A:PMID=15236966",1.5373695373535154
"1c1y_A_V21I,A_V24G,A_I27K,A_Y32N,A_E37R,A_R41K,A_E54R_B_A",-5.324482440948486,-7.080873107910156,"A_V21I,A_V24G,A_I27K,A_Y32N,A_E37R,A_R41K,A_E54R","1C1Y:A, B:B_N10D, B_R5A:PMID=15236966",1.7563906669616696
"1c1y_A_V21I,A_V24L,A_Y40F,A_R41M,A_E54N_B_A",-6.169980525970459,-6.676089286804199,"A_V21I,A_V24L,A_Y40F,A_R41M,A_E54N","1C1Y:A, B:B_R5A:PMID=15236966",0.5061087608337402
"1c1y_A_V21I,A_V24T,A_G26W,A_E37A,A_Y40F,A_E54D_B_A",-5.324482440948486,-6.596602439880371,"A_V21I,A_V24T,A_G26W,A_E37A,A_Y40F,A_E54D","1C1Y:A, B:B_N10D, B_R5A:PMID=15236966",1.2721199989318848
"1c1y_A_V21I,A_V24Y,A_E54S_B_A",-6.169980525970459,-7.297745895385742,"A_V21I,A_V24Y,A_E54S","1C1Y:A, B:B_R5A:PMID=15236966",1.1277653694152834
"1c1y_A_V24K,A_I27K,A_I36Q,A_L56Y_B_A",-6.169980525970459,-7.755882740020752,"A_V24K,A_I27K,A_I36Q,A_L56Y","1C1Y:A, B:B_R5A:PMID=15236966",1.585902214050293
"1cho_F_A41M,G_M44A,G_I64V,G_W67Y,G_P77L_I_E, F, G",-11.7046480178833,-11.240580749511718,"F_A41M,G_M44A,G_I64V,G_W67Y,G_P77L","1CHO:E, F, G, I:I_T14Q:PMID=11171964",-0.46406726837158274
"1cho_F_C27K,F_C43N,G_I64G,G_P77M_I_E, F, G",-11.7046480178833,-12.915377235412597,"F_C27K,F_C43N,G_I64G,G_P77M","1CHO:E, F, G, I:I_T14Q:PMID=11171964",1.2107292175292965
"1cho_F_C43M,G_V65G,G_S69W_I_E, F, G",-11.7046480178833,-12.739694976806641,"F_C43M,G_V65G,G_S69W","1CHO:E, F, G, I:I_T14Q:PMID=11171964",1.0350469589233402
"1cho_F_C43P,F_G125V,G_G45K_I_E, F, G",-12.770702362060547,-12.12111301422119,"F_C43P,F_G125V,G_G45K","1CHO:E, F, G, I:I_R18M:PMID=11171964",-0.6495893478393562
"1cho_F_F24T,G_G45I_I_E, F, G",-12.770702362060547,-13.53455047607422,"F_F24T,G_G45I","1CHO:E, F, G, I:I_R18M:PMID=11171964",0.7638481140136726
"1cho_F_F26V,F_A41V,G_T26P,G_N97H_I_E, F, G",-11.7046480178833,-12.130861854553222,"F_F26V,F_A41V,G_T26P,G_N97H","1CHO:E, F, G, I:I_T14Q:PMID=11171964",0.4262138366699215
"1cho_F_G23D,F_R130F,G_N2F,G_I64S_I_E, F, G",-11.7046480178833,-14.690913772583007,"F_G23D,F_R130F,G_N2F,G_I64S","1CHO:E, F, G, I:I_T14Q:PMID=11171964",2.9862657546997067
"1cho_F_G23D,G_W67F_I_E, F, G",-11.7046480178833,-13.538954734802246,"F_G23D,G_W67F","1CHO:E, F, G, I:I_T14Q:PMID=11171964",1.8343067169189453
"1cho_F_G23R,F_F24R,G_T26A_I_E, F, G",-11.7046480178833,-14.047015190124512,"F_G23R,F_F24R,G_T26A","1CHO:E, F, G, I:I_T14Q:PMID=11171964",2.342367172241211
"1cho_F_H25L,F_G125I,G_Y23K,G_D46G,G_S69P_I_E, F, G",-12.770702362060547,-11.685503959655762,"F_H25L,F_G125I,G_Y23K,G_D46G,G_S69P","1CHO:E, F, G, I:I_R18M:PMID=11171964",-1.0851984024047852
"1cho_F_H25V,F_C27E_I_E, F, G",-12.770702362060547,-12.074812889099121,"F_H25V,F_C27E","1CHO:E, F, G, I:I_R18M:PMID=11171964",-0.6958894729614258
"1cho_F_H42F_I_E, F, G",-12.770702362060547,-13.903557014465331,F_H42F,"1CHO:E, F, G, I:I_R18M:PMID=11171964",1.1328546524047844
"1cho_F_R130K,G_V65E_I_E, F, G",-12.770702362060547,-12.555247688293457,"F_R130K,G_V65E","1CHO:E, F, G, I:I_R18M:PMID=11171964",-0.2154546737670895
"1cho_F_T83H,G_S47M_I_E, F, G",-12.770702362060547,-13.26097240447998,"F_T83H,G_S47M","1CHO:E, F, G, I:I_R18M:PMID=11171964",0.49027004241943395
"1cho_G_M44Q,G_V65Y_I_E, F, G",-11.7046480178833,-11.94919261932373,"G_M44Q,G_V65Y","1CHO:E, F, G, I:I_T14Q:PMID=11171964",0.24454460144042933
"1cho_G_N2S,G_T71H_I_E, F, G",-12.770702362060547,-14.97392635345459,"G_N2S,G_T71H","1CHO:E, F, G, I:I_R18M:PMID=11171964",2.2032239913940437
"1dan_H_A122E,L_I40E,L_A44L,L_K48E,L_W51K,L_K72A,L_A85E_T, U_H, L",-12.74930191040039,-10.261576271057129,"H_A122E,L_I40E,L_A44L,L_K48E,L_W51K,L_K72A,L_A85E","1DAN:H, L, T, U:T_K15A, T_T55A:PMID=7756258",-2.487725639343262
"1dan_H_A122S,H_T155K,L_L5A,L_K48T,L_A85E_T, U_H, L",-12.74930191040039,-12.147727966308594,"H_A122S,H_T155K,L_L5A,L_K48T,L_A85E","1DAN:H, L, T, U:T_K15A, T_T55A:PMID=7756258",-0.6015739440917969
"1dan_H_A122S,L_R38F,L_A44E,L_K48A,L_C82K,L_A85H,L_R89C,L_D97E,L_L99M_T, U_H, L",-12.74930191040039,-11.309988975524902,"H_A122S,L_R38F,L_A44E,L_K48A,L_C82K,L_A85H,L_R89C,L_D97E,L_L99M","1DAN:H, L, T, U:T_K15A, T_T55A:PMID=7756258",-1.4393129348754883
"1dan_H_M154L,L_K48R,L_K72V,L_Q74C,L_Y78H,L_C82F,L_F86S_T, U_H, L",-12.74930191040039,-11.855365371704101,"H_M154L,L_K48R,L_K72V,L_Q74C,L_Y78H,L_C82F,L_F86S","1DAN:H, L, T, U:T_K15A, T_T55A:PMID=7756258",-0.8939365386962894
"1dan_H_M154Q,L_S15F,L_L17V,L_Y78A,L_D97K,L_L99F,L_C101T_T, U_H, L",-12.74930191040039,-11.591916465759278,"H_M154Q,L_S15F,L_L17V,L_Y78A,L_D97K,L_L99F,L_C101T","1DAN:H, L, T, U:T_K15A, T_T55A:PMID=7756258",-1.157385444641113
"1dan_H_R119D,L_R21K,L_K48Q,L_Q74I,L_Y78W,L_E92M,L_D97E,L_V102H,L_N103H_T, U_H, L",-12.74930191040039,-12.170368003845216,"H_R119D,L_R21K,L_K48Q,L_Q74I,L_Y78W,L_E92M,L_D97E,L_V102H,L_N103H","1DAN:H, L, T, U:T_K15A, T_T55A:PMID=7756258",-0.5789339065551751
"1dan_H_T172N,L_S15R,L_L17V,L_R38M,L_K48V,L_Q74T_T, U_H, L",-12.74930191040039,-11.905147933959961,"H_T172N,L_S15R,L_L17V,L_R38M,L_K48V,L_Q74T","1DAN:H, L, T, U:T_K15A, T_T55A:PMID=7756258",-0.8441539764404293
"1dan_L_C71G,L_D97E_T, U_H, L",-12.74930191040039,-10.490956878662109,"L_C71G,L_D97E","1DAN:H, L, T, U:T_K15A, T_T55A:PMID=7756258",-2.2583450317382816
"1dvf_A_A55H,A_W92D,B_N56Y,B_R99I,B_D100H_C, D_A, B",-9.238321304321289,-9.678131866455079,"A_A55H,A_W92D,B_N56Y,B_R99I,B_D100H","1DVF:A, B, C, D:D_Q104A:PMID=8993317",0.4398105621337898
"1dvf_A_I29D,A_T52S,B_S28K,B_T30H_C, D_A, B",-9.238321304321289,-10.311069679260253,"A_I29D,A_T52S,B_S28K,B_T30H","1DVF:A, B, C, D:D_Q104A:PMID=8993317",1.0727483749389641
"1dvf_A_I29F,A_T53Y,B_T30Y,B_N56Y_C, D_A, B",-9.238321304321289,-10.870625686645507,"A_I29F,A_T53Y,B_T30Y,B_N56Y","1DVF:A, B, C, D:D_Q104A:PMID=8993317",1.632304382324218
"1dvf_A_T52L,A_L54R,A_A55E,B_S28N,B_W52H,B_N56Y_C, D_A, B",-9.238321304321289,-9.565261077880859,"A_T52L,A_L54R,A_A55E,B_S28N,B_W52H,B_N56Y","1DVF:A, B, C, D:D_Q104A:PMID=8993317",0.3269397735595696
"1dvf_A_T52N,A_T53R,B_T30H,B_Y32A,B_N56L,B_E98F,B_R99L_C, D_A, B",-9.238321304321289,-9.689705085754394,"A_T52N,A_T53R,B_T30H,B_Y32A,B_N56L,B_E98F,B_R99L","1DVF:A, B, C, D:D_Q104A:PMID=8993317",0.45138378143310476
"1dvf_A_T52S,B_S28T,B_R99L_C, D_A, B",-9.238321304321289,-9.994380950927734,"A_T52S,B_S28T,B_R99L","1DVF:A, B, C, D:D_Q104A:PMID=8993317",0.7560596466064453
"1dvf_A_T53Y,A_A55L,B_T30S,B_M50L,B_I51S_C, D_A, B",-9.238321304321289,-10.573554992675781,"A_T53Y,A_A55L,B_T30S,B_M50L,B_I51S","1DVF:A, B, C, D:D_Q104A:PMID=8993317",1.3352336883544922
"1dvf_A_W92F,A_S93D,B_F27E,B_L29M,B_T30S,B_R97E,B_R99T_C, D_A, B",-9.238321304321289,-9.954411888122559,"A_W92F,A_S93D,B_F27E,B_L29M,B_T30S,B_R97E,B_R99T","1DVF:A, B, C, D:D_Q104A:PMID=8993317",0.7160905838012699
"1eaw_A_L21A,A_A23Q,A_I26L,A_R48E,A_D91P,A_F92Y,A_G135R,A_T144Q,A_S191C,A_D214E_B_A",-14.574844360351562,-12.191681480407714,"A_L21A,A_A23Q,A_I26L,A_R48E,A_D91P,A_F92Y,A_G135R,A_T144Q,A_S191C,A_D214E","1EAW:A, B:A_Q23A:PMID=17475279",-2.383162879943848
"1eaw_A_L21I,A_A23Q,A_C27T,A_A40I,A_C43I,A_Y44F,A_N90D,A_D91T,A_F92N,A_T144Q,A_Q188V,A_V209T_B_A",-14.574844360351562,-12.358851623535156,"A_L21I,A_A23Q,A_C27T,A_A40I,A_C43I,A_Y44F,A_N90D,A_D91T,A_F92N,A_T144Q,A_Q188V,A_V209T","1EAW:A, B:A_Q23A:PMID=17475279",-2.215992736816407
"1eaw_A_L21K,A_A23Q,A_C27Q,A_A40N,A_C43G,A_Y44E,A_R48H,A_D91P,A_T144S_B_A",-14.574844360351562,-11.953038024902344,"A_L21K,A_A23Q,A_C27Q,A_A40N,A_C43G,A_Y44E,A_R48H,A_D91P,A_T144S","1EAW:A, B:A_Q23A:PMID=17475279",-2.621806335449218
"1eaw_A_L21K,A_A23Q,A_C43Q,A_D91R,A_F92N,A_Y141L,A_T144A,A_W212L_B_A",-14.574844360351562,-12.09236183166504,"A_L21K,A_A23Q,A_C43Q,A_D91R,A_F92N,A_Y141L,A_T144A,A_W212L","1EAW:A, B:A_Q23A:PMID=17475279",-2.482482528686523
"1eaw_A_L21K,A_A23Q,A_H25M,A_Y44F,A_D47I,A_D91T,A_F92D,A_Y141W,A_T144N,A_S191A,A_V209I,A_W212Y,A_D214L,A_P222Y_B_A",-14.574844360351562,-11.070261383056641,"A_L21K,A_A23Q,A_H25M,A_Y44F,A_D47I,A_D91T,A_F92D,A_Y141W,A_T144N,A_S191A,A_V209I,A_W212Y,A_D214L,A_P222Y","1EAW:A, B:A_Q23A:PMID=17475279",-3.5045829772949215
"1eaw_A_L21K,A_A23Q,A_I26V,A_D91E,A_F92R,A_T144N,A_D190R,A_V210E_B_A",-14.574844360351562,-12.215883255004883,"A_L21K,A_A23Q,A_I26V,A_D91E,A_F92R,A_T144N,A_D190R,A_V210E","1EAW:A, B:A_Q23A:PMID=17475279",-2.3589611053466797
"1eaw_A_L21S,A_A23Q,A_Y44W,A_D91P,A_G143K,A_T144E_B_A",-14.574844360351562,-13.187787818908692,"A_L21S,A_A23Q,A_Y44W,A_D91P,A_G143K,A_T144E","1EAW:A, B:A_Q23A:PMID=17475279",-1.3870565414428704
"1eaw_A_L21T,A_A23Q,A_Y44F,A_R48F,A_D91P,A_F92S,A_T144L,A_C187V,A_D214E_B_A",-14.574844360351562,-12.638343811035156,"A_L21T,A_A23Q,A_Y44F,A_R48F,A_D91P,A_F92S,A_T144L,A_C187V,A_D214E","1EAW:A, B:A_Q23A:PMID=17475279",-1.9365005493164062
"1l0x_B_K16E,B_N17W,B_I21V,B_F23V,B_E26A,B_L41Y,B_L42I,B_S43A,B_P53K,B_K63G,B_V81L,B_E82A,B_Y83F,B_H85N,B_L86D,B_S90T,B_E94R,B_S96A,B_T161F,B_F192Y,D_K16E,D_Q19A,D_N20R,D_F23N,D_E26N,D_L41T,D_L42D,D_S43N,D_K63S,D_V81I,D_E82H,D_Y83F,D_H85A,D_S96A,D_T161G_A, C_B, D",-7.123495101928711,-6.849515438079834,"B_K16E,B_N17W,B_I21V,B_F23V,B_E26A,B_L41Y,B_L42I,B_S43A,B_P53K,B_K63G,B_V81L,B_E82A,B_Y83F,B_H85N,B_L86D,B_S90T,B_E94R,B_S96A,B_T161F,B_F192Y,D_K16E,D_Q19A,D_N20R,D_F23N,D_E26N,D_L41T,D_L42D,D_S43N,D_K63S,D_V81I,D_E82H,D_Y83F,D_H85A,D_S96A,D_T161G","1L0X:A, B, C, D::PMID=12015151",-0.27397966384887695
"1l0x_B_K16R,B_I21V,B_F23N,B_E26N,B_L41I,B_L42F,B_K63S,B_V81I,B_E82A,B_Y83Q,B_H85D,B_L86S,B_C87S,B_S90M,B_E94R,B_T193F,D_V15I,D_K16S,D_Q19M,D_F23T,D_E26S,D_L41W,D_L42Y,D_S43D,D_P53R,D_L62G,D_K63A,D_E82Q,D_Y83F,D_Y84P,D_H85S,D_S90G,D_E94R,D_S96A,D_F192Y_A, C_B, D",-7.123495101928711,-6.4146449089050295,"B_K16R,B_I21V,B_F23N,B_E26N,B_L41I,B_L42F,B_K63S,B_V81I,B_E82A,B_Y83Q,B_H85D,B_L86S,B_C87S,B_S90M,B_E94R,B_T193F,D_V15I,D_K16S,D_Q19M,D_F23T,D_E26S,D_L41W,D_L42Y,D_S43D,D_P53R,D_L62G,D_K63A,D_E82Q,D_Y83F,D_Y84P,D_H85S,D_S90G,D_E94R,D_S96A,D_F192Y","1L0X:A, B, C, D::PMID=12015151",-0.7088501930236815
"1l0x_B_K16S,B_I21V,B_F23M,B_E26S,B_L42Y,B_S43Q,B_P53K,B_N54E,B_K63G,B_E82A,B_Y83F,B_H85K,B_L86D,B_S90N,B_E94K,B_S96A,B_T161S,B_N162S,D_Q19D,D_N20R,D_I21V,D_F23N,D_E26H,D_L42Y,D_S43P,D_P53Q,D_V81I,D_E82P,D_Y83F,D_Y84H,D_H85Y,D_S90D,D_E94S,D_S96A,D_T161P_A, C_B, D",-7.123495101928711,-7.279321098327637,"B_K16S,B_I21V,B_F23M,B_E26S,B_L42Y,B_S43Q,B_P53K,B_N54E,B_K63G,B_E82A,B_Y83F,B_H85K,B_L86D,B_S90N,B_E94K,B_S96A,B_T161S,B_N162S,D_Q19D,D_N20R,D_I21V,D_F23N,D_E26H,D_L42Y,D_S43P,D_P53Q,D_V81I,D_E82P,D_Y83F,D_Y84H,D_H85Y,D_S90D,D_E94S,D_S96A,D_T161P","1L0X:A, B, C, D::PMID=12015151",0.15582599639892614
"1l0x_B_K16S,B_N17M,B_L18G,B_I21L,B_F23N,B_E26N,B_L41S,B_L42E,B_S43E,B_P53K,B_K63G,B_N64D,B_E82A,B_Y84F,B_H85D,B_L86Y,B_E94K,B_S96A,B_F192Y,D_K16S,D_N17S,D_Q19T,D_I21F,D_F23N,D_E26N,D_L42A,D_S43D,D_K63S,D_N64I,D_V81I,D_E82P,D_Y83F,D_H85N,D_S90L,D_E94K,D_S96C_A, C_B, D",-7.123495101928711,-7.930457305908203,"B_K16S,B_N17M,B_L18G,B_I21L,B_F23N,B_E26N,B_L41S,B_L42E,B_S43E,B_P53K,B_K63G,B_N64D,B_E82A,B_Y84F,B_H85D,B_L86Y,B_E94K,B_S96A,B_F192Y,D_K16S,D_N17S,D_Q19T,D_I21F,D_F23N,D_E26N,D_L42A,D_S43D,D_K63S,D_N64I,D_V81I,D_E82P,D_Y83F,D_H85N,D_S90L,D_E94K,D_S96C","1L0X:A, B, C, D::PMID=12015151",0.8069622039794924
"1l0x_B_K16T,B_Q19G,B_I21V,B_F23N,B_E26A,B_L41T,B_L42Y,B_S43P,B_P53S,B_K63R,B_N64S,B_V81L,B_E82G,B_Y83V,B_Y84G,B_H85A,B_L86G,B_S90T,B_E94D,B_S96A,B_F192Y,D_K16V,D_Q19A,D_N20D,D_F23N,D_E26A,D_L42Y,D_S43D,D_G52Y,D_P53K,D_K63P,D_V81I,D_E82S,D_Y84H,D_H85Y,D_E94Q,D_S96A,D_T193E_A, C_B, D",-7.123495101928711,-7.045038795471191,"B_K16T,B_Q19G,B_I21V,B_F23N,B_E26A,B_L41T,B_L42Y,B_S43P,B_P53S,B_K63R,B_N64S,B_V81L,B_E82G,B_Y83V,B_Y84G,B_H85A,B_L86G,B_S90T,B_E94D,B_S96A,B_F192Y,D_K16V,D_Q19A,D_N20D,D_F23N,D_E26A,D_L42Y,D_S43D,D_G52Y,D_P53K,D_K63P,D_V81I,D_E82S,D_Y84H,D_H85Y,D_E94Q,D_S96A,D_T193E","1L0X:A, B, C, D::PMID=12015151",-0.07845630645751989
"1l0x_B_V15I,B_Q19G,B_F23N,B_E26S,B_L42F,B_S43P,B_G52V,B_P53S,B_K63G,B_E82A,B_Y83F,B_H85C,B_L86D,B_S90N,B_E94K,B_S96Q,B_T161Q,D_K16D,D_Q19S,D_N20R,D_I21V,D_F23N,D_E26S,D_L42Y,D_S43L,D_N54G,D_K63N,D_N64G,D_V81I,D_E82Y,D_Y83F,D_Y84S,D_H85S,D_S90I,D_E94Q,D_S96A,D_N162R,D_F192Y_A, C_B, D",-7.123495101928711,-7.373632431030273,"B_V15I,B_Q19G,B_F23N,B_E26S,B_L42F,B_S43P,B_G52V,B_P53S,B_K63G,B_E82A,B_Y83F,B_H85C,B_L86D,B_S90N,B_E94K,B_S96Q,B_T161Q,D_K16D,D_Q19S,D_N20R,D_I21V,D_F23N,D_E26S,D_L42Y,D_S43L,D_N54G,D_K63N,D_N64G,D_V81I,D_E82Y,D_Y83F,D_Y84S,D_H85S,D_S90I,D_E94Q,D_S96A,D_N162R,D_F192Y","1L0X:A, B, C, D::PMID=12015151",0.2501373291015625
"1l0x_B_V15I,B_Q19S,B_F23N,B_E26S,B_L42Y,B_S43V,B_G52P,B_P53A,B_K63G,B_N64T,B_V81L,B_E82K,B_Y83F,B_H85T,B_L86G,B_E94R,B_S96G,B_T161V,B_F192K,D_K16E,D_Q19D,D_F23T,D_E26S,D_L41V,D_L42Q,D_G52N,D_P53K,D_N64T,D_V81I,D_E82L,D_Y83F,D_H85D,D_S90G,D_E94K,D_S96A,D_T161Q,D_F192Y_A, C_B, D",-7.123495101928711,-7.2604090690612795,"B_V15I,B_Q19S,B_F23N,B_E26S,B_L42Y,B_S43V,B_G52P,B_P53A,B_K63G,B_N64T,B_V81L,B_E82K,B_Y83F,B_H85T,B_L86G,B_E94R,B_S96G,B_T161V,B_F192K,D_K16E,D_Q19D,D_F23T,D_E26S,D_L41V,D_L42Q,D_G52N,D_P53K,D_N64T,D_V81I,D_E82L,D_Y83F,D_H85D,D_S90G,D_E94K,D_S96A,D_T161Q,D_F192Y","1L0X:A, B, C, D::PMID=12015151",0.13691396713256854
"1l0x_B_V15N,B_K16N,B_Q19S,B_N20A,B_Y22H,B_F23N,B_E26S,B_L41V,B_L42Y,B_S43P,B_P53G,B_N54E,B_L62M,B_K63G,B_V81L,B_E82P,B_Y83F,B_H85E,B_L86D,B_S90N,B_E94K,B_S96D,B_T193R,D_V15C,D_K16R,D_Q19S,D_Y22K,D_F23N,D_E26A,D_L41R,D_L42Y,D_K63G,D_V81L,D_E82A,D_Y83F,D_Y84W,D_H85Q,D_S90G,D_E94K,D_S96A,D_T161S,D_N162S,D_F192L_A, C_B, D",-7.123495101928711,-7.320174217224121,"B_V15N,B_K16N,B_Q19S,B_N20A,B_Y22H,B_F23N,B_E26S,B_L41V,B_L42Y,B_S43P,B_P53G,B_N54E,B_L62M,B_K63G,B_V81L,B_E82P,B_Y83F,B_H85E,B_L86D,B_S90N,B_E94K,B_S96D,B_T193R,D_V15C,D_K16R,D_Q19S,D_Y22K,D_F23N,D_E26A,D_L41R,D_L42Y,D_K63G,D_V81L,D_E82A,D_Y83F,D_Y84W,D_H85Q,D_S90G,D_E94K,D_S96A,D_T161S,D_N162S,D_F192L","1L0X:A, B, C, D::PMID=12015151",0.19667911529541016
"1r0r_E_D32K,E_G165H,E_L216Y,E_T219R,E_S220C_I_E",-14.022334098815918,-12.253144264221191,"E_D32K,E_G165H,E_L216Y,E_T219R,E_S220C","1R0R:E, I:I_R16E:PMID=11171964",-1.7691898345947266
"1r0r_E_G60A,E_K93A,E_S98Q,E_S102A,E_M123D,E_A128S,E_S129Y,E_V149L,E_G153Y,E_N154V,E_Y166V,E_S187E_I_E",-14.272205352783203,-13.193174743652344,"E_G60A,E_K93A,E_S98Q,E_S102A,E_M123D,E_A128S,E_S129Y,E_V149L,E_G153Y,E_N154V,E_Y166V,E_S187E","1R0R:E, I:I_E14V:PMID=11171964",-1.079030609130859
"1r0r_E_G60L,E_H63A,E_A152T,E_G153N,E_S155G,E_S187L,E_P200E,E_G201K,E_T215S,E_G218E,E_A222S_I_E",-14.272205352783203,-12.470771789550781,"E_G60L,E_H63A,E_A152T,E_G153N,E_S155G,E_S187L,E_P200E,E_G201K,E_T215S,E_G218E,E_A222S","1R0R:E, I:I_E14V:PMID=11171964",-1.8014335632324219
"1r0r_E_G60S,E_S97Q,E_G99V,E_F188W,E_G201P,E_S220E_I_E",-14.022334098815918,-12.36301555633545,"E_G60S,E_S97Q,E_G99V,E_F188W,E_G201P,E_S220E","1R0R:E, I:I_R16E:PMID=11171964",-1.6593185424804684
"1r0r_E_G62H,E_G153I_I_E",-14.022334098815918,-13.209784698486327,"E_G62H,E_G153I","1R0R:E, I:I_R16E:PMID=11171964",-0.8125494003295906
"1r0r_E_G62L,E_H66D,E_V94E,E_G153V,E_S155T,E_L216H,E_S220T,E_A222T_I_E",-14.272205352783203,-12.42007999420166,"E_G62L,E_H66D,E_V94E,E_G153V,E_S155T,E_L216H,E_S220T,E_A222T","1R0R:E, I:I_E14V:PMID=11171964",-1.8521253585815423
"1r0r_E_G62W,E_H63F,E_S100E_I_E",-14.022334098815918,-13.162742042541504,"E_G62W,E_H63F,E_S100E","1R0R:E, I:I_R16E:PMID=11171964",-0.8595920562744137
"1r0r_E_H63V,E_S98E,E_S124D,E_A152N,E_S155N,E_S220I_I_E",-14.272205352783203,-12.173417854309083,"E_H63V,E_S98E,E_S124D,E_A152N,E_S155N,E_S220I","1R0R:E, I:I_E14V:PMID=11171964",-2.0987874984741204
"1r0r_E_K93A,E_L95V,E_G126K,E_S129D,E_S155E,E_Y166C_I_E",-14.272205352783203,-13.385639762878418,"E_K93A,E_L95V,E_G126K,E_S129D,E_S155E,E_Y166C","1R0R:E, I:I_E14V:PMID=11171964",-0.8865655899047855
"1r0r_E_L95A,E_G99Q,E_G105N,E_S155G,E_T215V_I_E",-14.272205352783203,-12.845358276367188,"E_L95A,E_G99Q,E_G105N,E_S155G,E_T215V","1R0R:E, I:I_E14V:PMID=11171964",-1.4268470764160153
"1r0r_E_L95C,E_S155N,E_F188A_I_E",-14.022334098815918,-13.352316284179688,"E_L95C,E_S155N,E_F188A","1R0R:E, I:I_R16E:PMID=11171964",-0.6700178146362301
"1r0r_E_M123L,E_S124P,E_G126V,E_A128V_I_E",-14.022334098815918,-12.547162055969238,"E_M123L,E_S124P,E_G126V,E_A128V","1R0R:E, I:I_R16E:PMID=11171964",-1.4751720428466797
"1r0r_E_N122L,E_A128D,E_S129N,E_A151I,E_S155G,E_N217G_I_E",-14.022334098815918,-13.59791831970215,"E_N122L,E_A128D,E_S129N,E_A151I,E_S155G,E_N217G","1R0R:E, I:I_R16E:PMID=11171964",-0.4244157791137688
1r0r_E_S129M_I_E,-14.022334098815918,-13.722242164611817,E_S129M,"1R0R:E, I:I_R16E:PMID=11171964",-0.30009193420410085
"1r0r_E_S98N,E_S100T,E_G105K,E_L125W,E_G127D,E_A128S_I_E",-14.272205352783203,-13.624159812927246,"E_S98N,E_S100T,E_G105K,E_L125W,E_G127D,E_A128S","1R0R:E, I:I_E14V:PMID=11171964",-0.648045539855957
"1r0r_E_V94G,E_S97Y,E_G165N,E_A222G_I_E",-14.272205352783203,-13.35523509979248,"E_V94G,E_S97Y,E_G165N,E_A222G","1R0R:E, I:I_E14V:PMID=11171964",-0.9169702529907227
"1xgp_A_I30D,A_N32S,B_D27A,B_S56T,B_W98E_C_A, B",-9.431387901306152,-8.223351287841798,"A_I30D,A_N32S,B_D27A,B_S56T,B_W98E","1XGP:A, B, C:B_A33L:PMID=15698573",-1.2080366134643548
"1xgp_A_I30S,A_Y51F,B_T30S,B_S52T,B_Y53W,B_S54A,B_G55P_C_A, B",-9.431387901306152,-8.850955963134766,"A_I30S,A_Y51F,B_T30S,B_S52T,B_Y53W,B_S54A,B_G55P","1XGP:A, B, C:B_A33L:PMID=15698573",-0.5804319381713867
"1xgp_A_N32S,A_S53N,A_Q91E,B_Y50S,B_S52H_C_A, B",-9.431387901306152,-8.41763277053833,"A_N32S,A_S53N,A_Q91E,B_Y50S,B_S52H","1XGP:A, B, C:B_A33L:PMID=15698573",-1.013755130767823
"1xgp_A_S29K,A_S94L,B_S56A,B_W98H_C_A, B",-9.431387901306152,-7.637932205200196,"A_S29K,A_S94L,B_S56A,B_W98H","1XGP:A, B, C:B_A33L:PMID=15698573",-1.7934556961059567
"1xgp_A_S29P,B_D27S,B_S31K,B_S52W,B_S56T,B_S97A,B_W98G_C_A, B",-9.431387901306152,-8.386796855926514,"A_S29P,B_D27S,B_S31K,B_S52W,B_S56T,B_S97A,B_W98G","1XGP:A, B, C:B_A33L:PMID=15698573",-1.0445910453796383
"1xgp_A_S29R,B_D27G,B_Y53S,B_W98S_C_A, B",-9.431387901306152,-8.593615627288818,"A_S29R,B_D27G,B_Y53S,B_W98S","1XGP:A, B, C:B_A33L:PMID=15698573",-0.8377722740173343
"1xgp_A_S31D,A_N32S,B_S31G,B_G49I,B_Y50Q,B_Y53E,B_T57A,B_W98S_C_A, B",-9.431387901306152,-7.951656246185303,"A_S31D,A_N32S,B_S31G,B_G49I,B_Y50Q,B_Y53E,B_T57A,B_W98S","1XGP:A, B, C:B_A33L:PMID=15698573",-1.4797316551208493
"1xgp_A_S68H,B_S31G,B_S97E_C_A, B",-9.431387901306152,-9.70456428527832,"A_S68H,B_S31G,B_S97E","1XGP:A, B, C:B_A33L:PMID=15698573",0.27317638397216726
"1xgu_A_G66C,A_N92T,B_D32S,B_S52A_C_A, B",-9.492731094360352,-9.46391315460205,"A_G66C,A_N92T,B_D32S,B_S52A","1XGU:A, B, C:B_F33I:PMID=15698573",-0.028817939758301492
"1xgu_A_I48L,A_S67N,B_T30A,B_S31N,B_G49L_C_A, B",-9.492731094360352,-10.671549224853516,"A_I48L,A_S67N,B_T30A,B_S31N,B_G49L","1XGU:A, B, C:B_F33I:PMID=15698573",1.1788181304931644
"1xgu_A_N31S,A_I48H,B_G26K_C_A, B",-9.492731094360352,-10.141225814819336,"A_N31S,A_I48H,B_G26K","1XGU:A, B, C:B_F33I:PMID=15698573",0.6484947204589844
"1xgu_A_Q27S,A_S28G,A_S93I,B_G26P,B_S31D,B_Y50S,B_Y53S,B_T57C_C_A, B",-9.492731094360352,-9.466784858703614,"A_Q27S,A_S28G,A_S93I,B_G26P,B_S31D,B_Y50S,B_Y53S,B_T57C","1XGU:A, B, C:B_F33I:PMID=15698573",-0.025946235656737926
"1xgu_A_Q90G,B_Y53N_C_A, B",-9.492731094360352,-9.221486949920655,"A_Q90G,B_Y53N","1XGU:A, B, C:B_F33I:PMID=15698573",-0.2712441444396969
"1xgu_A_S28D,A_S30L,A_N32K,B_T30S,B_S52T,B_W98E_C_A, B",-9.492731094360352,-7.955551433563232,"A_S28D,A_S30L,A_N32K,B_T30S,B_S52T,B_W98E","1XGU:A, B, C:B_F33I:PMID=15698573",-1.5371796607971193
"1xgu_A_S28N,A_S67D,B_T57V_C_A, B",-9.492731094360352,-10.057241249084473,"A_S28N,A_S67D,B_T57V","1XGU:A, B, C:B_F33I:PMID=15698573",0.5645101547241218
"1xgu_B_D32G_C_A, B",-9.492731094360352,-10.58744773864746,B_D32G,"1XGU:A, B, C:B_F33I:PMID=15698573",1.094716644287109
1xqh__A_B,-9.138541221618652,-9.142746734619141,,"1XQH:A, B::PMID=15525938",0.004205513000488992
"2ny6_C_N2092F,C_W2094M,D_Y3109W,D_D3110N,D_V3228K_A_C, D",-10.548900604248047,-9.173744010925294,"C_N2092F,C_W2094M,D_Y3109W,D_D3110N,D_V3228K","2NY6:A, C, D::PMID=17301785",-1.3751565933227532
"2ny6_C_N2092F,C_W2094Q,D_E3103D,D_D3105Q,D_G3107A,D_Y3109W,D_D3110G_A_C, D",-10.548900604248047,-8.383050537109375,"C_N2092F,C_W2094Q,D_E3103D,D_D3105Q,D_G3107A,D_Y3109W,D_D3110G","2NY6:A, C, D::PMID=17301785",-2.1658500671386722
"2ny6_C_N2092H,C_W2094T,D_A3058S,D_A3104S,D_D3110L_A_C, D",-10.548900604248047,-9.192055130004883,"C_N2092H,C_W2094T,D_A3058S,D_A3104S,D_D3110L","2NY6:A, C, D::PMID=17301785",-1.3568454742431637
"2ny6_C_N2092Q,C_W2094L,D_A3058G,D_E3103D,D_Y3109W,D_D3110R,D_V3228T_A_C, D",-10.548900604248047,-8.278404235839844,"C_N2092Q,C_W2094L,D_A3058G,D_E3103D,D_Y3109W,D_D3110R,D_V3228T","2NY6:A, C, D::PMID=17301785",-2.270496368408203
"2ny6_C_N2092W,D_D3056A,D_E3103D,D_E3108L,D_Y3109W_A_C, D",-10.548900604248047,-8.796916484832764,"C_N2092W,D_D3056A,D_E3103D,D_E3108L,D_Y3109W","2NY6:A, C, D::PMID=17301785",-1.7519841194152832
"2ny6_C_P2095D,D_E3103D,D_Y3109C,D_D3110Y_A_C, D",-10.548900604248047,-8.004036998748779,"C_P2095D,D_E3103D,D_Y3109C,D_D3110Y","2NY6:A, C, D::PMID=17301785",-2.544863605499268
"2ny6_C_W2094C,D_L3055S,D_G3102S,D_E3103D,D_D3105H,D_E3106L,D_G3107R,D_E3108R,D_Y3109F,D_D3110V,D_V3228H_A_C, D",-10.548900604248047,-9.190308380126954,"C_W2094C,D_L3055S,D_G3102S,D_E3103D,D_D3105H,D_E3106L,D_G3107R,D_E3108R,D_Y3109F,D_D3110V,D_V3228H","2NY6:A, C, D::PMID=17301785",-1.358592224121093
"2ny6_D_A3104T,D_D3110Q_A_C, D",-10.548900604248047,-9.356321334838867,"D_A3104T,D_D3110Q","2NY6:A, C, D::PMID=17301785",-1.1925792694091797
"2o3b_A_E59K,A_R60P,A_D62L,A_F64Y,A_R65A,A_A88Q,A_Q117M,A_T118H,A_N121V,A_R123E,A_W126A,A_E130D_B_A",-9.777684211730957,-9.317373847961425,"A_E59K,A_R60P,A_D62L,A_F64Y,A_R65A,A_A88Q,A_Q117M,A_T118H,A_N121V,A_R123E,A_W126A,A_E130D","2O3B:A, B:B_D75N:PMID=17138564",-0.4603103637695316
"2o3b_A_E59Q,A_R60P,A_D62H,A_M81F,A_A93C,A_N121L,A_E130A_B_A",-9.777684211730957,-10.481573867797852,"A_E59Q,A_R60P,A_D62H,A_M81F,A_A93C,A_N121L,A_E130A","2O3B:A, B:B_D75N:PMID=17138564",0.7038896560668952
"2o3b_A_E59T,A_R60P,A_D62K,A_F64Y,A_R65T,A_S83E,A_G84T,A_R89I,A_P94K,A_N121V,A_N122A,A_R123M,A_L129I,A_E130H_B_A",-9.777684211730957,-9.060704231262207,"A_E59T,A_R60P,A_D62K,A_F64Y,A_R65T,A_S83E,A_G84T,A_R89I,A_P94K,A_N121V,A_N122A,A_R123M,A_L129I,A_E130H","2O3B:A, B:B_D75N:PMID=17138564",-0.71697998046875
"2o3b_A_E59T,A_R60P,A_D62W,A_F64T,A_R65K,A_T78S,A_M81D,A_Y87F,A_A88F,A_S95W,A_Q117L,A_N121I,A_N122S,A_R123V,A_G127Y,A_E130D_B_A",-9.777684211730957,-10.348956489562989,"A_E59T,A_R60P,A_D62W,A_F64T,A_R65K,A_T78S,A_M81D,A_Y87F,A_A88F,A_S95W,A_Q117L,A_N121I,A_N122S,A_R123V,A_G127Y,A_E130D","2O3B:A, B:B_D75N:PMID=17138564",0.5712722778320316
"2o3b_A_E59V,A_D62M,A_N63S,A_F64Y,A_R65E,A_P79Y,A_A88F,A_A93T,A_P94H,A_Q117S,A_T118E,A_N121L,A_R123V,A_T125E,A_G127K,A_E130S_B_A",-9.777684211730957,-9.763449001312257,"A_E59V,A_D62M,A_N63S,A_F64Y,A_R65E,A_P79Y,A_A88F,A_A93T,A_P94H,A_Q117S,A_T118E,A_N121L,A_R123V,A_T125E,A_G127K,A_E130S","2O3B:A, B:B_D75N:PMID=17138564",-0.014235210418700461
"2o3b_A_E59V,A_R60F,A_D62Y,A_F64Y,A_P94K,A_Q117M,A_N121V,A_N122L,A_R123V,A_T125A,A_W126V,A_G127S,A_E130D_B_A",-9.777684211730957,-9.870003128051758,"A_E59V,A_R60F,A_D62Y,A_F64Y,A_P94K,A_Q117M,A_N121V,A_N122L,A_R123V,A_T125A,A_W126V,A_G127S,A_E130D","2O3B:A, B:B_D75N:PMID=17138564",0.09231891632080114
"2o3b_A_R60A,A_D62T,A_F64Y,A_R65Q,A_Y82F,A_A88F,A_P94K,A_Q117T,A_N121L,A_R123I,A_T125N,A_W126H,A_L129I,A_E130S_B_A",-9.777684211730957,-10.002452754974366,"A_R60A,A_D62T,A_F64Y,A_R65Q,A_Y82F,A_A88F,A_P94K,A_Q117T,A_N121L,A_R123I,A_T125N,A_W126H,A_L129I,A_E130S","2O3B:A, B:B_D75N:PMID=17138564",0.22476854324340856
"2o3b_A_R60F,A_D62G,A_F64Y,A_R65V,A_V77I,A_T78K,A_Y82L,A_S83R,A_G84H,A_A93C,A_Q117M,A_N121V,A_R123I,A_T125S,A_E130K_B_A",-9.777684211730957,-10.256020545959473,"A_R60F,A_D62G,A_F64Y,A_R65V,A_V77I,A_T78K,A_Y82L,A_S83R,A_G84H,A_A93C,A_Q117M,A_N121V,A_R123I,A_T125S,A_E130K","2O3B:A, B:B_D75N:PMID=17138564",0.4783363342285156
"2pye_A_E58G,A_A149G_D, E_A, B, C",-6.124384880065918,-8.714814186096191,"A_E58G,A_A149G","2PYE:A, B, C, D, E:D_D98G, D_L96T, D_L97S, D_T100S, E_L95V, E_T53I:PMID=17644531",2.5904293060302734
"2pye_A_E58I,A_A69K,A_H70V,A_S71D,A_K146T_D, E_A, B, C",-6.124384880065918,-6.691848659515381,"A_E58I,A_A69K,A_H70V,A_S71D,A_K146T","2PYE:A, B, C, D, E:D_D98G, D_L96T, D_L97S, D_T100S, E_L95V, E_T53I:PMID=17644531",0.5674637794494632
"2pye_A_E63R,A_A153L_D, E_A, B, C",-6.124384880065918,-8.447553443908692,"A_E63R,A_A153L","2PYE:A, B, C, D, E:D_D98G, D_L96T, D_L97S, D_T100S, E_L95V, E_T53I:PMID=17644531",2.323168563842774
"2pye_A_G18W,A_H151K_D, E_A, B, C",-6.124384880065918,-8.95017604827881,"A_G18W,A_H151K","2PYE:A, B, C, D, E:D_D98G, D_L96T, D_L97S, D_T100S, E_L95V, E_T53I:PMID=17644531",2.8257911682128913
"2pye_A_H74R,A_A149N_D, E_A, B, C",-6.124384880065918,-8.47126121520996,"A_H74R,A_A149N","2PYE:A, B, C, D, E:D_D98G, D_L96T, D_L97S, D_T100S, E_L95V, E_T53I:PMID=17644531",2.3468763351440423
"2pye_A_S42T,A_A149C,A_A158E_D, E_A, B, C",-6.124384880065918,-9.050128269195557,"A_S42T,A_A149C,A_A158E","2PYE:A, B, C, D, E:D_D98G, D_L96T, D_L97S, D_T100S, E_L95V, E_T53I:PMID=17644531",2.9257433891296394
"2pye_A_S71A,A_H145T,A_A153P_D, E_A, B, C",-6.124384880065918,-8.85618314743042,"A_S71A,A_H145T,A_A153P","2PYE:A, B, C, D, E:D_D98G, D_L96T, D_L97S, D_T100S, E_L95V, E_T53I:PMID=17644531",2.7317982673645016
"2pye_A_Y59H,A_Q72A,A_A149D,A_A153M_D, E_A, B, C",-6.124384880065918,-7.657109546661377,"A_Y59H,A_Q72A,A_A149D,A_A153M","2PYE:A, B, C, D, E:D_D98G, D_L96T, D_L97S, D_T100S, E_L95V, E_T53I:PMID=17644531",1.5327246665954588
"2qj9_A_K1E,A_A42P,A_D43A,A_N46H,A_S47T,A_Q54R,A_L56I,A_S59E,A_V60R,A_N61D,B_D11N,B_S13L,B_V15L,B_G16N,B_W17Y,B_D19E,B_L81I,B_N91T_C_A, B",-11.335994720458984,-10.551571273803711,"A_K1E,A_A42P,A_D43A,A_N46H,A_S47T,A_Q54R,A_L56I,A_S59E,A_V60R,A_N61D,B_D11N,B_S13L,B_V15L,B_G16N,B_W17Y,B_D19E,B_L81I,B_N91T","2QJ9:A, B, C:C_A30T, C_A43T, C_D15E, C_G11H, C_I31M, C_K48G, C_M47L, C_Y49L:PMID=18160401",-0.7844234466552731
"2qj9_A_K1H,A_S2H,A_S47A,A_Q54R,A_S59R,A_V60H,B_S13Q,B_V15L,B_W17Y,B_L81I,B_D82N,B_D94N_C_A, B",-11.335994720458984,-10.702419471740722,"A_K1H,A_S2H,A_S47A,A_Q54R,A_S59R,A_V60H,B_S13Q,B_V15L,B_W17Y,B_L81I,B_D82N,B_D94N","2QJ9:A, B, C:C_A30T, C_A43T, C_D15E, C_G11H, C_I31M, C_K48G, C_M47L, C_Y49L:PMID=18160401",-0.6335752487182624
"2qj9_A_K1P,A_A42P,A_N46H,A_L56I,A_N58H,A_V60H,B_W17Y,B_L81I,B_D82N_C_A, B",-11.335994720458984,-9.980731964111328,"A_K1P,A_A42P,A_N46H,A_L56I,A_N58H,A_V60H,B_W17Y,B_L81I,B_D82N","2QJ9:A, B, C:C_A30T, C_A43T, C_D15E, C_G11H, C_I31M, C_K48G, C_M47L, C_Y49L:PMID=18160401",-1.3552627563476562
"2qj9_A_K1P,A_S2M,A_A42C,A_N46H,A_S47P,A_N49E,A_S59R,A_N61D,B_F12N,B_V15L,B_W17Y,B_L81T_C_A, B",-11.335994720458984,-10.141349601745606,"A_K1P,A_S2M,A_A42C,A_N46H,A_S47P,A_N49E,A_S59R,A_N61D,B_F12N,B_V15L,B_W17Y,B_L81T","2QJ9:A, B, C:C_A30T, C_A43T, C_D15E, C_G11H, C_I31M, C_K48G, C_M47L, C_Y49L:PMID=18160401",-1.1946451187133782
"2qj9_A_K1P,A_S2Q,A_F39Y,A_A42S,A_S59E,A_V60H,B_S13R,B_V15L,B_D19N,B_L81Y,B_D82W,B_N91E,B_Y92F_C_A, B",-11.335994720458984,-11.082191276550294,"A_K1P,A_S2Q,A_F39Y,A_A42S,A_S59E,A_V60H,B_S13R,B_V15L,B_D19N,B_L81Y,B_D82W,B_N91E,B_Y92F","2QJ9:A, B, C:C_A30T, C_A43T, C_D15E, C_G11H, C_I31M, C_K48G, C_M47L, C_Y49L:PMID=18160401",-0.2538034439086907
"2qj9_A_K1P,A_S2T,A_C37E,A_A42P,A_S47G,A_T48L,A_V60R,A_N61P,B_S13A,B_V15L,B_L81I,B_D94N_C_A, B",-11.335994720458984,-10.769270133972167,"A_K1P,A_S2T,A_C37E,A_A42P,A_S47G,A_T48L,A_V60R,A_N61P,B_S13A,B_V15L,B_L81I,B_D94N","2QJ9:A, B, C:C_A30T, C_A43T, C_D15E, C_G11H, C_I31M, C_K48G, C_M47L, C_Y49L:PMID=18160401",-0.5667245864868171
"2qj9_A_K1S,A_S2I,A_N46H,A_Q54E,A_L56I,A_N58H,A_S59H,A_V60H,B_V15L,B_W17Y,B_D19N,B_L81R,B_N91V,B_Y92F_C_A, B",-11.335994720458984,-11.080715370178222,"A_K1S,A_S2I,A_N46H,A_Q54E,A_L56I,A_N58H,A_S59H,A_V60H,B_V15L,B_W17Y,B_D19N,B_L81R,B_N91V,B_Y92F","2QJ9:A, B, C:C_A30T, C_A43T, C_D15E, C_G11H, C_I31M, C_K48G, C_M47L, C_Y49L:PMID=18160401",-0.25527935028076243
"2qj9_A_S2H,A_Q54M,A_S59R,A_V60R,B_S13R,B_V15L,B_W17Y,B_L81R,B_N91T_C_A, B",-11.335994720458984,-11.019006729125977,"A_S2H,A_Q54M,A_S59R,A_V60R,B_S13R,B_V15L,B_W17Y,B_L81R,B_N91T","2QJ9:A, B, C:C_A30T, C_A43T, C_D15E, C_G11H, C_I31M, C_K48G, C_M47L, C_Y49L:PMID=18160401",-0.3169879913330078
"2ypv_H_D31N,H_N33T,H_M34V,H_Y55T,H_T57E,H_I58V,H_N59Y,H_D99E,H_S103G,H_S104D,H_K218D,L_Q27T,L_N31Y_A_H, L",-14.35500717163086,-11.292962265014648,"H_D31N,H_N33T,H_M34V,H_Y55T,H_T57E,H_I58V,H_N59Y,H_D99E,H_S103G,H_S104D,H_K218D,L_Q27T,L_N31Y","2YPV:A, H, L::PMID=23396847",-3.0620449066162116
"2ypv_H_D31N,H_Y32A,H_N33L,H_M34V,H_I50R,H_Y55T,H_T57E,H_I58T,H_N59H,H_R98I,H_Y101H,H_S103L,H_K218N,L_D92F,L_E93S_A_H, L",-14.35500717163086,-11.163043212890624,"H_D31N,H_Y32A,H_N33L,H_M34V,H_I50R,H_Y55T,H_T57E,H_I58T,H_N59H,H_R98I,H_Y101H,H_S103L,H_K218N,L_D92F,L_E93S","2YPV:A, H, L::PMID=23396847",-3.191963958740235
"2ypv_H_N33L,H_M34V,H_Y55T,H_T57D,H_I58V,H_N59Y,H_Y100W,H_Y101H,H_S103N_A_H, L",-14.35500717163086,-11.141015815734864,"H_N33L,H_M34V,H_Y55T,H_T57D,H_I58V,H_N59Y,H_Y100W,H_Y101H,H_S103N","2YPV:A, H, L::PMID=23396847",-3.2139913558959954
"2ypv_H_S30N,H_N33F,H_M34I,H_Y55T,H_T57E,H_I58T,H_N59Y,H_Y100K,H_Y101T,H_S103I,L_Q27M,L_D92A,L_E93L_A_H, L",-14.35500717163086,-10.549907684326172,"H_S30N,H_N33F,H_M34I,H_Y55T,H_T57E,H_I58T,H_N59Y,H_Y100K,H_Y101T,H_S103I,L_Q27M,L_D92A,L_E93L","2YPV:A, H, L::PMID=23396847",-3.8050994873046875
"2ypv_H_S30T,H_D31N,H_N33L,H_M34I,H_Y55T,H_T57D,H_I58T,H_N59Y,L_S26I,L_Q27F,L_F94T_A_H, L",-14.35500717163086,-11.236858749389649,"H_S30T,H_D31N,H_N33L,H_M34I,H_Y55T,H_T57D,H_I58T,H_N59Y,L_S26I,L_Q27F,L_F94T","2YPV:A, H, L::PMID=23396847",-3.1181484222412106
"2ypv_H_S30T,H_D31S,H_N33K,H_M34T,H_I50A,H_Y55T,H_T57G,H_I58T,H_N59S,H_Y100W,H_G102S,H_K218D,L_D92S,L_E93D,L_F94W_A_H, L",-14.35500717163086,-10.787747955322265,"H_S30T,H_D31S,H_N33K,H_M34T,H_I50A,H_Y55T,H_T57G,H_I58T,H_N59S,H_Y100W,H_G102S,H_K218D,L_D92S,L_E93D,L_F94W","2YPV:A, H, L::PMID=23396847",-3.567259216308594
"2ypv_H_S30T,H_N33L,H_M34I,H_I51L,H_Y55T,H_T57E,H_I58T,H_N59Y,H_R98C,H_Y101H,H_S103F,H_K218N,L_S26W,L_Q27V,L_Y91L,L_D92F_A_H, L",-14.35500717163086,-11.350351905822754,"H_S30T,H_N33L,H_M34I,H_I51L,H_Y55T,H_T57E,H_I58T,H_N59Y,H_R98C,H_Y101H,H_S103F,H_K218N,L_S26W,L_Q27V,L_Y91L,L_D92F","2YPV:A, H, L::PMID=23396847",-3.004655265808106
"2ypv_H_S30T,H_Y32K,H_N33Y,H_M34I,H_Y55T,H_T57D,H_I58M,H_N59Q,H_Y101F,H_S103D,H_K218D,L_Q27M,L_E93S,L_F94T_A_H, L",-14.35500717163086,-10.37055492401123,"H_S30T,H_Y32K,H_N33Y,H_M34I,H_Y55T,H_T57D,H_I58M,H_N59Q,H_Y101F,H_S103D,H_K218D,L_Q27M,L_E93S,L_F94T","2YPV:A, H, L::PMID=23396847",-3.984452247619629
"3eqy_A_A44P,A_A45H,A_M49E,A_K69L,A_D70N,A_M77C_C_A",-9.78646183013916,-9.880534744262695,"A_A44P,A_A45H,A_M49E,A_K69L,A_D70N,A_M77C","3EQY:A, C:C_E5A:PMID=20226197",0.0940729141235348
"3eqy_A_Q40E,A_D43S,A_A44N,A_A45K,A_A46R,A_H48D,A_M49L,A_V68L,A_K69G,A_D70E,A_Y75G_C_A",-9.78646183013916,-9.355712127685546,"A_Q40E,A_D43S,A_A44N,A_A45K,A_A46R,A_H48D,A_M49L,A_V68L,A_K69G,A_D70E,A_Y75G","3EQY:A, C:C_E5A:PMID=20226197",-0.430749702453614
"3eqy_A_Q40N,A_Y42H,A_D43V,A_A44Q,A_A45D,A_A46K,A_Q47C,A_M49L,A_K69T_C_A",-9.78646183013916,-9.834531784057617,"A_Q40N,A_Y42H,A_D43V,A_A44Q,A_A45D,A_A46K,A_Q47C,A_M49L,A_K69T","3EQY:A, C:C_E5A:PMID=20226197",0.04806995391845703
"3eqy_A_V25E,A_V28F,A_Y31F,A_Q40V,A_L41R,A_D43S,A_A44L,A_A45S,A_A46Y,A_H48S,A_M49S,A_V68G,A_D70R,A_P73I_C_A",-9.78646183013916,-9.532799339294433,"A_V25E,A_V28F,A_Y31F,A_Q40V,A_L41R,A_D43S,A_A44L,A_A45S,A_A46Y,A_H48S,A_M49S,A_V68G,A_D70R,A_P73I","3EQY:A, C:C_E5A:PMID=20226197",-0.2536624908447269
"3eqy_A_V25H,A_Y31G,A_Q40R,A_A44S,A_A45E,A_A46L,A_M49Q,A_K69R,A_D70N_C_A",-9.78646183013916,-10.03324089050293,"A_V25H,A_Y31G,A_Q40R,A_A44S,A_A45E,A_A46L,A_M49Q,A_K69R,A_D70N","3EQY:A, C:C_E5A:PMID=20226197",0.24677906036376918
"3eqy_A_V25M,A_L32A,A_I36S,A_Y42V,A_A44S,A_A45G,A_A46R,A_Q47E,A_H48S,A_M49S,A_K69A,A_D70N,A_P73H,A_M77I_C_A",-9.78646183013916,-8.202425765991212,"A_V25M,A_L32A,A_I36S,A_Y42V,A_A44S,A_A45G,A_A46R,A_Q47E,A_H48S,A_M49S,A_K69A,A_D70N,A_P73H,A_M77I","3EQY:A, C:C_E5A:PMID=20226197",-1.5840360641479485
"3eqy_A_V25M,A_M29D,A_A44S,A_M49N,A_K69A,A_Y75L_C_A",-9.78646183013916,-9.540120697021484,"A_V25M,A_M29D,A_A44S,A_M49N,A_K69A,A_Y75L","3EQY:A, C:C_E5A:PMID=20226197",-0.24634113311767614
"3eqy_A_V25R,A_V28K,A_Q40I,A_L41M,A_Y42F,A_A44P,A_A45L,A_A46L,A_Q47F,A_M49E,A_K69R,A_M77S_C_A",-9.78646183013916,-9.447352886199951,"A_V25R,A_V28K,A_Q40I,A_L41M,A_Y42F,A_A44P,A_A45L,A_A46L,A_Q47F,A_M49E,A_K69R,A_M77S","3EQY:A, C:C_E5A:PMID=20226197",-0.339108943939209
"3g6d_A_L10E,A_V18G,A_N19I,A_I20T,A_T21C,A_N23A,A_Q24Y,A_K25R,A_A26E,A_V92L,A_A93S,A_V96T,A_L100Y,A_K104R,A_K105E,A_L106K,A_F107Y,A_E109Q_H, L_A",-14.765663146972656,-11.947533798217773,"A_L10E,A_V18G,A_N19I,A_I20T,A_T21C,A_N23A,A_Q24Y,A_K25R,A_A26E,A_V92L,A_A93S,A_V96T,A_L100Y,A_K104R,A_K105E,A_L106K,A_F107Y,A_E109Q","3G6D:A, H, L::PMID=19361524",-2.8181293487548835
"3g6d_A_V4I,A_L10E,A_L13G,A_L17P,A_V18R,A_N19F,A_I20V,A_Q22E,A_N23I,A_Q24N,A_K25S,A_A26E,A_A93V,A_K104M,A_K105M,A_L106K,A_F107Y,A_R108K,A_E109S_H, L_A",-14.765663146972656,-12.40166778564453,"A_V4I,A_L10E,A_L13G,A_L17P,A_V18R,A_N19F,A_I20V,A_Q22E,A_N23I,A_Q24N,A_K25S,A_A26E,A_A93V,A_K104M,A_K105M,A_L106K,A_F107Y,A_R108K,A_E109S","3G6D:A, H, L::PMID=19361524",-2.3639953613281257
"3g6d_A_V4I,A_L10E,A_V18I,A_N19V,A_I20V,A_N23T,A_K25E,A_A26G,A_A93S,A_F95A,A_K104R,A_K105R,A_L106K,A_F107Y,A_R108V,A_E109N_H, L_A",-14.765663146972656,-12.299740982055663,"A_V4I,A_L10E,A_V18I,A_N19V,A_I20V,A_N23T,A_K25E,A_A26G,A_A93S,A_F95A,A_K104R,A_K105R,A_L106K,A_F107Y,A_R108V,A_E109N","3G6D:A, H, L::PMID=19361524",-2.465922164916993
"3g6d_A_V4I,A_L10M,A_V18R,A_N19V,A_I20V,A_T21C,A_Q22E,A_N23T,A_Q24D,A_K25R,A_A26D,A_V92I,A_A93G,A_K105N,A_F107Y,A_E109G_H, L_A",-14.765663146972656,-12.151503944396973,"A_V4I,A_L10M,A_V18R,A_N19V,A_I20V,A_T21C,A_Q22E,A_N23T,A_Q24D,A_K25R,A_A26D,A_V92I,A_A93G,A_K105N,A_F107Y,A_E109G","3G6D:A, H, L::PMID=19361524",-2.6141592025756832
"3g6d_A_V4K,A_L10F,A_L13I,A_I14D,A_V18R,A_N19K,A_I20V,A_Q22E,A_N23T,A_Q24V,A_K25R,A_A26T,A_A93R,A_V96I,A_K104R,A_K105D,A_L106I,A_F107Y,A_E109D_H, L_A",-14.765663146972656,-12.18129768371582,"A_V4K,A_L10F,A_L13I,A_I14D,A_V18R,A_N19K,A_I20V,A_Q22E,A_N23T,A_Q24V,A_K25R,A_A26T,A_A93R,A_V96I,A_K104R,A_K105D,A_L106I,A_F107Y,A_E109D","3G6D:A, H, L::PMID=19361524",-2.5843654632568356
"3g6d_A_V4M,A_P5T,A_L10E,A_V18R,A_N19R,A_Q22E,A_N23K,A_A26W,A_A93G,A_V96I,A_K104R,A_L106V,A_F107Y,A_R108K,A_E109A_H, L_A",-14.765663146972656,-12.02103271484375,"A_V4M,A_P5T,A_L10E,A_V18R,A_N19R,A_Q22E,A_N23K,A_A26W,A_A93G,A_V96I,A_K104R,A_L106V,A_F107Y,A_R108K,A_E109A","3G6D:A, H, L::PMID=19361524",-2.744630432128906
"3g6d_A_V4S,A_I14L,A_V18T,A_N19R,A_I20K,A_T21L,A_N23E,A_Q24S,A_K25D,A_A26E,A_V92L,A_A93T,A_V96I,A_L100A,A_K104R,A_K105G,A_F107Y,A_E109D_H, L_A",-14.765663146972656,-12.031892585754395,"A_V4S,A_I14L,A_V18T,A_N19R,A_I20K,A_T21L,A_N23E,A_Q24S,A_K25D,A_A26E,A_V92L,A_A93T,A_V96I,A_L100A,A_K104R,A_K105G,A_F107Y,A_E109D","3G6D:A, H, L::PMID=19361524",-2.733770561218261
"3g6d_A_V4S,A_L10E,A_V18W,A_N19H,A_I20V,A_T21C,A_Q22E,A_N23K,A_Q24E,A_A26D,A_A93K,A_F95I,A_V96L,A_K104S,A_K105V,A_L106G,A_F107Y,A_R108L,A_E109S_H, L_A",-14.765663146972656,-12.47007484436035,"A_V4S,A_L10E,A_V18W,A_N19H,A_I20V,A_T21C,A_Q22E,A_N23K,A_Q24E,A_A26D,A_A93K,A_F95I,A_V96L,A_K104S,A_K105V,A_L106G,A_F107Y,A_R108L,A_E109S","3G6D:A, H, L::PMID=19361524",-2.2955883026123054
"3knb_B_C15S,B_R18T,B_F19Y,B_E48S,B_A81S,B_V85E,B_A88P,B_R89E,B_A91W,B_A92N,B_E94Y,B_A99W,B_A100K_A_B",-8.221684455871582,-8.06042652130127,"B_C15S,B_R18T,B_F19Y,B_E48S,B_A81S,B_V85E,B_A88P,B_R89E,B_A91W,B_A92N,B_E94Y,B_A99W,B_A100K","3KNB:A, B::PMID=20489725",-0.1612579345703118
"3knb_B_C15V,B_R18V,B_F19Y,B_R21L,B_E48S,B_K49R,B_V83D,B_Y84M,B_V85I,B_C86A,B_R87T,B_R89T,B_A91N,B_A92N,B_E94S,B_A100K_A_B",-8.221684455871582,-7.92574110031128,"B_C15V,B_R18V,B_F19Y,B_R21L,B_E48S,B_K49R,B_V83D,B_Y84M,B_V85I,B_C86A,B_R87T,B_R89T,B_A91N,B_A92N,B_E94S,B_A100K","3KNB:A, B::PMID=20489725",-0.2959433555603024
"3knb_B_P13A,B_C15S,B_F19Y,B_R21K,B_E48M,B_G50Y,B_A81V,B_V83T,B_V85E,B_R87A,B_R89S,B_A91C,B_A92R,B_E94Q,B_A97S,B_A100K_A_B",-8.221684455871582,-7.358684730529785,"B_P13A,B_C15S,B_F19Y,B_R21K,B_E48M,B_G50Y,B_A81V,B_V83T,B_V85E,B_R87A,B_R89S,B_A91C,B_A92R,B_E94Q,B_A97S,B_A100K","3KNB:A, B::PMID=20489725",-0.8629997253417967
"3knb_B_P13A,B_P14H,B_C15S,B_R18V,B_F19R,B_R21K,B_E48S,B_K49R,B_A81S,B_V83A,B_R87A,B_R89T,B_A92N,B_E94A,B_A97S,B_A98M,B_A100L_A_B",-8.221684455871582,-6.8543806076049805,"B_P13A,B_P14H,B_C15S,B_R18V,B_F19R,B_R21K,B_E48S,B_K49R,B_A81S,B_V83A,B_R87A,B_R89T,B_A92N,B_E94A,B_A97S,B_A98M,B_A100L","3KNB:A, B::PMID=20489725",-1.3673038482666016
"3knb_B_S12D,B_C15T,B_R18V,B_F19Y,B_E48S,B_V83D,B_V85E,B_R87Y,B_R89S,B_A91Q,B_A92N,B_E94A,B_A100K_A_B",-8.221684455871582,-8.090104675292968,"B_S12D,B_C15T,B_R18V,B_F19Y,B_E48S,B_V83D,B_V85E,B_R87Y,B_R89S,B_A91Q,B_A92N,B_E94A,B_A100K","3KNB:A, B::PMID=20489725",-0.13157978057861364
"3knb_B_S12E,B_C15S,B_R18E,B_F19Y,B_R21K,B_E48S,B_K49R,B_A81G,B_V85D,B_C86N,B_R87H,B_R89L,B_A91K,B_A92W,B_E94S,B_A100K_A_B",-8.221684455871582,-7.932203960418701,"B_S12E,B_C15S,B_R18E,B_F19Y,B_R21K,B_E48S,B_K49R,B_A81G,B_V85D,B_C86N,B_R87H,B_R89L,B_A91K,B_A92W,B_E94S,B_A100K","3KNB:A, B::PMID=20489725",-0.2894804954528807
"3knb_B_S12R,B_P13S,B_C15S,B_R18T,B_F19Y,B_P20C,B_E48S,B_A81G,B_V83R,B_R87T,B_R89Q,B_N90T,B_A92N,B_G93D,B_E94M,B_A95L,B_A97S,B_A98S_A_B",-8.221684455871582,-7.657875728607178,"B_S12R,B_P13S,B_C15S,B_R18T,B_F19Y,B_P20C,B_E48S,B_A81G,B_V83R,B_R87T,B_R89Q,B_N90T,B_A92N,B_G93D,B_E94M,B_A95L,B_A97S,B_A98S","3KNB:A, B::PMID=20489725",-0.5638087272644041
"3knb_B_S12V,B_C15R,B_R18E,B_F19S,B_R21C,B_E48S,B_Y84G,B_V85C,B_R87H,B_R89S,B_A91S,B_A92N,B_G93Q,B_E94H,B_Y96F,B_A97S,B_A100K_A_B",-8.221684455871582,-7.331364631652832,"B_S12V,B_C15R,B_R18E,B_F19S,B_R21C,B_E48S,B_Y84G,B_V85C,B_R87H,B_R89S,B_A91S,B_A92N,B_G93Q,B_E94H,B_Y96F,B_A97S,B_A100K","3KNB:A, B::PMID=20489725",-0.89031982421875
"3q3j_A_E60H,A_W61I,A_Q63K,A_R65N,A_I66S,A_R68K,A_V70I,A_E74Q,A_D75N,A_I76K,A_L83A,A_M87R,A_H88G,A_Q90R_B_A",-6.820855617523193,-7.1723182678222654,"A_E60H,A_W61I,A_Q63K,A_R65N,A_I66S,A_R68K,A_V70I,A_E74Q,A_D75N,A_I76K,A_L83A,A_M87R,A_H88G,A_Q90R","3Q3J:A, B:B_Y100F:PMID=21610070",0.3514626502990721
"3q3j_A_E60I,A_W61Q,A_R62K,A_Q63C,A_R65D,A_I66S,A_R68Q,A_V69D,A_E74Y,A_I76T,A_T78S,A_L83A,A_M87R,A_H88L,A_Q90A_B_A",-6.820855617523193,-7.1865989685058596,"A_E60I,A_W61Q,A_R62K,A_Q63C,A_R65D,A_I66S,A_R68Q,A_V69D,A_E74Y,A_I76T,A_T78S,A_L83A,A_M87R,A_H88L,A_Q90A","3Q3J:A, B:B_Y100F:PMID=21610070",0.3657433509826662
"3q3j_A_E60K,A_W61F,A_R62L,A_Q63C,A_G64T,A_R65E,A_I66R,A_A67G,A_R68Q,A_V69L,A_E74Y,A_I76Q,A_T77G,A_T78S,A_L83E,A_L86D,A_M87I,A_H88F,A_Q90S_B_A",-6.820855617523193,-7.367340850830078,"A_E60K,A_W61F,A_R62L,A_Q63C,A_G64T,A_R65E,A_I66R,A_A67G,A_R68Q,A_V69L,A_E74Y,A_I76Q,A_T77G,A_T78S,A_L83E,A_L86D,A_M87I,A_H88F,A_Q90S","3Q3J:A, B:B_Y100F:PMID=21610070",0.5464852333068846
"3q3j_A_E60M,A_W61F,A_R62L,A_R65K,A_I66E,A_R68K,A_V69L,A_V70E,A_E74Y,A_D75N,A_I76A,A_T77S,A_L83Q,A_L86W,A_M87I,A_Q90S_B_A",-6.820855617523193,-7.67617769241333,"A_E60M,A_W61F,A_R62L,A_R65K,A_I66E,A_R68K,A_V69L,A_V70E,A_E74Y,A_D75N,A_I76A,A_T77S,A_L83Q,A_L86W,A_M87I,A_Q90S","3Q3J:A, B:B_Y100F:PMID=21610070",0.8553220748901369
"3q3j_A_E60M,A_W61L,A_R62K,A_Q63R,A_G64S,A_R65A,A_A67G,A_R68S,A_V70T,A_E74V,A_D75N,A_I76M,A_T77Y,A_T78S,A_L83S,A_M87K,A_Q90G_B_A",-6.820855617523193,-7.055849361419678,"A_E60M,A_W61L,A_R62K,A_Q63R,A_G64S,A_R65A,A_A67G,A_R68S,A_V70T,A_E74V,A_D75N,A_I76M,A_T77Y,A_T78S,A_L83S,A_M87K,A_Q90G","3Q3J:A, B:B_Y100F:PMID=21610070",0.2349937438964842
"3q3j_A_E60Q,A_W61L,A_R62L,A_Q63H,A_I66E,A_A67C,A_R68A,A_V69L,A_V70A,A_E74H,A_D75N,A_I76M,A_T78A,A_L83R,A_M87K,A_Y89D,A_Q90N_B_A",-6.820855617523193,-6.7480134010314945,"A_E60Q,A_W61L,A_R62L,A_Q63H,A_I66E,A_A67C,A_R68A,A_V69L,A_V70A,A_E74H,A_D75N,A_I76M,A_T78A,A_L83R,A_M87K,A_Y89D,A_Q90N","3Q3J:A, B:B_Y100F:PMID=21610070",-0.07284221649169886
"3q3j_A_W61D,A_Q63M,A_R65K,A_R68F,A_V70T,A_E74D,A_D75N,A_I76R,A_L83K,A_M87R,A_Q90T_B_A",-6.820855617523193,-7.089460754394532,"A_W61D,A_Q63M,A_R65K,A_R68F,A_V70T,A_E74D,A_D75N,A_I76R,A_L83K,A_M87R,A_Q90T","3Q3J:A, B:B_Y100F:PMID=21610070",0.26860513687133825
"3q3j_A_W61L,A_Q63H,A_R65G,A_I66V,A_A67E,A_V69A,A_V70T,A_E74Y,A_D75N,A_I76V,A_T78S,A_L83H,A_M87F,A_Q90G_B_A",-6.820855617523193,-6.9850160598754885,"A_W61L,A_Q63H,A_R65G,A_I66V,A_A67E,A_V69A,A_V70T,A_E74Y,A_D75N,A_I76V,A_T78S,A_L83H,A_M87F,A_Q90G","3Q3J:A, B:B_Y100F:PMID=21610070",0.1641604423522951
"3sgb_E_C135T,E_G142I,E_T155F,E_G157N_I_E",-8.340642929077148,-13.333758354187012,"E_C135T,E_G142I,E_T155F,E_G157N","3SGB:E, I:I_L12K, I_T11P:PMID=Stephen Ming-teh Lu, PhD Thesis, Purdue University, 2000",4.993115425109863
"3sgb_E_G101Q,E_T168H_I_E",-8.340642929077148,-12.963613510131836,"E_G101Q,E_T168H","3SGB:E, I:I_L12K, I_T11P:PMID=Stephen Ming-teh Lu, PhD Thesis, Purdue University, 2000",4.6229705810546875
3sgb_E_G32C_I_E,-8.340642929077148,-13.375432395935059,E_G32C,"3SGB:E, I:I_L12K, I_T11P:PMID=Stephen Ming-teh Lu, PhD Thesis, Purdue University, 2000",5.0347894668579105
"3sgb_E_N119F,E_G121S_I_E",-8.340642929077148,-13.148047637939452,"E_N119F,E_G121S","3SGB:E, I:I_L12K, I_T11P:PMID=Stephen Ming-teh Lu, PhD Thesis, Purdue University, 2000",4.807404708862304
"3sgb_E_N119K,E_A136K,E_P138R,E_T168S_I_E",-8.340642929077148,-11.790486145019532,"E_N119K,E_A136K,E_P138R,E_T168S","3SGB:E, I:I_L12K, I_T11P:PMID=Stephen Ming-teh Lu, PhD Thesis, Purdue University, 2000",3.4498432159423835
"3sgb_E_T117R,E_G121W_I_E",-8.340642929077148,-12.932369422912597,"E_T117R,E_G121W","3SGB:E, I:I_L12K, I_T11P:PMID=Stephen Ming-teh Lu, PhD Thesis, Purdue University, 2000",4.5917264938354485
"3sgb_E_T11V,E_R13Y,E_V118A,E_A136V,E_T168A_I_E",-8.340642929077148,-13.20295581817627,"E_T11V,E_R13Y,E_V118A,E_A136V,E_T168A","3SGB:E, I:I_L12K, I_T11P:PMID=Stephen Ming-teh Lu, PhD Thesis, Purdue University, 2000",4.862312889099121
"3sgb_E_V118Y,E_A136R_I_E",-8.340642929077148,-10.669212532043456,"E_V118Y,E_A136R","3SGB:E, I:I_L12K, I_T11P:PMID=Stephen Ming-teh Lu, PhD Thesis, Purdue University, 2000",2.328569602966308
"4dm8_C_K631E,C_I632K,C_R635E,C_Q638S_A_C",-7.944808006286621,-8.19572057723999,"C_K631E,C_I632K,C_R635E,C_Q638S","4DM8:A, C::PMID=22355136",0.2509125709533695
"4dm8_C_K631M,C_I632C,C_Q638C_A_C",-7.944808006286621,-7.697995853424072,"C_K631M,C_I632C,C_Q638C","4DM8:A, C::PMID=22355136",-0.24681215286254865
"4dm8_C_K631N,C_Q638A_A_C",-7.944808006286621,-7.668995761871338,"C_K631N,C_Q638A","4DM8:A, C::PMID=22355136",-0.27581224441528285
"4dm8_C_K631S,C_I632L,C_R635E,C_Q638A_A_C",-7.944808006286621,-7.887543487548828,"C_K631S,C_I632L,C_R635E,C_Q638A","4DM8:A, C::PMID=22355136",-0.057264518737793146
"4dm8_C_K631S,C_I632L,C_R635N,C_Q638R_A_C",-7.944808006286621,-7.989368534088134,"C_K631S,C_I632L,C_R635N,C_Q638R","4DM8:A, C::PMID=22355136",0.04456052780151332
"4dm8_C_K631S,C_I632L,C_R635S,C_Q638A_A_C",-7.944808006286621,-8.003686046600341,"C_K631S,C_I632L,C_R635S,C_Q638A","4DM8:A, C::PMID=22355136",0.05887804031372035
"4dm8_C_K631T,C_I632M,C_L633V,C_R635K,C_Q638A_A_C",-7.944808006286621,-8.015864944458007,"C_K631T,C_I632M,C_L633V,C_R635K,C_Q638A","4DM8:A, C::PMID=22355136",0.07105693817138636
"4dm8_C_K631T,C_I632Y,C_R635I,C_L636Q,C_Q638S_A_C",-7.944808006286621,-7.995851802825928,"C_K631T,C_I632Y,C_R635I,C_L636Q,C_Q638S","4DM8:A, C::PMID=22355136",0.05104379653930646
"4gxu_U_F27D,U_Y32W,U_D54S,U_M102R,U_D106S,U_H107W,U_I108L,U_S111Y,U_P112T,V_N55S,V_Q56C_I_U, V",-11.192771911621094,-10.301293563842773,"U_F27D,U_Y32W,U_D54S,U_M102R,U_D106S,U_H107W,U_I108L,U_S111Y,U_P112T,V_N55S,V_Q56C","4GXU:I, U, V::PMID=23236279",-0.891478347778321
"4gxu_U_F27Y,U_L100W,U_Y104N,U_D106A,U_S111G,V_I51V,V_Y52M,V_L54T,V_N55S_I_U, V",-11.192771911621094,-10.676110649108887,"U_F27Y,U_L100W,U_Y104N,U_D106A,U_S111G,V_I51V,V_Y52M,V_L54T,V_N55S","4GXU:I, U, V::PMID=23236279",-0.5166612625122067
"4gxu_U_F27Y,U_T28N,U_S30H,U_S31N,U_Y53S,U_D54C,U_M102V,U_D106S,U_Y110H,U_S111A,V_I51Q,V_N55S,V_R57N,V_S66T_I_U, V",-11.192771911621094,-10.574824333190918,"U_F27Y,U_T28N,U_S30H,U_S31N,U_Y53S,U_D54C,U_M102V,U_D106S,U_Y110H,U_S111A,V_I51Q,V_N55S,V_R57N,V_S66T","4GXU:I, U, V::PMID=23236279",-0.6179475784301758
"4gxu_U_F27Y,U_T28S,U_Y32L,U_Y53S,U_L101V,U_M102R,U_D106N,U_H107W,U_I108L,U_S111A,U_P112T,V_L54T,V_N55F,V_Q56H_I_U, V",-11.192771911621094,-10.861450004577637,"U_F27Y,U_T28S,U_Y32L,U_Y53S,U_L101V,U_M102R,U_D106N,U_H107W,U_I108L,U_S111A,U_P112T,V_L54T,V_N55F,V_Q56H","4GXU:I, U, V::PMID=23236279",-0.3313219070434563
"4gxu_U_L101Y,U_M102V,U_Y104F,U_H107F,U_S111A,V_I51V,V_L54D,V_N55S,V_S66A_I_U, V",-11.192771911621094,-10.778293037414551,"U_L101Y,U_M102V,U_Y104F,U_H107F,U_S111A,V_I51V,V_L54D,V_N55S,V_S66A","4GXU:I, U, V::PMID=23236279",-0.4144788742065426
"4gxu_U_M102V,U_D106S,U_H107Y,U_G109K,U_Y110H,V_Y34R,V_L54N,V_N55S,V_Q56L,V_R57K_I_U, V",-11.192771911621094,-10.383129692077636,"U_M102V,U_D106S,U_H107Y,U_G109K,U_Y110H,V_Y34R,V_L54N,V_N55S,V_Q56L,V_R57K","4GXU:I, U, V::PMID=23236279",-0.8096422195434574
"4gxu_U_S30A,U_S31N,U_M102Q,U_H107F,U_I108M,U_Y110E,U_S111A,V_L54T,V_N55S,V_Q56L,V_S66T_I_U, V",-11.192771911621094,-10.464938735961914,"U_S30A,U_S31N,U_M102Q,U_H107F,U_I108M,U_Y110E,U_S111A,V_L54T,V_N55S,V_Q56L,V_S66T","4GXU:I, U, V::PMID=23236279",-0.72783317565918
"4gxu_U_S31N,U_Y53S,U_D54G,U_L101I,U_M102R,U_H107W,V_L54T,V_N55S,V_Q56L_I_U, V",-11.192771911621094,-10.713046264648437,"U_S31N,U_Y53S,U_D54G,U_L101I,U_M102R,U_H107W,V_L54T,V_N55S,V_Q56L","4GXU:I, U, V::PMID=23236279",-0.47972564697265696
"4jpk_H_G49P,H_W50I,H_N54G,H_Q62R,H_D103G,H_N105A,L_S28G,L_G208D_A_H, L",-10.073107719421387,-7.761127758026123,"H_G49P,H_W50I,H_N54G,H_Q62R,H_D103G,H_N105A,L_S28G,L_G208D","4JPK:A, H, L:A_T35S:PMID=23539181",-2.311979961395264
"4jpk_H_L45I,H_E46Q,H_N54R,H_T58E,H_A61M,H_Q62E,H_K63A,H_N105Q,L_E1K,L_S28T_A_H, L",-10.073107719421387,-8.39431552886963,"H_L45I,H_E46Q,H_N54R,H_T58E,H_A61M,H_Q62E,H_K63A,H_N105Q,L_E1K,L_S28T","4JPK:A, H, L:A_T35S:PMID=23539181",-1.678792190551757
"4jpk_H_N54A,H_Q62M,H_F64Y,H_D103T,H_N105S,L_E1Q,L_I2V,L_G208N_A_H, L",-10.073107719421387,-8.679627323150635,"H_N54A,H_Q62M,H_F64Y,H_D103T,H_N105S,L_E1Q,L_I2V,L_G208N","4JPK:A, H, L:A_T35S:PMID=23539181",-1.3934803962707516
"4jpk_H_N54A,H_S55T,H_G56T,H_T58N,H_K63D,H_F64Y,H_S102I,H_D103E,H_Y104A,H_N105Q,L_I2V_A_H, L",-10.073107719421387,-8.69963035583496,"H_N54A,H_S55T,H_G56T,H_T58N,H_K63D,H_F64Y,H_S102I,H_D103E,H_Y104A,H_N105Q,L_I2V","4JPK:A, H, L:A_T35S:PMID=23539181",-1.3734773635864261
"4jpk_H_N54G,H_A61I,H_Q62K,H_K63D,H_F64Y,H_Q65R,H_V68E,H_S102T,H_Y104W,H_N105P_A_H, L",-10.073107719421387,-8.617397212982178,"H_N54G,H_A61I,H_Q62K,H_K63D,H_F64Y,H_Q65R,H_V68E,H_S102T,H_Y104W,H_N105P","4JPK:A, H, L:A_T35S:PMID=23539181",-1.4557105064392086
"4jpk_H_N54W,H_G57K,H_N59T,H_Q62R,H_Q65H,H_T71E,H_N105D_A_H, L",-10.073107719421387,-7.630365085601807,"H_N54W,H_G57K,H_N59T,H_Q62R,H_Q65H,H_T71E,H_N105D","4JPK:A, H, L:A_T35S:PMID=23539181",-2.44274263381958
"4jpk_H_W47A,H_W50T,H_N54Q,H_N59E,H_A61W,H_F64D,H_T69M,H_S102H,H_Y104Q,H_N105E,L_Q90K_A_H, L",-10.073107719421387,-7.08514518737793,"H_W47A,H_W50T,H_N54Q,H_N59E,H_A61W,H_F64D,H_T69M,H_S102H,H_Y104Q,H_N105E,L_Q90K","4JPK:A, H, L:A_T35S:PMID=23539181",-2.987962532043457
"4jpk_H_Y32S,H_M48V,H_N54S,H_N105P_A_H, L",-10.073107719421387,-8.562824249267578,"H_Y32S,H_M48V,H_N54S,H_N105P","4JPK:A, H, L:A_T35S:PMID=23539181",-1.5102834701538086
"4m62_I_F29A,I_S30C,I_S31T,I_G56R,I_T57V,I_A58E,I_K74S,I_S104P,I_W106T,I_L107Y,I_K109A,M_Q91A,M_G93D,M_S94K_T_I, M",-11.718320846557617,-10.311563491821289,"I_F29A,I_S30C,I_S31T,I_G56R,I_T57V,I_A58E,I_K74S,I_S104P,I_W106T,I_L107Y,I_K109A,M_Q91A,M_G93D,M_S94K","4M62:I, M, T::PMID=TBD",-1.4067573547363281
"4m62_I_S30A,I_S31T,I_Y32N,I_I51Q,I_I54V,I_G56F,I_T57H,I_K74L,I_S104P,I_W106N,I_L107S,I_K109M,M_S95A_T_I, M",-11.718320846557617,-10.225606536865234,"I_S30A,I_S31T,I_Y32N,I_I51Q,I_I54V,I_G56F,I_T57H,I_K74L,I_S104P,I_W106N,I_L107S,I_K109M,M_S95A","4M62:I, M, T::PMID=TBD",-1.4927143096923832
"4m62_I_S30A,I_S31Y,I_I51M,I_F55L,I_G56R,I_T57A,I_A58Q,I_K74R,I_S104P,I_W106R,I_L107F,I_K109Y,M_G93N,M_S95T_T_I, M",-11.718320846557617,-10.617373847961426,"I_S30A,I_S31Y,I_I51M,I_F55L,I_G56R,I_T57A,I_A58Q,I_K74R,I_S104P,I_W106R,I_L107F,I_K109Y,M_G93N,M_S95T","4M62:I, M, T::PMID=TBD",-1.100946998596191
"4m62_I_S30D,I_S31A,I_F55S,I_G56R,I_T57S,I_K74R,I_S104P,I_W106A,I_L107M,I_K109A,M_S32Q,M_G93D_T_I, M",-11.718320846557617,-10.486418151855469,"I_S30D,I_S31A,I_F55S,I_G56R,I_T57S,I_K74R,I_S104P,I_W106A,I_L107M,I_K109A,M_S32Q,M_G93D","4M62:I, M, T::PMID=TBD",-1.231902694702148
"4m62_I_S30K,I_S31D,I_Y32P,I_I52T,I_I54T,I_G56R,I_T57Q,I_K74R,I_S104P,I_W106H,I_L107F,M_G93N_T_I, M",-11.718320846557617,-9.757064819335938,"I_S30K,I_S31D,I_Y32P,I_I52T,I_I54T,I_G56R,I_T57Q,I_K74R,I_S104P,I_W106H,I_L107F,M_G93N","4M62:I, M, T::PMID=TBD",-1.9612560272216797
"4m62_I_S30R,I_G56R,I_T57H,I_K74S,I_S104P,I_W106T,I_L107S,I_K109M,M_S32N,M_S94D_T_I, M",-11.718320846557617,-11.307401275634765,"I_S30R,I_G56R,I_T57H,I_K74S,I_S104P,I_W106T,I_L107S,I_K109M,M_S32N,M_S94D","4M62:I, M, T::PMID=TBD",-0.4109195709228519
"4m62_I_S31F,I_G56R,I_T57S,I_K74T,I_R98K,I_W106D,I_L107S,I_K109A,I_I111V,M_Y92P_T_I, M",-11.718320846557617,-11.081235885620117,"I_S31F,I_G56R,I_T57S,I_K74T,I_R98K,I_W106D,I_L107S,I_K109A,I_I111V,M_Y92P","4M62:I, M, T::PMID=TBD",-0.6370849609375
"4m62_I_S31T,I_F55L,I_G56R,I_T57S,I_K74T,I_G100W,I_S104W,I_W106N,I_L107R,I_K109R,I_G112E,M_S95N_T_I, M",-11.718320846557617,-10.737900161743164,"I_S31T,I_F55L,I_G56R,I_T57S,I_K74T,I_G100W,I_S104W,I_W106N,I_L107R,I_K109R,I_G112E,M_S95N","4M62:I, M, T::PMID=TBD",-0.9804206848144528
"4nkq_C_E1D_A, B_C",-12.23194408416748,-12.373723411560059,C_E1D,"4NKQ:A, B, C:B_D176E:PMID=27396825",0.14177932739257848
"4nkq_C_E1T_A, B_C",-12.23194408416748,-12.650694274902344,C_E1T,"4NKQ:A, B, C:B_D176E:PMID=27396825",0.41875019073486364
"4nkq_C_H2M,C_R10L,C_N14Q,C_M33I,C_K98T,C_I104L_A, B_C",-12.23194408416748,-12.44248275756836,"C_H2M,C_R10L,C_N14Q,C_M33I,C_K98T,C_I104L","4NKQ:A, B, C:B_D176E:PMID=27396825",0.21053867340087962
"4nkq_C_N4G,C_N14S_A, B_C",-12.23194408416748,-13.087492561340332,"C_N4G,C_N14S","4NKQ:A, B, C:B_D176E:PMID=27396825",0.8555484771728512
"4nkq_C_R11A,C_M33D,C_I104V_A, B_C",-12.23194408416748,-12.715922737121582,"C_R11A,C_M33D,C_I104V","4NKQ:A, B, C:B_D176E:PMID=27396825",0.4839786529541019
"4nkq_C_V3I,C_I6N,C_N14Q,C_M33W_A, B_C",-12.23194408416748,-11.981628036499023,"C_V3I,C_I6N,C_N14Q,C_M33W","4NKQ:A, B, C:B_D176E:PMID=27396825",-0.2503160476684574
"4nkq_C_V3R,C_I6Q,C_I104M_A, B_C",-12.23194408416748,-11.559522247314453,"C_V3R,C_I6Q,C_I104M","4NKQ:A, B, C:B_D176E:PMID=27396825",-0.6724218368530277
"4nkq_C_V3T,C_R10K,C_Q37K,C_L101T,C_P105C_A, B_C",-12.23194408416748,-12.220905303955078,"C_V3T,C_R10K,C_Q37K,C_L101T,C_P105C","4NKQ:A, B, C:B_D176E:PMID=27396825",-0.011038780212402344
"5k39_A_G33T,A_Q35S,A_L77Q,A_T78K,A_C93I,A_Y94F,A_V95I,A_Y96D,A_T132S,A_R133Y,A_T135S,A_T142V,A_L143E,A_I145A,A_W147Y,A_Y148S,A_Q150N_B_A",-7.895566463470459,-9.923360061645507,"A_G33T,A_Q35S,A_L77Q,A_T78K,A_C93I,A_Y94F,A_V95I,A_Y96D,A_T132S,A_R133Y,A_T135S,A_T142V,A_L143E,A_I145A,A_W147Y,A_Y148S,A_Q150N","5K39:A, B:B_F142A:PMID=27924829",2.027793598175048
"5k39_A_I34C,A_L76Q,A_L77M,A_T78V,A_V80R,A_N89T,A_S92T,A_C93I,A_V95I,A_Y96D,A_T132S,A_R133L,A_T135S,A_T142V,A_L143V,A_V144Q,A_W147D,A_Y148V,A_Q150N_B_A",-7.895566463470459,-10.325423622131348,"A_I34C,A_L76Q,A_L77M,A_T78V,A_V80R,A_N89T,A_S92T,A_C93I,A_V95I,A_Y96D,A_T132S,A_R133L,A_T135S,A_T142V,A_L143V,A_V144Q,A_W147D,A_Y148V,A_Q150N","5K39:A, B:B_F142A:PMID=27924829",2.429857158660889
"5k39_A_I34P,A_L77A,A_V80K,A_N81P,A_Y90S,A_A91S,A_C93I,A_Y96A,A_T132Y,A_R133I,A_F134Y,A_T142V,A_L143K,A_Y148F,A_Q150R_B_A",-7.895566463470459,-10.404094696044922,"A_I34P,A_L77A,A_V80K,A_N81P,A_Y90S,A_A91S,A_C93I,A_Y96A,A_T132Y,A_R133I,A_F134Y,A_T142V,A_L143K,A_Y148F,A_Q150R","5K39:A, B:B_F142A:PMID=27924829",2.508528232574463
"5k39_A_L77K,A_T78M,A_V80K,A_N81P,A_I88Q,A_S92A,A_C93F,A_V95S,A_Y96D,A_R133Q,A_F134Y,A_T142V,A_L143I,A_W147K,A_Y148D,A_G149T,A_Q150K_B_A",-7.895566463470459,-10.240902519226074,"A_L77K,A_T78M,A_V80K,A_N81P,A_I88Q,A_S92A,A_C93F,A_V95S,A_Y96D,A_R133Q,A_F134Y,A_T142V,A_L143I,A_W147K,A_Y148D,A_G149T,A_Q150K","5K39:A, B:B_F142A:PMID=27924829",2.345336055755615
"5k39_A_M31H,A_Q35E,A_L77K,A_T78K,A_V80K,A_N81V,A_N89W,A_Y90H,A_A91T,A_C93I,A_V95I,A_Y96D,A_R133Y,A_F134Y,A_T142V,A_L143N,A_I145V,A_W147Y,A_Y148F,A_Q150T_B_A",-7.895566463470459,-9.959896087646484,"A_M31H,A_Q35E,A_L77K,A_T78K,A_V80K,A_N81V,A_N89W,A_Y90H,A_A91T,A_C93I,A_V95I,A_Y96D,A_R133Y,A_F134Y,A_T142V,A_L143N,A_I145V,A_W147Y,A_Y148F,A_Q150T","5K39:A, B:B_F142A:PMID=27924829",2.0643296241760254
"5k39_A_M31L,A_L77R,A_T78M,A_V80R,A_N89H,A_A91S,A_S92A,A_C93I,A_V95S,A_Y96D,A_T132S,A_R133N,A_T142V,A_L143I,A_W147F,A_Y148S,A_Q150N_B_A",-7.895566463470459,-10.182916641235352,"A_M31L,A_L77R,A_T78M,A_V80R,A_N89H,A_A91S,A_S92A,A_C93I,A_V95S,A_Y96D,A_T132S,A_R133N,A_T142V,A_L143I,A_W147F,A_Y148S,A_Q150N","5K39:A, B:B_F142A:PMID=27924829",2.2873501777648926
"5k39_A_Q35E,A_L77S,A_T78A,A_V80R,A_N89H,A_A91H,A_S92R,A_C93I,A_V95M,A_Y96A,A_T132S,A_R133G,A_T142V,A_L143M,A_I145A,A_W147D,A_Q150N_B_A",-7.895566463470459,-9.71812915802002,"A_Q35E,A_L77S,A_T78A,A_V80R,A_N89H,A_A91H,A_S92R,A_C93I,A_V95M,A_Y96A,A_T132S,A_R133G,A_T142V,A_L143M,A_I145A,A_W147D,A_Q150N","5K39:A, B:B_F142A:PMID=27924829",1.8225626945495605
"5k39_A_V80R,A_S92T,A_C93I,A_V95I,A_Y96D,A_R133E,A_T142V,A_V144I,A_I145V,A_W147C,A_Y148F,A_Q150N_B_A",-7.895566463470459,-10.136833953857423,"A_V80R,A_S92T,A_C93I,A_V95I,A_Y96D,A_R133E,A_T142V,A_V144I,A_I145V,A_W147C,A_Y148F,A_Q150N","5K39:A, B:B_F142A:PMID=27924829",2.2412674903869636
"6cwt_C_V49L,C_E50G,C_I54K,C_N56S,C_R99S,C_T100A,C_R101S,C_V103N,D_S29E,D_G31Q,D_N32A,D_A33G,D_S50K,D_A51S,D_G52T,D_S53T,D_N54T,D_L55I,D_R64V,D_S66G,D_S94N,D_A95Y,D_I96E_F_C, D",-15.959397315979004,-10.146707344055176,"C_V49L,C_E50G,C_I54K,C_N56S,C_R99S,C_T100A,C_R101S,C_V103N,D_S29E,D_G31Q,D_N32A,D_A33G,D_S50K,D_A51S,D_G52T,D_S53T,D_N54T,D_L55I,D_R64V,D_S66G,D_S94N,D_A95Y,D_I96E","6CWT:C, D, F::PMID=TBD",-5.812689971923827
"6cwt_C_V49L,C_E50Q,C_I52H,C_I54T,C_I55V,C_N56I,C_R99K,C_T100K,C_R101S,C_V103E,D_A33S,D_S50K,D_G52R,D_S53P,D_N54V,D_S66T,D_S68Q,D_T92A,D_S94R,D_A95C,D_I96P_F_C, D",-15.959397315979004,-10.771586418151855,"C_V49L,C_E50Q,C_I52H,C_I54T,C_I55V,C_N56I,C_R99K,C_T100K,C_R101S,C_V103E,D_A33S,D_S50K,D_G52R,D_S53P,D_N54V,D_S66T,D_S68Q,D_T92A,D_S94R,D_A95C,D_I96P","6CWT:C, D, F::PMID=TBD",-5.187810897827148
"6cwt_C_V49L,C_E50Q,C_Y51F,C_I52L,C_N56S,C_C97W,C_A98W,C_R99Q,C_R101T,D_N32L,D_A33S,D_S50R,D_A51L,D_N54S,D_L55K,D_R64Q,D_S66P,D_S68Y,D_T92N,D_Y93A,D_S94D,D_I96V_F_C, D",-15.959397315979004,-10.522657203674317,"C_V49L,C_E50Q,C_Y51F,C_I52L,C_N56S,C_C97W,C_A98W,C_R99Q,C_R101T,D_N32L,D_A33S,D_S50R,D_A51L,D_N54S,D_L55K,D_R64Q,D_S66P,D_S68Y,D_T92N,D_Y93A,D_S94D,D_I96V","6CWT:C, D, F::PMID=TBD",-5.436740112304687
"6cwt_C_V49L,C_E50Q,C_Y51W,C_I52L,C_I54R,C_N56Q,C_A98F,C_R99W,C_T100A,C_V103S,D_S29T,D_G31Y,D_N32A,D_A33S,D_S50R,D_G52S,D_S53Q,D_N54G,D_L55M,D_R64V,D_S68F,D_I96Y_F_C, D",-15.959397315979004,-10.701863670349121,"C_V49L,C_E50Q,C_Y51W,C_I52L,C_I54R,C_N56Q,C_A98F,C_R99W,C_T100A,C_V103S,D_S29T,D_G31Y,D_N32A,D_A33S,D_S50R,D_G52S,D_S53Q,D_N54G,D_L55M,D_R64V,D_S68F,D_I96Y","6CWT:C, D, F::PMID=TBD",-5.2575336456298825
"6cwt_C_V49L,C_E50Q,C_Y51W,C_I54R,C_N56Y,C_A98Q,C_R99N,C_T100S,C_V103E,D_G31Y,D_N32G,D_I49V,D_A51R,D_G52Q,D_S53Y,D_N54G,D_L55V,D_R64E,D_S66G,D_T92A,D_Y93K,D_S94N,D_I96F_F_C, D",-15.959397315979004,-10.855183029174805,"C_V49L,C_E50Q,C_Y51W,C_I54R,C_N56Y,C_A98Q,C_R99N,C_T100S,C_V103E,D_G31Y,D_N32G,D_I49V,D_A51R,D_G52Q,D_S53Y,D_N54G,D_L55V,D_R64E,D_S66G,D_T92A,D_Y93K,D_S94N,D_I96F","6CWT:C, D, F::PMID=TBD",-5.104214286804199
"6cwt_C_V49L,C_Y51F,C_I52L,C_N56D,C_T100A,C_R101S,C_V103E,D_S29T,D_N32G,D_A33S,D_I49V,D_S50K,D_A51T,D_G52E,D_S53Y,D_N54T,D_L55T,D_R64V,D_S66G,D_S68E,D_G91V,D_T92C,D_A95H,D_I96S_F_C, D",-15.959397315979004,-10.580235481262207,"C_V49L,C_Y51F,C_I52L,C_N56D,C_T100A,C_R101S,C_V103E,D_S29T,D_N32G,D_A33S,D_I49V,D_S50K,D_A51T,D_G52E,D_S53Y,D_N54T,D_L55T,D_R64V,D_S66G,D_S68E,D_G91V,D_T92C,D_A95H,D_I96S","6CWT:C, D, F::PMID=TBD",-5.379161834716797
"6cwt_C_V49P,C_E50Q,C_Y51F,C_I54T,C_N56S,C_T100S,C_R101M,D_S29A,D_G31Y,D_N32V,D_A33K,D_I49T,D_S50R,D_A51S,D_S53I,D_N54P,D_R64I,D_S68T,D_T92K,D_S94A,D_A95S,D_I96L_F_C, D",-15.959397315979004,-10.227106857299805,"C_V49P,C_E50Q,C_Y51F,C_I54T,C_N56S,C_T100S,C_R101M,D_S29A,D_G31Y,D_N32V,D_A33K,D_I49T,D_S50R,D_A51S,D_S53I,D_N54P,D_R64I,D_S68T,D_T92K,D_S94A,D_A95S,D_I96L","6CWT:C, D, F::PMID=TBD",-5.7322904586791985
"6cwt_C_V49P,C_Y51W,C_I54Q,C_N56L,C_R99F,C_T100S,C_V103A,D_S29D,D_G31Q,D_A33S,D_S50T,D_A51S,D_S53G,D_N54V,D_L55K,D_R64D,D_S66G,D_S68H,D_T92A,D_S94W,D_A95D,D_I96P_F_C, D",-15.959397315979004,-9.811531066894531,"C_V49P,C_Y51W,C_I54Q,C_N56L,C_R99F,C_T100S,C_V103A,D_S29D,D_G31Q,D_A33S,D_S50T,D_A51S,D_S53G,D_N54V,D_L55K,D_R64D,D_S66G,D_S68H,D_T92A,D_S94W,D_A95D,D_I96P","6CWT:C, D, F::PMID=TBD",-6.147866249084473
