ID,dG_true,dG_pred,mutstr,complex_id,score
"1ao7_A_E58A,A_G62E,A_R65E,A_V67A,A_K68M,A_A69I,A_S71D,A_Q72T,A_H145C,A_K146R,A_E148D,A_A149L,A_A150R,A_H151G,A_V152L,A_E154K,A_Q155R,A_L156M,A_A158D,A_E161Q,A_G162N,A_A166T_D, E_A, B, C",-4.596673011779785,-6.700325584411621,"A_E58A,A_G62E,A_R65E,A_V67A,A_K68M,A_A69I,A_S71D,A_Q72T,A_H145C,A_K146R,A_E148D,A_A149L,A_A150R,A_H151G,A_V152L,A_E154K,A_Q155R,A_L156M,A_A158D,A_E161Q,A_G162N,A_A166T","1AO7:A, B, C, D, E:A_E166A, D_K66A:PMID=23736024",2.1036525726318356
"1ao7_A_E58S,A_D61E,A_G62Q,A_V67M,A_K68L,A_A69P,A_S71R,A_Q72E,A_H145R,A_K146H,A_W147R,A_E148D,A_A149K,A_H151N,A_V152L,A_E154S,A_Q155M,A_L156K,A_R157A,A_E161T,A_V165C,A_A166V_D, E_A, B, C",-4.596673011779785,-7.190723896026611,"A_E58S,A_D61E,A_G62Q,A_V67M,A_K68L,A_A69P,A_S71R,A_Q72E,A_H145R,A_K146H,A_W147R,A_E148D,A_A149K,A_H151N,A_V152L,A_E154S,A_Q155M,A_L156K,A_R157A,A_E161T,A_V165C,A_A166V","1AO7:A, B, C, D, E:A_E166A, D_K66A:PMID=23736024",2.594050884246826
"1ao7_A_G62N,A_V67T,A_K68F,A_A69I,A_S71R,A_Q72N,A_H145K,A_K146R,A_E148T,A_A149Q,A_A150S,A_H151C,A_V152L,A_E154T,A_Q155M,A_L156M,A_R157S,A_A158K,A_E161T,A_A166S_D, E_A, B, C",-4.596673011779785,-7.32257776260376,"A_G62N,A_V67T,A_K68F,A_A69I,A_S71R,A_Q72N,A_H145K,A_K146R,A_E148T,A_A149Q,A_A150S,A_H151C,A_V152L,A_E154T,A_Q155M,A_L156M,A_R157S,A_A158K,A_E161T,A_A166S","1AO7:A, B, C, D, E:A_E166A, D_K66A:PMID=23736024",2.7259047508239744
"1ao7_A_P57D,A_E58A,A_D61E,A_G62E,A_K68F,A_A69I,A_S71E,A_Q72E,A_H145K,A_K146V,A_E148H,A_A149D,A_H151S,A_E154Q,A_Q155R,A_L156M,A_R157K,A_A158S,A_E161T,A_V165Q,A_A166N_D, E_A, B, C",-4.596673011779785,-6.7883727073669435,"A_P57D,A_E58A,A_D61E,A_G62E,A_K68F,A_A69I,A_S71E,A_Q72E,A_H145K,A_K146V,A_E148H,A_A149D,A_H151S,A_E154Q,A_Q155R,A_L156M,A_R157K,A_A158S,A_E161T,A_V165Q,A_A166N","1AO7:A, B, C, D, E:A_E166A, D_K66A:PMID=23736024",2.1916996955871584
"1ao7_A_P57E,A_D61K,A_G62V,A_V67T,A_A69H,A_S71P,A_Q72D,A_H145V,A_K146L,A_E148D,A_A149E,A_H151A,A_A153E,A_Q155C,A_R157K,A_E161T,A_G162L,A_V165P,A_A166F_D, E_A, B, C",-4.596673011779785,-6.939508152008057,"A_P57E,A_D61K,A_G62V,A_V67T,A_A69H,A_S71P,A_Q72D,A_H145V,A_K146L,A_E148D,A_A149E,A_H151A,A_A153E,A_Q155C,A_R157K,A_E161T,A_G162L,A_V165P,A_A166F","1AO7:A, B, C, D, E:A_E166A, D_K66A:PMID=23736024",2.3428351402282717
"1ao7_A_P57E,A_E58Q,A_D61E,A_V67W,A_K68R,A_A69H,A_S71E,A_Q72R,A_H145K,A_K146I,A_E148H,A_A149K,A_H151L,A_V152L,A_A153E,A_E154Q,A_Q155M,A_L156M,A_R157S,A_A158N,A_E161Q,A_G162D,A_A166R_D, E_A, B, C",-4.596673011779785,-7.145862102508545,"A_P57E,A_E58Q,A_D61E,A_V67W,A_K68R,A_A69H,A_S71E,A_Q72R,A_H145K,A_K146I,A_E148H,A_A149K,A_H151L,A_V152L,A_A153E,A_E154Q,A_Q155M,A_L156M,A_R157S,A_A158N,A_E161Q,A_G162D,A_A166R","1AO7:A, B, C, D, E:A_E166A, D_K66A:PMID=23736024",2.5491890907287598
"1ao7_A_P57E,A_E58R,A_G62C,A_R65A,A_V67A,A_A69L,A_S71E,A_Q72R,A_H145V,A_E148N,A_A149Q,A_H151E,A_E154Q,A_L156M,A_R157A,A_V165C,A_A166D_D, E_A, B, C",-4.596673011779785,-6.370041847229004,"A_P57E,A_E58R,A_G62C,A_R65A,A_V67A,A_A69L,A_S71E,A_Q72R,A_H145V,A_E148N,A_A149Q,A_H151E,A_E154Q,A_L156M,A_R157A,A_V165C,A_A166D","1AO7:A, B, C, D, E:A_E166A, D_K66A:PMID=23736024",1.7733688354492188
"1ao7_A_P57W,A_E58N,A_D61Q,A_G62E,A_V67A,A_K68M,A_A69V,A_S71Y,A_Q72K,A_E148T,A_A149L,A_A150E,A_H151K,A_E154H,A_Q155M,A_R157K,A_V165E,A_A166E_D, E_A, B, C",-4.596673011779785,-6.730720329284668,"A_P57W,A_E58N,A_D61Q,A_G62E,A_V67A,A_K68M,A_A69V,A_S71Y,A_Q72K,A_E148T,A_A149L,A_A150E,A_H151K,A_E154H,A_Q155M,A_R157K,A_V165E,A_A166E","1AO7:A, B, C, D, E:A_E166A, D_K66A:PMID=23736024",2.1340473175048826
"1b2s_A_A27E,A_V36I,A_A37P,A_S38W,A_K39Q,A_S50M,A_I55V,A_S57K,A_F82T,A_R83L,A_T99S,A_Q104K_D_A",-13.717446327209473,-13.381325721740723,"A_A27E,A_V36I,A_A37P,A_S38W,A_K39Q,A_S50M,A_I55V,A_S57K,A_F82T,A_R83L,A_T99S,A_Q104K","1B2S:A, D:D_A43T:PMID=7739054",-0.33612060546875
"1b2s_A_A27I,A_V36R,A_A37P,A_S50M,A_I55E,A_S57G,A_H102F,A_Q104K_D_A",-13.717446327209473,-14.556584739685059,"A_A27I,A_V36R,A_A37P,A_S50M,A_I55E,A_S57G,A_H102F,A_Q104K","1B2S:A, D:D_A43T:PMID=7739054",0.8391384124755863
"1b2s_A_A27L,A_V36I,A_A37P,A_S38H,A_K39L,A_S50M,A_I55T,A_F56Q,A_S57K,A_E60D,A_F82Y,A_R83F,A_N84K,A_T99E,A_Q104K_D_A",-13.717446327209473,-13.520034217834473,"A_A27L,A_V36I,A_A37P,A_S38H,A_K39L,A_S50M,A_I55T,A_F56Q,A_S57K,A_E60D,A_F82Y,A_R83F,A_N84K,A_T99E,A_Q104K","1B2S:A, D:D_A43T:PMID=7739054",-0.19741210937499964
"1b2s_A_A27R,A_A30H,A_V36I,A_A37P,A_S50M,A_I55G,A_S57K,A_E60Q,A_R83L,A_H102F,A_Y103T,A_Q104L_D_A",-13.717446327209473,-13.079522514343262,"A_A27R,A_A30H,A_V36I,A_A37P,A_S50M,A_I55G,A_S57K,A_E60Q,A_R83L,A_H102F,A_Y103T,A_Q104L","1B2S:A, D:D_A43T:PMID=7739054",-0.6379238128662106
"1b2s_A_A27R,A_A37P,A_K39L,A_I55K,A_S57F,A_R83M,A_Q104K_D_A",-13.717446327209473,-14.254417610168456,"A_A27R,A_A37P,A_K39L,A_I55K,A_S57F,A_R83M,A_Q104K","1B2S:A, D:D_A43T:PMID=7739054",0.5369712829589837
"1b2s_A_A27R,A_A37P,A_S38P,A_K39P,A_S50M,A_I55A,A_S57H,A_R83S,A_H102A,A_Q104K_D_A",-13.717446327209473,-12.476863670349122,"A_A27R,A_A37P,A_S38P,A_K39P,A_S50M,A_I55A,A_S57H,A_R83S,A_H102A,A_Q104K","1B2S:A, D:D_A43T:PMID=7739054",-1.2405826568603509
"1b2s_A_A27R,A_G34I,A_V36I,A_A37P,A_S38A,A_K39L,A_I55E,A_S57R,A_F82R,A_R83E,A_H102F,A_Q104R_D_A",-13.717446327209473,-14.078316116333008,"A_A27R,A_G34I,A_V36I,A_A37P,A_S38A,A_K39L,A_I55E,A_S57R,A_F82R,A_R83E,A_H102F,A_Q104R","1B2S:A, D:D_A43T:PMID=7739054",0.3608697891235355
"1b2s_A_A27V,A_A30G,A_V36K,A_A37P,A_S38H,A_S50F,A_I55K,A_S57Y,A_R83L,A_T100S,A_H102S,A_Q104R_D_A",-13.717446327209473,-14.072866821289063,"A_A27V,A_A30G,A_V36K,A_A37P,A_S38H,A_S50F,A_I55K,A_S57Y,A_R83L,A_T100S,A_H102S,A_Q104R","1B2S:A, D:D_A43T:PMID=7739054",0.3554204940795902
"1b6c_D_Y182A,D_D183E,D_M184L,D_T185H,D_S187L,D_L196F,D_V197H,D_R199E,D_T200L,D_I201V,D_A202S,D_R203N,D_E239H,D_S241M,D_W242F,D_F243D,D_R244N,D_A246C,D_E247R,D_I248V,D_Q250E,D_A265C_C_D",-8.939197540283203,-8.187898349761962,"D_Y182A,D_D183E,D_M184L,D_T185H,D_S187L,D_L196F,D_V197H,D_R199E,D_T200L,D_I201V,D_A202S,D_R203N,D_E239H,D_S241M,D_W242F,D_F243D,D_R244N,D_A246C,D_E247R,D_I248V,D_Q250E,D_A265C","1B6C:C, D::PMID=10025408",-0.751299190521241
"1b6c_D_Y182A,D_D183M,D_M184L,D_T185F,D_T186K,D_S187P,D_L196F,D_V197E,D_Q198T,D_R199H,D_T200Y,D_R203T,D_E238D,D_E239Y,D_S241C,D_W242Q,D_F243K,D_R244A,D_E247S,D_Y249F,D_Q250S,D_A265S,D_D266Y_C_D",-8.939197540283203,-8.406232166290284,"D_Y182A,D_D183M,D_M184L,D_T185F,D_T186K,D_S187P,D_L196F,D_V197E,D_Q198T,D_R199H,D_T200Y,D_R203T,D_E238D,D_E239Y,D_S241C,D_W242Q,D_F243K,D_R244A,D_E247S,D_Y249F,D_Q250S,D_A265S,D_D266Y","1B6C:C, D::PMID=10025408",-0.5329653739929192
"1b6c_D_Y182D,D_D183E,D_M184N,D_T185Y,D_T186R,D_S187P,D_L196E,D_V197E,D_R199M,D_T200L,D_R203Q,D_E238Y,D_E239R,D_S241Q,D_F243E,D_R244T,D_E247K,D_I248V,D_Q250M,D_A264C,D_D266Y_C_D",-8.939197540283203,-8.35995798110962,"D_Y182D,D_D183E,D_M184N,D_T185Y,D_T186R,D_S187P,D_L196E,D_V197E,D_R199M,D_T200L,D_R203Q,D_E238Y,D_E239R,D_S241Q,D_F243E,D_R244T,D_E247K,D_I248V,D_Q250M,D_A264C,D_D266Y","1B6C:C, D::PMID=10025408",-0.5792395591735833
"1b6c_D_Y182D,D_D183E,D_M184W,D_T185Y,D_S187P,D_L195C,D_V197E,D_Q198G,D_R199A,D_T200L,D_I201L,D_R203N,D_E238D,D_S241M,D_W242Y,D_F243S,D_R244N,D_E247R,D_I248V,D_Q250N,D_A264C,D_A265H,D_D266H_C_D",-8.939197540283203,-8.601824188232422,"D_Y182D,D_D183E,D_M184W,D_T185Y,D_S187P,D_L195C,D_V197E,D_Q198G,D_R199A,D_T200L,D_I201L,D_R203N,D_E238D,D_S241M,D_W242Y,D_F243S,D_R244N,D_E247R,D_I248V,D_Q250N,D_A264C,D_A265H,D_D266H","1B6C:C, D::PMID=10025408",-0.3373733520507809
"1b6c_D_Y182D,D_D183S,D_M184L,D_T185Y,D_T186V,D_S187E,D_G188Y,D_L196F,D_V197E,D_R199Q,D_T200K,D_R203T,D_E238H,D_E239K,D_F243G,D_R244T,D_A246G,D_E247R,D_I248V,D_T251Q,D_A265H,D_D266H_C_D",-8.939197540283203,-8.711369514465332,"D_Y182D,D_D183S,D_M184L,D_T185Y,D_T186V,D_S187E,D_G188Y,D_L196F,D_V197E,D_R199Q,D_T200K,D_R203T,D_E238H,D_E239K,D_F243G,D_R244T,D_A246G,D_E247R,D_I248V,D_T251Q,D_A265H,D_D266H","1B6C:C, D::PMID=10025408",-0.2278280258178711
"1b6c_D_Y182E,D_D183E,D_M184V,D_T185R,D_T186V,D_S187G,D_V197N,D_R199E,D_T200K,D_R203N,D_E238D,D_S241I,D_F243Y,D_R244V,D_A246C,D_E247A,D_I248T,D_A265C,D_D266A_C_D",-8.939197540283203,-8.602610015869141,"D_Y182E,D_D183E,D_M184V,D_T185R,D_T186V,D_S187G,D_V197N,D_R199E,D_T200K,D_R203N,D_E238D,D_S241I,D_F243Y,D_R244V,D_A246C,D_E247A,D_I248T,D_A265C,D_D266A","1B6C:C, D::PMID=10025408",-0.33658752441406214
"1b6c_D_Y182H,D_D183S,D_M184Y,D_T185Q,D_T186Q,D_S187P,D_V197E,D_Q198C,D_R199E,D_T200K,D_I201V,D_R203N,D_E238D,D_E239Q,D_S241N,D_W242F,D_F243K,D_R244T,D_E247D,D_Q250N,D_T251R,D_A264C,D_D266A_C_D",-8.939197540283203,-8.299362087249756,"D_Y182H,D_D183S,D_M184Y,D_T185Q,D_T186Q,D_S187P,D_V197E,D_Q198C,D_R199E,D_T200K,D_I201V,D_R203N,D_E238D,D_E239Q,D_S241N,D_W242F,D_F243K,D_R244T,D_E247D,D_Q250N,D_T251R,D_A264C,D_D266A","1B6C:C, D::PMID=10025408",-0.6398354530334469
"1b6c_D_Y182N,D_M184Y,D_T185Y,D_S187I,D_S189H,D_L196F,D_V197E,D_Q198R,D_R199D,D_T200L,D_A202T,D_R203H,D_E238A,D_E239R,D_S241I,D_W242Y,D_F243N,D_R244N,D_E247N,D_Q250N,D_A265D,D_D266H_C_D",-8.939197540283203,-8.348407077789307,"D_Y182N,D_M184Y,D_T185Y,D_S187I,D_S189H,D_L196F,D_V197E,D_Q198R,D_R199D,D_T200L,D_A202T,D_R203H,D_E238A,D_E239R,D_S241I,D_W242Y,D_F243N,D_R244N,D_E247N,D_Q250N,D_A265D,D_D266H","1B6C:C, D::PMID=10025408",-0.5907904624938958
"1cbw_G_F24E,G_C27A,G_C43T,G_Y79F,G_N80D,G_S81P,G_L82N,H_N2K,H_S42T,H_M44L,H_D46T,H_S47A,H_W67F,H_S70M,H_T71D,H_G78D_I_F, G, H",-10.505681991577148,-8.75438346862793,"G_F24E,G_C27A,G_C43T,G_Y79F,G_N80D,G_S81P,G_L82N,H_N2K,H_S42T,H_M44L,H_D46T,H_S47A,H_W67F,H_S70M,H_T71D,H_G78D","1CBW:F, G, H, I:I_R39A:PMID=8784199",-1.7512985229492184
"1cbw_G_F24H,G_H25G,G_Y79F,G_N80D,G_S81Y,G_L82E,H_N2Q,H_S41N,H_S42P,H_M44L,H_S47A,H_V65I,H_W67R,H_S69P,H_S70H,H_T71H_I_F, G, H",-10.505681991577148,-8.16539363861084,"G_F24H,G_H25G,G_Y79F,G_N80D,G_S81Y,G_L82E,H_N2Q,H_S41N,H_S42P,H_M44L,H_S47A,H_V65I,H_W67R,H_S69P,H_S70H,H_T71H","1CBW:F, G, H, I:I_R39A:PMID=8784199",-2.340288352966308
"1cbw_G_F24H,G_H25L,G_H42S,G_Y79F,G_S81P,G_L82S,H_N2K,H_S41Q,H_S42T,H_M44L,H_S47A,H_V65I,H_S66T,H_W67E,H_S69L,H_S70E,H_T71I,H_G78D_I_F, G, H",-10.505681991577148,-8.726766300201415,"G_F24H,G_H25L,G_H42S,G_Y79F,G_S81P,G_L82S,H_N2K,H_S41Q,H_S42T,H_M44L,H_S47A,H_V65I,H_S66T,H_W67E,H_S69L,H_S70E,H_T71I,H_G78D","1CBW:F, G, H, I:I_R39A:PMID=8784199",-1.7789156913757331
"1cbw_G_F24L,G_H25L,G_F26Y,G_C27G,G_A40G,G_C43L,G_S81H,G_L82T,H_N2K,H_S42A,H_C43A,H_M44R,H_S47G,H_V65I,H_W67F,H_S69P,H_S70I,H_T71D,H_G78D_I_F, G, H",-10.505681991577148,-8.967224502563477,"G_F24L,G_H25L,G_F26Y,G_C27G,G_A40G,G_C43L,G_S81H,G_L82T,H_N2K,H_S42A,H_C43A,H_M44R,H_S47G,H_V65I,H_W67F,H_S69P,H_S70I,H_T71D,H_G78D","1CBW:F, G, H, I:I_R39A:PMID=8784199",-1.5384574890136715
"1cbw_G_F24N,G_H25L,G_C27V,G_H42S,G_C43T,G_L82N,G_T83S,H_N2E,H_S42A,H_M44Y,H_S47E,H_I64V,H_W67R,H_S70R,H_T71R,H_P77A,H_G78D_I_F, G, H",-10.505681991577148,-8.937694454193116,"G_F24N,G_H25L,G_C27V,G_H42S,G_C43T,G_L82N,G_T83S,H_N2E,H_S42A,H_M44Y,H_S47E,H_I64V,H_W67R,H_S70R,H_T71R,H_P77A,H_G78D","1CBW:F, G, H, I:I_R39A:PMID=8784199",-1.5679875373840328
"1cbw_G_F24N,G_H25V,G_C27A,G_A41G,G_H42N,G_C43T,G_S81P,G_T83S,G_W126R,H_N2E,H_S42P,H_M44L,H_I64V,H_V65T,H_W67L,H_G68W,H_S69D,H_S70I,H_T71D_I_F, G, H",-10.505681991577148,-9.49175205230713,"G_F24N,G_H25V,G_C27A,G_A41G,G_H42N,G_C43T,G_S81P,G_T83S,G_W126R,H_N2E,H_S42P,H_M44L,H_I64V,H_V65T,H_W67L,H_G68W,H_S69D,H_S70I,H_T71D","1CBW:F, G, H, I:I_R39A:PMID=8784199",-1.0139299392700192
"1cbw_G_F24R,G_H25W,G_F26Y,G_C27G,G_T39A,G_H42E,G_C43L,G_Y79F,G_N80P,G_S81P,G_L82E,G_T83S,G_W126F,H_N2R,H_S41A,H_S42T,H_M44L,H_S47G,H_G48L,H_I64V,H_V65N,H_W67H,H_S70M,H_T71R,H_G78D_I_F, G, H",-10.505681991577148,-8.730774021148681,"G_F24R,G_H25W,G_F26Y,G_C27G,G_T39A,G_H42E,G_C43L,G_Y79F,G_N80P,G_S81P,G_L82E,G_T83S,G_W126F,H_N2R,H_S41A,H_S42T,H_M44L,H_S47G,H_G48L,H_I64V,H_V65N,H_W67H,H_S70M,H_T71R,H_G78D","1CBW:F, G, H, I:I_R39A:PMID=8784199",-1.7749079704284672
"1cbw_G_G23E,G_F24N,G_H25L,G_F26Y,G_A40G,G_S81P,G_L82Q,G_T83S,H_N2R,H_S41A,H_S42Q,H_M44L,H_S47A,H_I64M,H_V65T,H_S69P,H_S70N,H_T71D,H_G78E_I_F, G, H",-10.505681991577148,-8.62759895324707,"G_G23E,G_F24N,G_H25L,G_F26Y,G_A40G,G_S81P,G_L82Q,G_T83S,H_N2R,H_S41A,H_S42Q,H_M44L,H_S47A,H_I64M,H_V65T,H_S69P,H_S70N,H_T71D,H_G78E","1CBW:F, G, H, I:I_R39A:PMID=8784199",-1.8780830383300788
"1cho_F_F24A,F_H25E,F_C27A,F_A41S,F_C43N,F_R130E,G_N2A,G_T26C,G_S41A,G_S42A,G_M44D,G_I64V,G_S66L,G_W67A,G_S70N,G_T71F,G_G78N,G_N97H_I_E, F, G",-9.704813957214355,-10.57945957183838,"F_F24A,F_H25E,F_C27A,F_A41S,F_C43N,F_R130E,G_N2A,G_T26C,G_S41A,G_S42A,G_M44D,G_I64V,G_S66L,G_W67A,G_S70N,G_T71F,G_G78N,G_N97H","1CHO:E, F, G, I:I_A12V, I_E16D, I_E40D, I_E7D, I_G29S, I_K26T, I_L45I, I_R18M:PMID=Stephen Ming-teh Lu, PhD Thesis, Purdue University, 2000",0.8746456146240238
"1cho_F_F24N,F_H25L,F_T39P,F_T83S,F_R130S,G_N2A,G_Y23F,G_T26D,G_S41H,G_S42M,G_M44F,G_S47A,G_W67F,G_S70C,G_T71S,G_G78N,G_N97G_I_E, F, G",-9.704813957214355,-11.295282173156739,"F_F24N,F_H25L,F_T39P,F_T83S,F_R130S,G_N2A,G_Y23F,G_T26D,G_S41H,G_S42M,G_M44F,G_S47A,G_W67F,G_S70C,G_T71S,G_G78N,G_N97G","1CHO:E, F, G, I:I_A12V, I_E16D, I_E40D, I_E7D, I_G29S, I_K26T, I_L45I, I_R18M:PMID=Stephen Ming-teh Lu, PhD Thesis, Purdue University, 2000",1.5904682159423835
"1cho_F_Q19N,F_F24E,F_H25L,F_G127T,F_R130K,G_N2L,G_Y23F,G_T26N,G_S42I,G_M44W,G_V65R,G_W67Y,G_S70H,G_T71S,G_G78D_I_E, F, G",-9.704813957214355,-11.970252990722656,"F_Q19N,F_F24E,F_H25L,F_G127T,F_R130K,G_N2L,G_Y23F,G_T26N,G_S42I,G_M44W,G_V65R,G_W67Y,G_S70H,G_T71S,G_G78D","1CHO:E, F, G, I:I_A12V, I_E16D, I_E40D, I_E7D, I_G29S, I_K26T, I_L45I, I_R18M:PMID=Stephen Ming-teh Lu, PhD Thesis, Purdue University, 2000",2.265439033508301
"1cho_F_Q19R,F_F24L,F_H25L,F_C27A,F_A41V,F_C43S,F_R130S,G_N2S,G_T26N,G_S42A,G_M44S,G_G45K,G_S47Q,G_I64V,G_S66V,G_W67L,G_S70N,G_T71F,G_G78D_I_E, F, G",-9.704813957214355,-10.996769523620605,"F_Q19R,F_F24L,F_H25L,F_C27A,F_A41V,F_C43S,F_R130S,G_N2S,G_T26N,G_S42A,G_M44S,G_G45K,G_S47Q,G_I64V,G_S66V,G_W67L,G_S70N,G_T71F,G_G78D","1CHO:E, F, G, I:I_A12V, I_E16D, I_E40D, I_E7D, I_G29S, I_K26T, I_L45I, I_R18M:PMID=Stephen Ming-teh Lu, PhD Thesis, Purdue University, 2000",1.2919555664062496
"1cho_F_Q19R,F_F24N,F_H25L,F_T83G,F_R130G,G_N2K,G_Y23F,G_T26L,G_S42A,G_M44Y,G_S47A,G_I64V,G_S69Q,G_S70A,G_T71G,G_G78D,G_N97L_I_E, F, G",-9.704813957214355,-11.173028373718262,"F_Q19R,F_F24N,F_H25L,F_T83G,F_R130G,G_N2K,G_Y23F,G_T26L,G_S42A,G_M44Y,G_S47A,G_I64V,G_S69Q,G_S70A,G_T71G,G_G78D,G_N97L","1CHO:E, F, G, I:I_A12V, I_E16D, I_E40D, I_E7D, I_G29S, I_K26T, I_L45I, I_R18M:PMID=Stephen Ming-teh Lu, PhD Thesis, Purdue University, 2000",1.4682144165039066
"1cho_F_Q19R,F_F24Q,F_H25R,F_T39S,F_H42Y,F_R130S,G_N2G,G_T26S,G_S42M,G_M44Y,G_S47A,G_I64V,G_S70D,G_T71N,G_G78N,G_N97Q_I_E, F, G",-9.704813957214355,-11.132927513122558,"F_Q19R,F_F24Q,F_H25R,F_T39S,F_H42Y,F_R130S,G_N2G,G_T26S,G_S42M,G_M44Y,G_S47A,G_I64V,G_S70D,G_T71N,G_G78N,G_N97Q","1CHO:E, F, G, I:I_A12V, I_E16D, I_E40D, I_E7D, I_G29S, I_K26T, I_L45I, I_R18M:PMID=Stephen Ming-teh Lu, PhD Thesis, Purdue University, 2000",1.4281135559082028
"1cho_F_Q19V,F_F24N,F_H25R,F_C27A,F_C43S,F_T83S,F_R130N,G_N2G,G_T26D,G_S42Q,G_M44A,G_S47H,G_S66T,G_W67F,G_G78D_I_E, F, G",-9.704813957214355,-10.397774505615235,"F_Q19V,F_F24N,F_H25R,F_C27A,F_C43S,F_T83S,F_R130N,G_N2G,G_T26D,G_S42Q,G_M44A,G_S47H,G_S66T,G_W67F,G_G78D","1CHO:E, F, G, I:I_A12V, I_E16D, I_E40D, I_E7D, I_G29S, I_K26T, I_L45I, I_R18M:PMID=Stephen Ming-teh Lu, PhD Thesis, Purdue University, 2000",0.6929605484008796
"1cho_F_Q19V,F_G23E,F_H25V,F_C27A,F_C43A,F_R130K,G_T26I,G_S41H,G_S42M,G_M44Y,G_G45S,G_D46G,G_S47V,G_V65N,G_S70D,G_T71S,G_G78D_I_E, F, G",-9.704813957214355,-11.57735481262207,"F_Q19V,F_G23E,F_H25V,F_C27A,F_C43A,F_R130K,G_T26I,G_S41H,G_S42M,G_M44Y,G_G45S,G_D46G,G_S47V,G_V65N,G_S70D,G_T71S,G_G78D","1CHO:E, F, G, I:I_A12V, I_E16D, I_E40D, I_E7D, I_G29S, I_K26T, I_L45I, I_R18M:PMID=Stephen Ming-teh Lu, PhD Thesis, Purdue University, 2000",1.8725408554077152
"1jrh_H_T31D,H_Y32P,H_G33E,H_M34Q,H_D57E,H_K59A,H_A101T,H_P102C,H_F103R,H_Y104V,H_G105M,L_S1M,L_Q90T,L_W92Y,L_S93Q,L_K167Q_I_H, L",-9.588382720947266,-10.201351356506347,"H_T31D,H_Y32P,H_G33E,H_M34Q,H_D57E,H_K59A,H_A101T,H_P102C,H_F103R,H_Y104V,H_G105M,L_S1M,L_Q90T,L_W92Y,L_S93Q,L_K167Q","1JRH:H, I, L:I_W72F:PMID=9878445",0.6129686355590813
"1jrh_H_T31D,H_Y32R,H_M34Q,H_I53V,H_D57N,H_K59S,H_A101Q,H_P102W,H_F103I,H_Y104R,H_G105R,L_S1T,L_Q90S,L_W92E,L_T94L_I_H, L",-9.588382720947266,-9.181830024719238,"H_T31D,H_Y32R,H_M34Q,H_I53V,H_D57N,H_K59S,H_A101Q,H_P102W,H_F103I,H_Y104R,H_G105R,L_S1T,L_Q90S,L_W92E,L_T94L","1JRH:H, I, L:I_W72F:PMID=9878445",-0.4065526962280277
"1jrh_H_T31E,H_M34Q,H_D57G,H_A101K,H_P102N,H_F103W,H_Y104I,H_N106D,L_S1K,L_Q90C,L_W92V,L_S93A,L_T94G,L_K167V_I_H, L",-9.588382720947266,-9.31944580078125,"H_T31E,H_M34Q,H_D57G,H_A101K,H_P102N,H_F103W,H_Y104I,H_N106D,L_S1K,L_Q90C,L_W92V,L_S93A,L_T94G,L_K167V","1JRH:H, I, L:I_W72F:PMID=9878445",-0.26893692016601634
"1jrh_H_T31E,H_M34Y,H_D57N,H_K59T,H_A101K,H_P102N,H_F103S,H_Y104T,H_G105Y,H_N106D,L_S26R,L_Q90S,L_Y91F,L_W92Y,L_S93E,L_T94N,L_K167V_I_H, L",-9.588382720947266,-9.596600532531738,"H_T31E,H_M34Y,H_D57N,H_K59T,H_A101K,H_P102N,H_F103S,H_Y104T,H_G105Y,H_N106D,L_S26R,L_Q90S,L_Y91F,L_W92Y,L_S93E,L_T94N,L_K167V","1JRH:H, I, L:I_W72F:PMID=9878445",0.008217811584472656
"1jrh_H_T31V,H_Y32V,H_M34E,H_A101F,H_P102S,H_F103R,H_Y104R,H_G105L,H_N106Q,L_S1P,L_Q90S,L_W92A,L_S93E,L_T94Q,L_K167R_I_H, L",-9.588382720947266,-9.272089385986328,"H_T31V,H_Y32V,H_M34E,H_A101F,H_P102S,H_F103R,H_Y104R,H_G105L,H_N106Q,L_S1P,L_Q90S,L_W92A,L_S93E,L_T94Q,L_K167R","1JRH:H, I, L:I_W72F:PMID=9878445",-0.31629333496093714
"1jrh_H_Y32P,H_M34E,H_I53V,H_D57N,H_K59V,H_A101K,H_P102G,H_F103V,H_Y104F,H_N106E,L_S1L,L_Q90A,L_W92A,L_T94Q,L_K167R_I_H, L",-9.588382720947266,-9.173129463195801,"H_Y32P,H_M34E,H_I53V,H_D57N,H_K59V,H_A101K,H_P102G,H_F103V,H_Y104F,H_N106E,L_S1L,L_Q90A,L_W92A,L_T94Q,L_K167R","1JRH:H, I, L:I_W72F:PMID=9878445",-0.4152532577514645
"1jrh_H_Y32S,H_M34E,H_I53C,H_D57T,H_K59T,H_A101T,H_F103K,H_Y104L,H_G105F,L_S1I,L_Q90S,L_W92M,L_S93E,L_T94N,L_K167V_I_H, L",-9.588382720947266,-9.695487976074219,"H_Y32S,H_M34E,H_I53C,H_D57T,H_K59T,H_A101T,H_F103K,H_Y104L,H_G105F,L_S1I,L_Q90S,L_W92M,L_S93E,L_T94N,L_K167V","1JRH:H, I, L:I_W72F:PMID=9878445",0.10710525512695312
"1jrh_H_Y32V,H_M34Q,H_A101T,H_P102D,H_F103R,H_Y104K,H_G105V,H_N106V,L_S1M,L_W92Y,L_S93T,L_T94Q,L_K167S_I_H, L",-9.588382720947266,-9.924499893188477,"H_Y32V,H_M34Q,H_A101T,H_P102D,H_F103R,H_Y104K,H_G105V,H_N106V,L_S1M,L_W92Y,L_S93T,L_T94Q,L_K167S","1JRH:H, I, L:I_W72F:PMID=9878445",0.3361171722412113
"1jtd_A_Q73P,A_L76I,A_E78P,A_T83S,A_E84I,A_K85Q,A_H86K,A_L87K,A_T88C,A_T102N,A_M103Y,A_D188A,A_A191S,A_G192Q,A_K208E,A_S209A,A_A211N,A_R214H,A_S216A,A_A242S,A_T243S,A_M244R_B_A",-16.12983512878418,-13.523099136352538,"A_Q73P,A_L76I,A_E78P,A_T83S,A_E84I,A_K85Q,A_H86K,A_L87K,A_T88C,A_T102N,A_M103Y,A_D188A,A_A191S,A_G192Q,A_K208E,A_S209A,A_A211N,A_R214H,A_S216A,A_A242S,A_T243S,A_M244R","1JTD:A, B::PMID=24947275",-2.6067359924316413
"1jtd_A_S72G,A_Q73R,A_D75Q,A_L76I,A_V77P,A_T83S,A_E84P,A_K85R,A_H86Y,A_T88I,A_T102Q,A_M103W,A_D188S,A_K189R,A_G192D,A_S216A,A_A242K,A_T243S,A_M244S_B_A",-16.12983512878418,-13.279899597167969,"A_S72G,A_Q73R,A_D75Q,A_L76I,A_V77P,A_T83S,A_E84P,A_K85R,A_H86Y,A_T88I,A_T102Q,A_M103W,A_D188S,A_K189R,A_G192D,A_S216A,A_A242K,A_T243S,A_M244S","1JTD:A, B::PMID=24947275",-2.849935531616211
"1jtd_A_S72T,A_Q73H,A_V77I,A_E78A,A_P81Q,A_T83S,A_E84D,A_K85R,A_L87V,A_T88K,A_D188C,A_K189L,A_V190L,A_A191S,A_G192H,A_S209N,A_A211S,A_S216A,A_A242S,A_T243S,A_M244N_B_A",-16.12983512878418,-13.247879028320312,"A_S72T,A_Q73H,A_V77I,A_E78A,A_P81Q,A_T83S,A_E84D,A_K85R,A_L87V,A_T88K,A_D188C,A_K189L,A_V190L,A_A191S,A_G192H,A_S209N,A_A211S,A_S216A,A_A242S,A_T243S,A_M244N","1JTD:A, B::PMID=24947275",-2.881956100463867
"1jtd_A_S72T,A_Q73V,A_L76I,A_E78P,A_T83S,A_E84V,A_K85S,A_T88V,A_T102R,A_M103F,A_D188A,A_K189E,A_A191T,A_G192E,A_K208Q,A_A211F,A_R214K,A_S216A,A_A242K,A_T243S,A_M244I_B_A",-16.12983512878418,-13.415694999694825,"A_S72T,A_Q73V,A_L76I,A_E78P,A_T83S,A_E84V,A_K85S,A_T88V,A_T102R,A_M103F,A_D188A,A_K189E,A_A191T,A_G192E,A_K208Q,A_A211F,A_R214K,A_S216A,A_A242K,A_T243S,A_M244I","1JTD:A, B::PMID=24947275",-2.7141401290893548
"1jtd_A_Y71F,A_S72G,A_Q73P,A_E78P,A_T83S,A_E84K,A_K85Q,A_T88S,A_T102C,A_M103H,A_D188A,A_K189R,A_A191S,A_G192D,A_K208G,A_A211N,A_R214H,A_S216A,A_T243S,A_M244Q_B_A",-16.12983512878418,-13.639345741271972,"A_Y71F,A_S72G,A_Q73P,A_E78P,A_T83S,A_E84K,A_K85Q,A_T88S,A_T102C,A_M103H,A_D188A,A_K189R,A_A191S,A_G192D,A_K208G,A_A211N,A_R214H,A_S216A,A_T243S,A_M244Q","1JTD:A, B::PMID=24947275",-2.4904893875122074
"1jtd_A_Y71F,A_S72G,A_Q73P,A_L76I,A_E78R,A_T83S,A_E84R,A_K85R,A_L87F,A_T88E,A_T102C,A_M103Y,A_D188S,A_K189R,A_S209A,A_A211S,A_S216F,A_T243S,A_M244D_B_A",-16.12983512878418,-13.818546867370605,"A_Y71F,A_S72G,A_Q73P,A_L76I,A_E78R,A_T83S,A_E84R,A_K85R,A_L87F,A_T88E,A_T102C,A_M103Y,A_D188S,A_K189R,A_S209A,A_A211S,A_S216F,A_T243S,A_M244D","1JTD:A, B::PMID=24947275",-2.3112882614135746
"1jtd_A_Y71F,A_S72G,A_Q73S,A_E78F,A_T83S,A_E84Q,A_K85N,A_H86Y,A_L87D,A_T88F,A_M103C,A_D188S,A_K189L,A_V190L,A_A191S,A_A211S,A_A242S,A_T243S,A_M244I_B_A",-16.12983512878418,-13.68346881866455,"A_Y71F,A_S72G,A_Q73S,A_E78F,A_T83S,A_E84Q,A_K85N,A_H86Y,A_L87D,A_T88F,A_M103C,A_D188S,A_K189L,A_V190L,A_A191S,A_A211S,A_A242S,A_T243S,A_M244I","1JTD:A, B::PMID=24947275",-2.446366310119629
"1jtd_A_Y71F,A_S72T,A_Q73H,A_L76I,A_V77P,A_T83S,A_E84K,A_K85V,A_H86K,A_L87I,A_T88K,A_T102R,A_M103F,A_D188N,A_K189Q,A_V190L,A_S209D,A_A211H,A_S216A,A_M244V_B_A",-16.12983512878418,-13.944888496398926,"A_Y71F,A_S72T,A_Q73H,A_L76I,A_V77P,A_T83S,A_E84K,A_K85V,A_H86K,A_L87I,A_T88K,A_T102R,A_M103F,A_D188N,A_K189Q,A_V190L,A_S209D,A_A211H,A_S216A,A_M244V","1JTD:A, B::PMID=24947275",-2.1849466323852536
"1jtg_A_M43A,A_M44G,A_S73G,A_Q74E,A_N75E,A_V78H,A_Y80F,A_T84S,A_E85Y,A_K86E,A_R95H,A_S99Q,A_I102G,A_T103N,A_M104S,A_S105A,A_L144Y,A_N145H,A_A188L,A_K189D,A_V190T,A_D207A,A_S209N,A_A211S,A_E213L,A_R214H,A_S216T,A_R217Q,A_T243S,A_M244N_B_A",-8.595683097839355,-9.899030685424805,"A_M43A,A_M44G,A_S73G,A_Q74E,A_N75E,A_V78H,A_Y80F,A_T84S,A_E85Y,A_K86E,A_R95H,A_S99Q,A_I102G,A_T103N,A_M104S,A_S105A,A_L144Y,A_N145H,A_A188L,A_K189D,A_V190T,A_D207A,A_S209N,A_A211S,A_E213L,A_R214H,A_S216T,A_R217Q,A_T243S,A_M244N","1JTG:A, B:B_W150A:PMID=17430899",1.3033475875854492
"1jtg_A_M43Q,A_M44T,A_S73G,A_N75S,A_D76N,A_L77I,A_Y80F,A_P82E,A_T84S,A_E85L,A_K86N,A_R95E,A_C98M,A_S99E,A_T103S,A_M104H,A_E141Y,A_L144E,A_A188H,A_K189A,A_V190T,A_D207E,A_K208W,A_A211R,A_E213R,A_R214N,A_S216T,A_R217I,A_T243S,A_M244V_B_A",-8.595683097839355,-10.135565376281738,"A_M43Q,A_M44T,A_S73G,A_N75S,A_D76N,A_L77I,A_Y80F,A_P82E,A_T84S,A_E85L,A_K86N,A_R95E,A_C98M,A_S99E,A_T103S,A_M104H,A_E141Y,A_L144E,A_A188H,A_K189A,A_V190T,A_D207E,A_K208W,A_A211R,A_E213R,A_R214N,A_S216T,A_R217I,A_T243S,A_M244V","1JTG:A, B:B_W150A:PMID=17430899",1.5398822784423825
"1jtg_A_M43T,A_M44A,A_S73D,A_Q74E,A_N75D,A_L77I,A_V83I,A_K86R,A_L88M,A_R95K,A_S99H,A_T103N,A_M104H,A_L144M,A_N145H,A_A188W,A_K189D,A_V190T,A_D207A,A_S209N,A_A211K,A_E213R,A_R214N,A_S216T,A_R217Q,A_T243G,A_M244Q_B_A",-8.595683097839355,-10.842323493957519,"A_M43T,A_M44A,A_S73D,A_Q74E,A_N75D,A_L77I,A_V83I,A_K86R,A_L88M,A_R95K,A_S99H,A_T103N,A_M104H,A_L144M,A_N145H,A_A188W,A_K189D,A_V190T,A_D207A,A_S209N,A_A211K,A_E213R,A_R214N,A_S216T,A_R217Q,A_T243G,A_M244Q","1JTG:A, B:B_W150A:PMID=17430899",2.2466403961181634
"1jtg_A_M43T,A_M44A,A_S73G,A_Q74A,A_N75S,A_L77I,A_Y80T,A_E85L,A_K86T,A_R95D,A_S99E,A_T103N,A_M104W,A_E141Q,A_N145H,A_A188K,A_K189S,A_V190M,A_D207Q,A_R214N,A_S216A,A_R217I,A_T243S,A_M244A_B_A",-8.595683097839355,-9.944356727600098,"A_M43T,A_M44A,A_S73G,A_Q74A,A_N75S,A_L77I,A_Y80T,A_E85L,A_K86T,A_R95D,A_S99E,A_T103N,A_M104W,A_E141Q,A_N145H,A_A188K,A_K189S,A_V190M,A_D207Q,A_R214N,A_S216A,A_R217I,A_T243S,A_M244A","1JTG:A, B:B_W150A:PMID=17430899",1.348673629760743
"1jtg_A_M43T,A_M44T,A_S73G,A_Q74S,A_N75G,A_L77I,A_V78C,A_Y80D,A_P82E,A_T84S,A_E85T,A_K86R,A_L88M,A_R95E,A_S99E,A_T103N,A_M104Q,A_S105N,A_E141S,A_L144F,A_N145V,A_A188D,A_K189S,A_D207S,A_A211R,A_E213Q,A_R214A,A_S216T,A_R217L,A_T243S,A_M244L_B_A",-8.595683097839355,-9.192773246765137,"A_M43T,A_M44T,A_S73G,A_Q74S,A_N75G,A_L77I,A_V78C,A_Y80D,A_P82E,A_T84S,A_E85T,A_K86R,A_L88M,A_R95E,A_S99E,A_T103N,A_M104Q,A_S105N,A_E141S,A_L144F,A_N145V,A_A188D,A_K189S,A_D207S,A_A211R,A_E213Q,A_R214A,A_S216T,A_R217L,A_T243S,A_M244L","1JTG:A, B:B_W150A:PMID=17430899",0.5970901489257816
"1jtg_A_M44A,A_S73G,A_Q74F,A_N75D,A_E79Q,A_Y80T,A_S81D,A_E85S,A_K86W,A_R95D,A_S99Q,A_T103P,A_M104H,A_E141M,A_L144S,A_A188H,A_K189S,A_V190T,A_D207A,A_S209N,A_A211E,A_R214N,A_S216T,A_R217K,A_M244K_B_A",-8.595683097839355,-9.502599143981934,"A_M44A,A_S73G,A_Q74F,A_N75D,A_E79Q,A_Y80T,A_S81D,A_E85S,A_K86W,A_R95D,A_S99Q,A_T103P,A_M104H,A_E141M,A_L144S,A_A188H,A_K189S,A_V190T,A_D207A,A_S209N,A_A211E,A_R214N,A_S216T,A_R217K,A_M244K","1JTG:A, B:B_W150A:PMID=17430899",0.9069160461425785
"1jtg_A_M44D,A_S73G,A_Q74P,A_N75E,A_L77I,A_T84S,A_E85L,A_K86Q,A_L88I,A_R95D,A_S99Q,A_T103D,A_M104D,A_L144R,A_N145A,A_A188K,A_K189R,A_V190T,A_D207E,A_A211S,A_E213R,A_R214Q,A_R217Q,A_T243S,A_M244A_B_A",-8.595683097839355,-10.04683895111084,"A_M44D,A_S73G,A_Q74P,A_N75E,A_L77I,A_T84S,A_E85L,A_K86Q,A_L88I,A_R95D,A_S99Q,A_T103D,A_M104D,A_L144R,A_N145A,A_A188K,A_K189R,A_V190T,A_D207E,A_A211S,A_E213R,A_R214Q,A_R217Q,A_T243S,A_M244A","1JTG:A, B:B_W150A:PMID=17430899",1.4511558532714837
"1jtg_A_M44G,A_S73G,A_Q74A,A_N75H,A_D76A,A_L77I,A_V78R,A_P82D,A_V83S,A_E85T,A_K86N,A_L88C,A_R95K,A_S99R,A_T103S,A_M104L,A_S105H,A_P142L,A_L144N,A_N145Y,A_A188K,A_K189E,A_V190R,A_D207E,A_G210A,A_E213R,A_R214A,A_S216T,A_R217K,A_T243S,A_M244R_B_A",-8.595683097839355,-9.963426399230958,"A_M44G,A_S73G,A_Q74A,A_N75H,A_D76A,A_L77I,A_V78R,A_P82D,A_V83S,A_E85T,A_K86N,A_L88C,A_R95K,A_S99R,A_T103S,A_M104L,A_S105H,A_P142L,A_L144N,A_N145Y,A_A188K,A_K189E,A_V190R,A_D207E,A_G210A,A_E213R,A_R214A,A_S216T,A_R217K,A_T243S,A_M244R","1JTG:A, B:B_W150A:PMID=17430899",1.3677433013916023
"1mhp_H_R31S,H_T50Q,H_I51V,H_G53P,H_G54S,H_H56I,H_T57A,H_R97V,H_F99W,H_G100I,H_D101C,L_S27T,L_V28S,L_N29S,L_W89S,L_S90D,L_G91Y,L_N92L_A_H, L",-11.13234806060791,-9.677024650573731,"H_R31S,H_T50Q,H_I51V,H_G53P,H_G54S,H_H56I,H_T57A,H_R97V,H_F99W,H_G100I,H_D101C,L_S27T,L_V28S,L_N29S,L_W89S,L_S90D,L_G91Y,L_N92L","1MHP:A, H, L:H_K64D:PMID=16597831",-1.455323410034179
"1mhp_H_S30A,H_R31H,H_T50Q,H_I51V,H_G53S,H_G54H,H_H56A,H_T57E,H_F99S,H_D101T,L_S27P,L_V28A,L_N29P,L_S65A,L_W89S,L_S90F,L_G91F,L_N92F_A_H, L",-11.13234806060791,-9.81493091583252,"H_S30A,H_R31H,H_T50Q,H_I51V,H_G53S,H_G54H,H_H56A,H_T57E,H_F99S,H_D101T,L_S27P,L_V28A,L_N29P,L_S65A,L_W89S,L_S90F,L_G91F,L_N92F","1MHP:A, H, L:H_K64D:PMID=16597831",-1.3174171447753906
"1mhp_H_S30A,H_R31S,H_T50Q,H_G53N,H_G54S,H_H56I,H_T57E,H_F99W,H_D101T,L_S27E,L_V28A,L_N29L,L_W89S,L_S90N,L_G91F,L_N92P_A_H, L",-11.13234806060791,-9.372453498840333,"H_S30A,H_R31S,H_T50Q,H_G53N,H_G54S,H_H56I,H_T57E,H_F99W,H_D101T,L_S27E,L_V28A,L_N29L,L_W89S,L_S90N,L_G91F,L_N92P","1MHP:A, H, L:H_K64D:PMID=16597831",-1.7598945617675774
"1mhp_H_S30D,H_A49S,H_T50Q,H_G53P,H_G54H,H_H56F,H_T57E,H_F99L,H_G100F,H_D101T,L_S27P,L_V28T,L_N29E,L_W89D,L_S90N,L_G91H,L_N92W_A_H, L",-11.13234806060791,-9.534992980957032,"H_S30D,H_A49S,H_T50Q,H_G53P,H_G54H,H_H56F,H_T57E,H_F99L,H_G100F,H_D101T,L_S27P,L_V28T,L_N29E,L_W89D,L_S90N,L_G91H,L_N92W","1MHP:A, H, L:H_K64D:PMID=16597831",-1.5973550796508782
"1mhp_H_S30E,H_R31P,H_Y32A,H_A49S,H_T50Q,H_G53P,H_G54S,H_H56T,H_R97K,H_F99N,H_G100Q,H_D101T,L_V28A,L_N29E,L_W89D,L_S90T,L_G91Y,L_N92F_A_H, L",-11.13234806060791,-9.465339660644531,"H_S30E,H_R31P,H_Y32A,H_A49S,H_T50Q,H_G53P,H_G54S,H_H56T,H_R97K,H_F99N,H_G100Q,H_D101T,L_V28A,L_N29E,L_W89D,L_S90T,L_G91Y,L_N92F","1MHP:A, H, L:H_K64D:PMID=16597831",-1.667008399963379
"1mhp_H_S30E,H_R31Q,H_A49S,H_T50Q,H_G53P,H_G54Q,H_H56I,H_T57Q,H_F99W,H_D101T,L_V28T,L_N29A,L_W89S,L_S90Q,L_G91Q,L_N92Q_A_H, L",-11.13234806060791,-9.338672065734864,"H_S30E,H_R31Q,H_A49S,H_T50Q,H_G53P,H_G54Q,H_H56I,H_T57Q,H_F99W,H_D101T,L_V28T,L_N29A,L_W89S,L_S90Q,L_G91Q,L_N92Q","1MHP:A, H, L:H_K64D:PMID=16597831",-1.7936759948730465
"1mhp_H_S30E,H_T50Q,H_I51V,H_G53P,H_G54H,H_H56V,H_R97K,H_F99V,H_D101C,L_S27P,L_V28T,L_N29W,L_W89S,L_S90A,L_G91H,L_N92L_A_H, L",-11.13234806060791,-9.77376480102539,"H_S30E,H_T50Q,H_I51V,H_G53P,H_G54H,H_H56V,H_R97K,H_F99V,H_D101C,L_S27P,L_V28T,L_N29W,L_W89S,L_S90A,L_G91H,L_N92L","1MHP:A, H, L:H_K64D:PMID=16597831",-1.3585832595825202
"1mhp_H_S30N,H_Y32F,H_T50Q,H_G53S,H_G54I,H_H56N,H_F99M,H_G100F,H_D101R,L_S27N,L_V28S,L_N29S,L_W89D,L_S90H,L_G91Y,L_N92F_A_H, L",-11.13234806060791,-9.792080307006836,"H_S30N,H_Y32F,H_T50Q,H_G53S,H_G54I,H_H56N,H_F99M,H_G100F,H_D101R,L_S27N,L_V28S,L_N29S,L_W89D,L_S90H,L_G91Y,L_N92F","1MHP:A, H, L:H_K64D:PMID=16597831",-1.3402677536010739
"1mi5_A_D61A,A_R62A,A_T64A,A_Q65A,A_I66K,A_K68N,A_T69E,A_T71M,A_Q72F,A_D74Y,A_R75D,A_L78I,A_R79A,A_R145K,A_K146N,A_R151I,A_A153H,A_D156I,A_A158S,A_L160Y,C_F1S,C_R3F,C_R5F,C_A6T,C_Y7W,C_G8A_D, E_A, C",-5.924519062042236,-5.161988735198975,"A_D61A,A_R62A,A_T64A,A_Q65A,A_I66K,A_K68N,A_T69E,A_T71M,A_Q72F,A_D74Y,A_R75D,A_L78I,A_R79A,A_R145K,A_K146N,A_R151I,A_A153H,A_D156I,A_A158S,A_L160Y,C_F1S,C_R3F,C_R5F,C_A6T,C_Y7W,C_G8A","1MI5:A, C, D, E:D_G96A:PMID=15640805",-0.7625303268432617
"1mi5_A_D61A,A_R62A,A_T64A,A_Q65A,A_I66V,A_T69A,A_T71E,A_Q72D,A_D74L,A_R75A,A_R79E,A_R145N,A_E148D,A_A149E,A_A150I,A_R151N,A_A153W,A_E154S,A_Q155P,A_D156V,A_R157V,A_L160I,A_E161Q,C_F1M,C_L2I,C_R3M,C_R5V,C_A6V,C_Y7P,C_G8A_D, E_A, C",-5.924519062042236,-5.156242179870605,"A_D61A,A_R62A,A_T64A,A_Q65A,A_I66V,A_T69A,A_T71E,A_Q72D,A_D74L,A_R75A,A_R79E,A_R145N,A_E148D,A_A149E,A_A150I,A_R151N,A_A153W,A_E154S,A_Q155P,A_D156V,A_R157V,A_L160I,A_E161Q,C_F1M,C_L2I,C_R3M,C_R5V,C_A6V,C_Y7P,C_G8A","1MI5:A, C, D, E:D_G96A:PMID=15640805",-0.768276882171631
"1mi5_A_D61A,A_R62K,A_N63M,A_T64D,A_Q65R,A_K68E,A_T71K,A_Q72W,A_D74M,A_R75G,A_E76M,A_R79D,A_K146R,A_A149Q,A_A150N,A_R151K,A_E154D,A_D156L,A_R157A,A_A158N,A_E161R,C_F1M,C_R3M,C_A6V,C_Y7E,C_G8S_D, E_A, C",-5.924519062042236,-5.223438930511475,"A_D61A,A_R62K,A_N63M,A_T64D,A_Q65R,A_K68E,A_T71K,A_Q72W,A_D74M,A_R75G,A_E76M,A_R79D,A_K146R,A_A149Q,A_A150N,A_R151K,A_E154D,A_D156L,A_R157A,A_A158N,A_E161R,C_F1M,C_R3M,C_A6V,C_Y7E,C_G8S","1MI5:A, C, D, E:D_G96A:PMID=15640805",-0.7010801315307615
"1mi5_A_D61A,A_R62L,A_N63Q,A_T64E,A_Q65S,A_I66E,A_T71Q,A_Q72Y,A_D74Y,A_R75K,A_R79F,A_K146M,A_E148D,A_A149K,A_R151N,A_A153S,A_Q155R,A_D156Y,A_R157A,A_A158D,A_E161H,C_F1I,C_R3E,C_R5I,C_A6S,C_Y7F,C_G8S_D, E_A, C",-5.869715213775635,-5.997181606292725,"A_D61A,A_R62L,A_N63Q,A_T64E,A_Q65S,A_I66E,A_T71Q,A_Q72Y,A_D74Y,A_R75K,A_R79F,A_K146M,A_E148D,A_A149K,A_R151N,A_A153S,A_Q155R,A_D156Y,A_R157A,A_A158D,A_E161H,C_F1I,C_R3E,C_R5I,C_A6S,C_Y7F,C_G8S","1MI5:A, C, D, E:E_E52A:PMID=15640805",0.12746639251709002
"1mi5_A_D61E,A_R62F,A_T64W,A_Q65R,A_I66V,A_K68Q,A_Q72C,A_D74F,A_R75K,A_R79M,A_R145S,A_K146R,A_E148N,A_A149S,A_A150W,A_R151K,A_A153S,A_Q155R,A_D156Y,A_A158S,A_E161Q,A_G162E,C_F1K,C_R3M,C_R5T,C_A6T,C_G8A_D, E_A, C",-5.924519062042236,-5.6865989685058596,"A_D61E,A_R62F,A_T64W,A_Q65R,A_I66V,A_K68Q,A_Q72C,A_D74F,A_R75K,A_R79M,A_R145S,A_K146R,A_E148N,A_A149S,A_A150W,A_R151K,A_A153S,A_Q155R,A_D156Y,A_A158S,A_E161Q,A_G162E,C_F1K,C_R3M,C_R5T,C_A6T,C_G8A","1MI5:A, C, D, E:D_G96A:PMID=15640805",-0.23792009353637678
"1mi5_A_D61E,A_R62H,A_T64L,A_Q65S,A_I66V,A_K68H,A_T69A,A_D74Y,A_R75Q,A_R79A,A_R145A,A_E148S,A_A149F,A_A150Q,A_A153W,A_Q155K,A_D156V,A_R157K,A_A158S,A_E161Q,C_F1M,C_R3M,C_R5Q,C_A6V,C_Y7H,C_G8S_D, E_A, C",-5.869715213775635,-5.245800590515136,"A_D61E,A_R62H,A_T64L,A_Q65S,A_I66V,A_K68H,A_T69A,A_D74Y,A_R75Q,A_R79A,A_R145A,A_E148S,A_A149F,A_A150Q,A_A153W,A_Q155K,A_D156V,A_R157K,A_A158S,A_E161Q,C_F1M,C_R3M,C_R5Q,C_A6V,C_Y7H,C_G8S","1MI5:A, C, D, E:E_E52A:PMID=15640805",-0.6239146232604984
"1mi5_A_D61E,A_R62K,A_N63Q,A_T64M,A_Q65M,A_F67R,A_K68E,A_Q72I,A_D74M,A_R75L,A_R79Q,A_R145E,A_K146R,A_A149K,A_A150L,A_R151H,A_Q155S,A_D156I,A_R157E,A_A158E,A_L160I,A_E161V,C_F1I,C_R3Y,C_R5N,C_A6P,C_Y7K,C_G8S_D, E_A, C",-5.869715213775635,-4.8166969299316404,"A_D61E,A_R62K,A_N63Q,A_T64M,A_Q65M,A_F67R,A_K68E,A_Q72I,A_D74M,A_R75L,A_R79Q,A_R145E,A_K146R,A_A149K,A_A150L,A_R151H,A_Q155S,A_D156I,A_R157E,A_A158E,A_L160I,A_E161V,C_F1I,C_R3Y,C_R5N,C_A6P,C_Y7K,C_G8S","1MI5:A, C, D, E:E_E52A:PMID=15640805",-1.0530182838439943
"1mi5_A_D61E,A_T64E,A_Q65S,A_K68R,A_T69A,A_Q72G,A_D74F,A_R75S,A_R79A,A_R145A,A_E148D,A_A149T,A_A150G,A_E154P,A_Q155A,A_D156L,A_R157A,A_A158E,A_G162T,C_F1M,C_R3F,C_R5A,C_A6H,C_G8A_D, E_A, C",-5.924519062042236,-5.411892604827881,"A_D61E,A_T64E,A_Q65S,A_K68R,A_T69A,A_Q72G,A_D74F,A_R75S,A_R79A,A_R145A,A_E148D,A_A149T,A_A150G,A_E154P,A_Q155A,A_D156L,A_R157A,A_A158E,A_G162T,C_F1M,C_R3F,C_R5A,C_A6H,C_G8A","1MI5:A, C, D, E:D_G96A:PMID=15640805",-0.5126264572143553
"1mi5_A_D61E,A_T64W,A_Q65S,A_I66V,A_F67Y,A_K68H,A_T69W,A_T71E,A_Q72V,A_D74F,A_R75E,A_E76G,A_R79E,A_R145E,A_K146R,A_E148T,A_A149T,A_A150L,A_R151E,A_A153S,A_E154A,A_Q155R,A_D156V,A_R157Q,A_A158S,A_E161T,C_F1P,C_R3F,C_A6T,C_Y7L,C_G8K_D, E_A, C",-5.869715213775635,-5.544097900390625,"A_D61E,A_T64W,A_Q65S,A_I66V,A_F67Y,A_K68H,A_T69W,A_T71E,A_Q72V,A_D74F,A_R75E,A_E76G,A_R79E,A_R145E,A_K146R,A_E148T,A_A149T,A_A150L,A_R151E,A_A153S,A_E154A,A_Q155R,A_D156V,A_R157Q,A_A158S,A_E161T,C_F1P,C_R3F,C_A6T,C_Y7L,C_G8K","1MI5:A, C, D, E:E_E52A:PMID=15640805",-0.32561731338500977
"1mi5_A_D61K,A_N63Q,A_Q65T,A_F67Y,A_K68Q,A_Q72V,A_D74E,A_R75D,A_E76Y,A_R79G,A_R145Q,A_K146V,A_E148N,A_A149K,A_R151K,A_A153E,A_E154K,A_Q155A,A_D156Y,A_A158S,C_F1L,C_R3Y,C_R5N,C_A6V,C_Y7F_D, E_A, C",-5.869715213775635,-5.248374080657959,"A_D61K,A_N63Q,A_Q65T,A_F67Y,A_K68Q,A_Q72V,A_D74E,A_R75D,A_E76Y,A_R79G,A_R145Q,A_K146V,A_E148N,A_A149K,A_R151K,A_A153E,A_E154K,A_Q155A,A_D156Y,A_A158S,C_F1L,C_R3Y,C_R5N,C_A6V,C_Y7F","1MI5:A, C, D, E:E_E52A:PMID=15640805",-0.6213411331176761
"1mi5_A_D61N,A_R62E,A_N63D,A_T64E,A_Q65N,A_F67Q,A_K68N,A_T69A,A_T71R,A_Q72L,A_D74Y,A_R75L,A_R79A,A_R145K,A_K146R,A_E148D,A_A153E,A_E154T,A_Q155S,A_D156V,A_A158S,A_L160I,C_F1R,C_R3F,C_R5N,C_A6T,C_G8S_D, E_A, C",-5.924519062042236,-5.2705078125,"A_D61N,A_R62E,A_N63D,A_T64E,A_Q65N,A_F67Q,A_K68N,A_T69A,A_T71R,A_Q72L,A_D74Y,A_R75L,A_R79A,A_R145K,A_K146R,A_E148D,A_A153E,A_E154T,A_Q155S,A_D156V,A_A158S,A_L160I,C_F1R,C_R3F,C_R5N,C_A6T,C_G8S","1MI5:A, C, D, E:D_G96A:PMID=15640805",-0.6540112495422363
"1mi5_A_D61N,A_R62N,A_N63Q,A_T64W,A_Q65F,A_K68G,A_T71L,A_Q72I,A_D74M,A_R75E,A_R145K,A_K146R,A_A149S,A_R151K,A_A153W,A_Q155S,A_D156Y,A_A158K,A_G162T,C_F1M,C_R3F,C_R5A,C_A6S,C_Y7H,C_G8S_D, E_A, C",-5.869715213775635,-5.531260204315186,"A_D61N,A_R62N,A_N63Q,A_T64W,A_Q65F,A_K68G,A_T71L,A_Q72I,A_D74M,A_R75E,A_R145K,A_K146R,A_A149S,A_R151K,A_A153W,A_Q155S,A_D156Y,A_A158K,A_G162T,C_F1M,C_R3F,C_R5A,C_A6S,C_Y7H,C_G8S","1MI5:A, C, D, E:E_E52A:PMID=15640805",-0.33845500946044904
"1mi5_A_D61R,A_R62E,A_N63Q,A_T64Q,A_Q65E,A_K68R,A_T71M,A_Q72V,A_D74L,A_R75N,A_R79E,A_R145M,A_K146N,A_E148D,A_A149T,A_A150Q,A_R151K,A_Q155G,A_D156M,A_R157A,A_A158S,A_L160I,A_E161R,C_F1S,C_R3Y,C_R5K,C_A6V,C_Y7H,C_G8S_D, E_A, C",-5.924519062042236,-5.28611478805542,"A_D61R,A_R62E,A_N63Q,A_T64Q,A_Q65E,A_K68R,A_T71M,A_Q72V,A_D74L,A_R75N,A_R79E,A_R145M,A_K146N,A_E148D,A_A149T,A_A150Q,A_R151K,A_Q155G,A_D156M,A_R157A,A_A158S,A_L160I,A_E161R,C_F1S,C_R3Y,C_R5K,C_A6V,C_Y7H,C_G8S","1MI5:A, C, D, E:D_G96A:PMID=15640805",-0.6384042739868168
"1mi5_A_D61V,A_R62K,A_N63F,A_T64Q,A_Q65K,A_K68E,A_T69S,A_T71M,A_Q72R,A_D74K,A_R75Y,A_E76V,A_R79K,A_R145V,A_K146S,A_A149K,A_A150Y,A_R151N,A_A153P,A_E154V,A_Q155F,A_D156M,A_R157E,A_A158S,A_L160I,A_E161T,C_F1M,C_R3E,C_R5K,C_Y7F,C_G8P_D, E_A, C",-5.924519062042236,-5.555454254150391,"A_D61V,A_R62K,A_N63F,A_T64Q,A_Q65K,A_K68E,A_T69S,A_T71M,A_Q72R,A_D74K,A_R75Y,A_E76V,A_R79K,A_R145V,A_K146S,A_A149K,A_A150Y,A_R151N,A_A153P,A_E154V,A_Q155F,A_D156M,A_R157E,A_A158S,A_L160I,A_E161T,C_F1M,C_R3E,C_R5K,C_Y7F,C_G8P","1MI5:A, C, D, E:D_G96A:PMID=15640805",-0.3690648078918457
"1mi5_A_N63Q,A_T64N,A_Q65E,A_K68R,A_Q72V,A_D74Y,A_R75N,A_R79S,A_R145K,A_K146R,A_E148D,A_A149S,A_A153Y,A_Q155L,A_D156V,A_R157K,A_A158S,A_G162K,C_F1M,C_R3F,C_A6T,C_G8P_D, E_A, C",-5.869715213775635,-5.783250236511231,"A_N63Q,A_T64N,A_Q65E,A_K68R,A_Q72V,A_D74Y,A_R75N,A_R79S,A_R145K,A_K146R,A_E148D,A_A149S,A_A153Y,A_Q155L,A_D156V,A_R157K,A_A158S,A_G162K,C_F1M,C_R3F,C_A6T,C_G8P","1MI5:A, C, D, E:E_E52A:PMID=15640805",-0.08646497726440394
"1mi5_A_R62M,A_T64R,A_Q65A,A_F67L,A_K68E,A_Q72L,A_D74F,A_R75E,A_R79L,A_R145N,A_K146L,A_E148L,A_A149T,A_A150Y,A_A153H,A_E154D,A_Q155S,A_D156Y,A_R157A,A_L160I,A_E161Q,C_F1M,C_R3L,C_A6V,C_G8A_D, E_A, C",-5.869715213775635,-5.7472635269165036,"A_R62M,A_T64R,A_Q65A,A_F67L,A_K68E,A_Q72L,A_D74F,A_R75E,A_R79L,A_R145N,A_K146L,A_E148L,A_A149T,A_A150Y,A_A153H,A_E154D,A_Q155S,A_D156Y,A_R157A,A_L160I,A_E161Q,C_F1M,C_R3L,C_A6V,C_G8A","1MI5:A, C, D, E:E_E52A:PMID=15640805",-0.12245168685913121
"1n8o_B_K21S,B_F24Y,B_H25R,B_F26Y,B_C27A,B_T39R,B_A41K,B_C43N,B_S81P,B_L82E,C_A1S,C_N2V,C_K22Q,C_T26D,C_C43A,C_M44K,C_I64V,C_S69P,C_S70D,C_T71S,C_C72A,C_S75M,C_G78M_E_A, B, C",-15.611161231994629,-11.521960639953614,"B_K21S,B_F24Y,B_H25R,B_F26Y,B_C27A,B_T39R,B_A41K,B_C43N,B_S81P,B_L82E,C_A1S,C_N2V,C_K22Q,C_T26D,C_C43A,C_M44K,C_I64V,C_S69P,C_S70D,C_T71S,C_C72A,C_S75M,C_G78M","1N8O:A, B, C, E:E_M80L:PMID=8143850",-4.089200592041015
"1n8o_B_Q19A,B_K21S,B_H25Y,B_A41D,B_S81P,B_L82E,C_A1Q,C_N2I,C_K22A,C_T26D,C_S42A,C_C43R,C_M44C,C_G45N,C_S47L,C_I64V,C_V65I,C_S70D,C_C72G,C_G78N,C_N97E_E_A, B, C",-15.611161231994629,-11.398729133605958,"B_Q19A,B_K21S,B_H25Y,B_A41D,B_S81P,B_L82E,C_A1Q,C_N2I,C_K22A,C_T26D,C_S42A,C_C43R,C_M44C,C_G45N,C_S47L,C_I64V,C_V65I,C_S70D,C_C72G,C_G78N,C_N97E","1N8O:A, B, C, E:E_M80L:PMID=8143850",-4.212432098388671
"1n8o_B_Q19M,B_K21R,B_F24Y,B_H25F,B_C27A,B_H42G,B_C43S,B_N80K,B_S81V,B_L82E,C_A1N,C_N2L,C_Y23F,C_T26E,C_S42A,C_M44F,C_S47L,C_I64V,C_W67F,C_S70I,C_T71V,C_S75R,C_G78N_E_A, B, C",-15.611161231994629,-10.974247932434082,"B_Q19M,B_K21R,B_F24Y,B_H25F,B_C27A,B_H42G,B_C43S,B_N80K,B_S81V,B_L82E,C_A1N,C_N2L,C_Y23F,C_T26E,C_S42A,C_M44F,C_S47L,C_I64V,C_W67F,C_S70I,C_T71V,C_S75R,C_G78N","1N8O:A, B, C, E:E_M80L:PMID=8143850",-4.636913299560547
"1n8o_B_Q19M,B_K21Y,B_H25R,B_S81P,B_L82E,C_A1F,C_N2V,C_K22G,C_Y23F,C_T26S,C_S42A,C_M44Q,C_S47D,C_I64V,C_W67F,C_T71N,C_G78D,C_N97G_E_A, B, C",-15.611161231994629,-10.943455123901368,"B_Q19M,B_K21Y,B_H25R,B_S81P,B_L82E,C_A1F,C_N2V,C_K22G,C_Y23F,C_T26S,C_S42A,C_M44Q,C_S47D,C_I64V,C_W67F,C_T71N,C_G78D,C_N97G","1N8O:A, B, C, E:E_M80L:PMID=8143850",-4.667706108093261
"1n8o_B_Q19V,B_K21N,B_F24Y,B_H25K,B_H42S,B_S81D,B_L82I,C_A1R,C_N2S,C_T26D,C_S41L,C_S42T,C_C43A,C_M44N,C_S47L,C_I64V,C_V65C,C_W67G,C_S70N,C_T71R,C_C72A,C_S75N,C_G78N_E_A, B, C",-15.611161231994629,-10.40896167755127,"B_Q19V,B_K21N,B_F24Y,B_H25K,B_H42S,B_S81D,B_L82I,C_A1R,C_N2S,C_T26D,C_S41L,C_S42T,C_C43A,C_M44N,C_S47L,C_I64V,C_V65C,C_W67G,C_S70N,C_T71R,C_C72A,C_S75N,C_G78N","1N8O:A, B, C, E:E_M80L:PMID=8143850",-5.202199554443359
"1n8o_B_Q19V,B_K21N,B_H25R,B_H42S,B_S81P,B_L82S,B_T83S,C_A1S,C_N2V,C_K22Q,C_Y23W,C_T26D,C_S42T,C_M44I,C_S47L,C_I64L,C_V65T,C_S66K,C_W67F,C_S69P,C_S70N,C_T71D,C_S75T,C_G78D,C_N97H_E_A, B, C",-15.611161231994629,-11.181985092163085,"B_Q19V,B_K21N,B_H25R,B_H42S,B_S81P,B_L82S,B_T83S,C_A1S,C_N2V,C_K22Q,C_Y23W,C_T26D,C_S42T,C_M44I,C_S47L,C_I64L,C_V65T,C_S66K,C_W67F,C_S69P,C_S70N,C_T71D,C_S75T,C_G78D,C_N97H","1N8O:A, B, C, E:E_M80L:PMID=8143850",-4.429176139831544
"1n8o_B_Q19V,B_K21S,B_F24Y,B_H25R,B_F26Y,B_T39N,B_H42S,B_L82E,C_A1T,C_N2W,C_K22G,C_Y23F,C_T26D,C_S42T,C_M44Y,C_S47L,C_G48D,C_I64V,C_S70E,C_T71Y,C_S75F,C_G78D_E_A, B, C",-15.611161231994629,-11.23418025970459,"B_Q19V,B_K21S,B_F24Y,B_H25R,B_F26Y,B_T39N,B_H42S,B_L82E,C_A1T,C_N2W,C_K22G,C_Y23F,C_T26D,C_S42T,C_M44Y,C_S47L,C_G48D,C_I64V,C_S70E,C_T71Y,C_S75F,C_G78D","1N8O:A, B, C, E:E_M80L:PMID=8143850",-4.376980972290038
"1n8o_B_Q19V,B_K21S,B_H25R,B_A41S,B_H42T,B_S81N,B_L82S,C_A1R,C_N2M,C_K22N,C_Y23H,C_G25C,C_T26N,C_S42T,C_C43A,C_M44Y,C_S47L,C_I64V,C_V65T,C_W67F,C_T71D,C_C72A,C_S75H,C_G78N,C_N97S_E_A, B, C",-15.611161231994629,-11.331073570251466,"B_Q19V,B_K21S,B_H25R,B_A41S,B_H42T,B_S81N,B_L82S,C_A1R,C_N2M,C_K22N,C_Y23H,C_G25C,C_T26N,C_S42T,C_C43A,C_M44Y,C_S47L,C_I64V,C_V65T,C_W67F,C_T71D,C_C72A,C_S75H,C_G78N,C_N97S","1N8O:A, B, C, E:E_M80L:PMID=8143850",-4.280087661743163
"1xd3_A_L6F,A_L8W,A_V31R,A_M36L,A_E39K,A_S42D,A_M43R,A_L54E,A_F55L,A_S91L,A_A93S,A_S150M,A_E153G,A_Q155M,A_E157K,A_A158V,A_K164E,A_V165I,A_L167V,A_V207Y,A_C208V,A_F211K,A_M212I,A_D215E,A_E218S,A_L219E,A_R220K,A_N222A_B_A",-8.595683097839355,-6.974636459350586,"A_L6F,A_L8W,A_V31R,A_M36L,A_E39K,A_S42D,A_M43R,A_L54E,A_F55L,A_S91L,A_A93S,A_S150M,A_E153G,A_Q155M,A_E157K,A_A158V,A_K164E,A_V165I,A_L167V,A_V207Y,A_C208V,A_F211K,A_M212I,A_D215E,A_E218S,A_L219E,A_R220K,A_N222A","1XD3:A, B:B_K6R:PMID=10518943",-1.6210466384887692
"1xd3_A_L6Y,A_L8M,A_E9H,A_A10M,A_N11H,A_V31T,A_D32E,A_V33I,A_Y34I,A_E39D,A_M43K,A_L52V,A_L54N,A_F55N,A_S91D,A_S150A,A_E153M,A_Q155D,A_T156C,A_E157A,A_A158R,A_K164P,A_V165I,A_D166N,A_L167S,A_F169C,A_C208V,A_K210E,A_F211Y,A_M212I,A_D215Q,A_D217E,A_L219E,A_R220Y,A_N222S_B_A",-8.595683097839355,-7.991554546356201,"A_L6Y,A_L8M,A_E9H,A_A10M,A_N11H,A_V31T,A_D32E,A_V33I,A_Y34I,A_E39D,A_M43K,A_L52V,A_L54N,A_F55N,A_S91D,A_S150A,A_E153M,A_Q155D,A_T156C,A_E157A,A_A158R,A_K164P,A_V165I,A_D166N,A_L167S,A_F169C,A_C208V,A_K210E,A_F211Y,A_M212I,A_D215Q,A_D217E,A_L219E,A_R220Y,A_N222S","1XD3:A, B:B_K6R:PMID=10518943",-0.6041285514831545
"1xd3_A_L6Y,A_L8M,A_N11D,A_V31C,A_V33I,A_Y34E,A_E39D,A_S42A,A_M43R,A_L53V,A_L54D,A_S91E,A_N92H,A_A93N,A_S150M,A_E153L,A_G154F,A_Q155E,A_T156V,A_E157K,A_A158R,A_K164V,A_V165R,A_L167D,A_C208V,A_K210Q,A_M212A,A_D215E,A_D217E,A_E218K,A_L219Q,A_R220Q,A_N222A_B_A",-8.595683097839355,-6.888831710815429,"A_L6Y,A_L8M,A_N11D,A_V31C,A_V33I,A_Y34E,A_E39D,A_S42A,A_M43R,A_L53V,A_L54D,A_S91E,A_N92H,A_A93N,A_S150M,A_E153L,A_G154F,A_Q155E,A_T156V,A_E157K,A_A158R,A_K164V,A_V165R,A_L167D,A_C208V,A_K210Q,A_M212A,A_D215E,A_D217E,A_E218K,A_L219Q,A_R220Q,A_N222A","1XD3:A, B:B_K6R:PMID=10518943",-1.7068513870239261
"1xd3_A_L6Y,A_N11D,A_V31S,A_V33I,A_Y34E,A_M36L,A_S42A,A_M43K,A_L52D,A_L53I,A_L54I,A_F55L,A_P56A,A_S91E,A_E153L,A_Q155D,A_A158T,A_K164E,A_V165I,A_H168W,A_F169Y,A_C208V,A_F211H,A_D215E,A_E218R,A_R220D,A_F221Q,A_N222R_B_A",-8.595683097839355,-7.484214782714844,"A_L6Y,A_N11D,A_V31S,A_V33I,A_Y34E,A_M36L,A_S42A,A_M43K,A_L52D,A_L53I,A_L54I,A_F55L,A_P56A,A_S91E,A_E153L,A_Q155D,A_A158T,A_K164E,A_V165I,A_H168W,A_F169Y,A_C208V,A_F211H,A_D215E,A_E218R,A_R220D,A_F221Q,A_N222R","1XD3:A, B:B_K6R:PMID=10518943",-1.1114683151245117
"1xd3_A_L6Y,A_N11D,A_V33I,A_Y34W,A_S42Y,A_M43Q,A_L53V,A_L54G,A_S91R,A_A93S,A_S150M,A_E153L,A_E157K,A_A158V,A_L167I,A_C208V,A_K210T,A_F211Y,A_M212I,A_D215E,A_D217E,A_E218I,A_L219I,A_R220E,A_N222T_B_A",-8.595683097839355,-7.24575366973877,"A_L6Y,A_N11D,A_V33I,A_Y34W,A_S42Y,A_M43Q,A_L53V,A_L54G,A_S91R,A_A93S,A_S150M,A_E153L,A_E157K,A_A158V,A_L167I,A_C208V,A_K210T,A_F211Y,A_M212I,A_D215E,A_D217E,A_E218I,A_L219I,A_R220E,A_N222T","1XD3:A, B:B_K6R:PMID=10518943",-1.3499294281005856
"1xd3_A_L6Y,A_P7Y,A_L8Q,A_A10F,A_N11M,A_V31C,A_D32E,A_V33I,A_S42A,A_L54G,A_F55L,A_S91I,A_N92R,A_A93S,A_S150M,A_E153L,A_Q155T,A_E157K,A_A158F,A_K164E,A_V165N,A_D166N,A_L167R,A_F169A,A_C208V,A_K210R,A_F211Y,A_D215Q,A_E218L,A_L219A,A_R220E,A_N222S_B_A",-8.595683097839355,-7.900929164886475,"A_L6Y,A_P7Y,A_L8Q,A_A10F,A_N11M,A_V31C,A_D32E,A_V33I,A_S42A,A_L54G,A_F55L,A_S91I,A_N92R,A_A93S,A_S150M,A_E153L,A_Q155T,A_E157K,A_A158F,A_K164E,A_V165N,A_D166N,A_L167R,A_F169A,A_C208V,A_K210R,A_F211Y,A_D215Q,A_E218L,A_L219A,A_R220E,A_N222S","1XD3:A, B:B_K6R:PMID=10518943",-0.6947539329528807
"1xd3_A_W5G,A_L8M,A_A10M,A_N11S,A_V31T,A_D32M,A_Y34I,A_M36L,A_E39Q,A_S42A,A_L52I,A_L54G,A_F55L,A_S91Q,A_A93E,A_S150C,A_E153M,A_K164E,A_V165R,A_D166K,A_L167V,A_F169L,A_V207Y,A_C208V,A_K210R,A_F211L,A_M212K,A_D215Q,A_D217E,A_L219E,A_R220W,A_N222R_B_A",-8.595683097839355,-6.872556114196778,"A_W5G,A_L8M,A_A10M,A_N11S,A_V31T,A_D32M,A_Y34I,A_M36L,A_E39Q,A_S42A,A_L52I,A_L54G,A_F55L,A_S91Q,A_A93E,A_S150C,A_E153M,A_K164E,A_V165R,A_D166K,A_L167V,A_F169L,A_V207Y,A_C208V,A_K210R,A_F211L,A_M212K,A_D215Q,A_D217E,A_L219E,A_R220W,A_N222R","1XD3:A, B:B_K6R:PMID=10518943",-1.7231269836425778
"1xd3_A_W5L,A_L8M,A_V31C,A_D32S,A_V33I,A_Y34E,A_E39T,A_S42A,A_M43Q,A_F55H,A_S91W,A_A93S,A_S150F,A_E153K,A_Q155S,A_T156C,A_E157F,A_A158T,A_K164R,A_V165R,A_L167I,A_F169W,A_V207I,A_C208V,A_K210G,A_F211Y,A_D215E,A_E218R,A_L219D,A_R220D,A_F221Y,A_N222R_B_A",-8.595683097839355,-7.8252197265625,"A_W5L,A_L8M,A_V31C,A_D32S,A_V33I,A_Y34E,A_E39T,A_S42A,A_M43Q,A_F55H,A_S91W,A_A93S,A_S150F,A_E153K,A_Q155S,A_T156C,A_E157F,A_A158T,A_K164R,A_V165R,A_L167I,A_F169W,A_V207I,A_C208V,A_K210G,A_F211Y,A_D215E,A_E218R,A_L219D,A_R220D,A_F221Y,A_N222R","1XD3:A, B:B_K6R:PMID=10518943",-0.7704633712768558
"1xgr_A_Q28A,A_S29D,A_I30V,A_S31N,A_K50Y,A_Y51N,A_S53G,A_S92T,A_N93K,A_S94D,A_W95F,B_D27T,B_V29I,B_T30S,B_S52C,B_Y53S,B_S54N,B_S56E,B_S97M,B_W98Y_C_A, B",-11.293992042541504,-8.916023254394531,"A_Q28A,A_S29D,A_I30V,A_S31N,A_K50Y,A_Y51N,A_S53G,A_S92T,A_N93K,A_S94D,A_W95F,B_D27T,B_V29I,B_T30S,B_S52C,B_Y53S,B_S54N,B_S56E,B_S97M,B_W98Y","1XGR:A, B, C:B_I33F:PMID=15698573",-2.3779687881469727
"1xgr_A_Q28A,A_S29D,A_S31G,A_K50Q,A_Y51S,A_S92N,A_N93K,A_S94E,B_D27T,B_V29I,B_T30S,B_D32G,B_I51L,B_S52A,B_Y53E,B_S54N,B_W98L_C_A, B",-11.293992042541504,-8.83425693511963,"A_Q28A,A_S29D,A_S31G,A_K50Q,A_Y51S,A_S92N,A_N93K,A_S94E,B_D27T,B_V29I,B_T30S,B_D32G,B_I51L,B_S52A,B_Y53E,B_S54N,B_W98L","1XGR:A, B, C:B_I33F:PMID=15698573",-2.4597351074218743
"1xgr_A_Q28A,A_S29N,A_I30V,A_S31G,A_N32K,A_Y51N,A_S53N,A_N93M,A_W95F,B_D27A,B_V29I,B_T30K,B_S31E,B_D32G,B_S52G,B_Y53A,B_T57I,B_W98Y_C_A, B",-11.293992042541504,-8.696714973449707,"A_Q28A,A_S29N,A_I30V,A_S31G,A_N32K,A_Y51N,A_S53N,A_N93M,A_W95F,B_D27A,B_V29I,B_T30K,B_S31E,B_D32G,B_S52G,B_Y53A,B_T57I,B_W98Y","1XGR:A, B, C:B_I33F:PMID=15698573",-2.5972770690917972
"1xgr_A_Q28D,A_S29Y,A_I30V,A_S31G,A_N32T,A_N33V,A_K50R,A_S53N,A_S68E,A_N93K,A_S94Y,A_W95Y,B_D27G,B_V29I,B_T30R,B_S31G,B_D32A,B_S52T,B_Y53W,B_S54D,B_S56E,B_S97G,B_W98Y_C_A, B",-11.293992042541504,-9.139788722991943,"A_Q28D,A_S29Y,A_I30V,A_S31G,A_N32T,A_N33V,A_K50R,A_S53N,A_S68E,A_N93K,A_S94Y,A_W95Y,B_D27G,B_V29I,B_T30R,B_S31G,B_D32A,B_S52T,B_Y53W,B_S54D,B_S56E,B_S97G,B_W98Y","1XGR:A, B, C:B_I33F:PMID=15698573",-2.154203319549561
"1xgr_A_Q28K,A_S29N,A_S31G,A_K50Q,A_Y51N,A_S92D,A_N93K,A_S94Y,A_W95F,B_D27K,B_T30N,B_S31Q,B_D32C,B_S52T,B_Y53A,B_S54F,B_S56E,B_T57V,B_W98N_C_A, B",-11.293992042541504,-8.517646503448486,"A_Q28K,A_S29N,A_S31G,A_K50Q,A_Y51N,A_S92D,A_N93K,A_S94Y,A_W95F,B_D27K,B_T30N,B_S31Q,B_D32C,B_S52T,B_Y53A,B_S54F,B_S56E,B_T57V,B_W98N","1XGR:A, B, C:B_I33F:PMID=15698573",-2.7763455390930183
"1xgr_A_Q28M,A_S29D,A_I30C,A_S31G,A_K50R,A_Y51D,A_S53N,A_Q91I,A_S92Y,A_N93L,A_S94Y,A_W95F,B_D27T,B_V29I,B_T30Q,B_S31D,B_D32S,B_G49F,B_Y53A,B_T57S,B_W98F_C_A, B",-11.293992042541504,-9.063085651397705,"A_Q28M,A_S29D,A_I30C,A_S31G,A_K50R,A_Y51D,A_S53N,A_Q91I,A_S92Y,A_N93L,A_S94Y,A_W95F,B_D27T,B_V29I,B_T30Q,B_S31D,B_D32S,B_G49F,B_Y53A,B_T57S,B_W98F","1XGR:A, B, C:B_I33F:PMID=15698573",-2.230906391143799
"1xgr_A_S29D,A_S31G,A_N33E,A_K50R,A_Y51H,A_S92N,A_N93K,A_S94Y,B_D27G,B_V29I,B_S31A,B_D32S,B_S52T,B_Y53A,B_S54E,B_S56D,B_W98L_C_A, B",-11.293992042541504,-8.304378604888916,"A_S29D,A_S31G,A_N33E,A_K50R,A_Y51H,A_S92N,A_N93K,A_S94Y,B_D27G,B_V29I,B_S31A,B_D32S,B_S52T,B_Y53A,B_S54E,B_S56D,B_W98L","1XGR:A, B, C:B_I33F:PMID=15698573",-2.9896134376525882
"1xgr_A_S29P,A_S31G,A_N33C,A_I49V,A_K50R,A_Y51D,A_S53R,A_S68D,A_Q91N,A_S92T,A_N93K,A_S94Y,A_W95Y,B_D27K,B_V29I,B_T30H,B_S31Y,B_D32A,B_S52T,B_Y53W,B_S54T,B_S56G,B_T57V,B_W98Y_C_A, B",-11.293992042541504,-8.763204574584961,"A_S29P,A_S31G,A_N33C,A_I49V,A_K50R,A_Y51D,A_S53R,A_S68D,A_Q91N,A_S92T,A_N93K,A_S94Y,A_W95Y,B_D27K,B_V29I,B_T30H,B_S31Y,B_D32A,B_S52T,B_Y53W,B_S54T,B_S56G,B_T57V,B_W98Y","1XGR:A, B, C:B_I33F:PMID=15698573",-2.530787467956543
"2jel_H_F29W,H_T31E,H_Y32E,H_I51V,H_T53M,H_Y57V,H_T58V,H_R98T,H_V99K,H_M100N,H_E102S,H_Q103H,L_H31A,L_N33D,L_T36N,L_G96A,L_H98S_P_H, L",-10.262494087219238,-9.591291999816894,"H_F29W,H_T31E,H_Y32E,H_I51V,H_T53M,H_Y57V,H_T58V,H_R98T,H_V99K,H_M100N,H_E102S,H_Q103H,L_H31A,L_N33D,L_T36N,L_G96A,L_H98S","2JEL:H, L, P:P_Q4K:PMID=1711212",-0.6712020874023441
"2jel_H_T30E,H_T31K,H_S52C,H_Y54W,H_R98D,H_V99A,H_M100S,H_E102M,H_Q103S,L_G32A,L_N33A,L_Q95E,L_G96P,L_H98Y_P_H, L",-10.262494087219238,-10.250935554504395,"H_T30E,H_T31K,H_S52C,H_Y54W,H_R98D,H_V99A,H_M100S,H_E102M,H_Q103S,L_G32A,L_N33A,L_Q95E,L_G96P,L_H98Y","2JEL:H, L, P:P_Q4K:PMID=1711212",-0.01155853271484375
"2jel_H_T30E,H_T31K,H_Y54W,H_R98L,H_M100N,H_E102K,H_Q103S,L_H31A,L_G32A,L_Q95S,L_G96A,L_H98F_P_H, L",-10.262494087219238,-10.213012313842773,"H_T30E,H_T31K,H_Y54W,H_R98L,H_M100N,H_E102K,H_Q103S,L_H31A,L_G32A,L_Q95S,L_G96A,L_H98F","2JEL:H, L, P:P_Q4K:PMID=1711212",-0.0494817733764652
"2jel_H_T30E,H_T31K,H_Y57F,H_R98L,H_V99S,H_M100S,H_E102A,H_Q103S,L_H31A,L_G32S,L_T36S,L_Q95I,L_G96A,L_H98F_P_H, L",-10.262494087219238,-10.157147979736328,"H_T30E,H_T31K,H_Y57F,H_R98L,H_V99S,H_M100S,H_E102A,H_Q103S,L_H31A,L_G32S,L_T36S,L_Q95I,L_G96A,L_H98F","2JEL:H, L, P:P_Q4K:PMID=1711212",-0.10534610748291051
"2jel_H_T30E,H_T31S,H_Y32S,H_Y54W,H_G56W,H_Y57S,H_R98S,H_V99C,H_M100C,H_Q103R,L_V30T,L_H31A,L_G32S,L_N33E,L_Q95D,L_G96K,L_H98T_P_H, L",-10.262494087219238,-10.254469680786134,"H_T30E,H_T31S,H_Y32S,H_Y54W,H_G56W,H_Y57S,H_R98S,H_V99C,H_M100C,H_Q103R,L_V30T,L_H31A,L_G32S,L_N33E,L_Q95D,L_G96K,L_H98T","2JEL:H, L, P:P_Q4K:PMID=1711212",-0.008024406433104758
"2jel_H_T31M,H_Y32W,H_I51V,H_R98L,H_V99E,H_M100C,H_Q103S,L_H31A,L_G32R,L_N33D,L_H98Y_P_H, L",-10.262494087219238,-9.626912498474121,"H_T31M,H_Y32W,H_I51V,H_R98L,H_V99E,H_M100C,H_Q103S,L_H31A,L_G32R,L_N33D,L_H98Y","2JEL:H, L, P:P_Q4K:PMID=1711212",-0.6355815887451168
"2jel_H_T31Q,H_I51R,H_S52N,H_T53S,H_T58Q,H_R98A,H_V99G,H_M100S,H_E102A,H_Q103S,L_H31A,L_N33D,L_Q95N,L_G96F,L_H98D_P_H, L",-10.262494087219238,-9.834176635742187,"H_T31Q,H_I51R,H_S52N,H_T53S,H_T58Q,H_R98A,H_V99G,H_M100S,H_E102A,H_Q103S,L_H31A,L_N33D,L_Q95N,L_G96F,L_H98D","2JEL:H, L, P:P_Q4K:PMID=1711212",-0.42831745147705114
"2jel_H_Y32R,H_G49K,H_S52N,H_R98Q,H_V99S,H_M100S,H_Q103S,L_V30C,L_H31A,L_N33M,L_Q95A,L_H98F_P_H, L",-10.262494087219238,-10.114981842041015,"H_Y32R,H_G49K,H_S52N,H_R98Q,H_V99S,H_M100S,H_Q103S,L_V30C,L_H31A,L_N33M,L_Q95A,L_H98F","2JEL:H, L, P:P_Q4K:PMID=1711212",-0.14751224517822337
"2oob_A_N3D,A_V4F,A_S6E,A_E7N,A_A9T,A_K10L,A_G13S,A_E14C,A_A17G_B_A",-5.670541763305664,-5.00369815826416,"A_N3D,A_V4F,A_S6E,A_E7N,A_A9T,A_K10L,A_G13S,A_E14C,A_A17G","2OOB:A, B:A_A6S, A_K7E:PMID=18596201",-0.6668436050415041
"2oob_A_N3K,A_V4L,A_S6D,A_E7N,A_K10L,A_G13S,A_A17E_B_A",-5.670541763305664,-5.602485466003418,"A_N3K,A_V4L,A_S6D,A_E7N,A_K10L,A_G13S,A_A17E","2OOB:A, B:A_A6S, A_K7E:PMID=18596201",-0.06805629730224627
"2oob_A_N3K,A_V4R,A_S6K,A_E7K,A_I8V,A_M12C,A_G13S,A_E14Q,A_A17D,A_F18I_B_A",-5.670541763305664,-4.582210826873779,"A_N3K,A_V4R,A_S6K,A_E7K,A_I8V,A_M12C,A_G13S,A_E14Q,A_A17D,A_F18I","2OOB:A, B:A_A6S, A_K7E:PMID=18596201",-1.088330936431885
"2oob_A_N3R,A_V4I,A_S6D,A_E7N,A_M12I,A_G13S,A_Y16F,A_A17N_B_A",-5.670541763305664,-5.558069229125977,"A_N3R,A_V4I,A_S6D,A_E7N,A_M12I,A_G13S,A_Y16F,A_A17N","2OOB:A, B:A_A6S, A_K7E:PMID=18596201",-0.1124725341796875
"2oob_A_N3S,A_V4Y,A_S6K,A_E7K,A_K10Y,A_G13S,A_E14R,A_A17R,A_F18Y_B_A",-5.670541763305664,-5.362937641143799,"A_N3S,A_V4Y,A_S6K,A_E7K,A_K10Y,A_G13S,A_E14R,A_A17R,A_F18Y","2OOB:A, B:A_A6S, A_K7E:PMID=18596201",-0.30760412216186506
"2oob_A_N3V,A_V4F,A_S6E,A_E7N,A_I8M,A_K10Y,A_E14C,A_G15N,A_A17E,A_F18T_B_A",-5.670541763305664,-5.325232219696045,"A_N3V,A_V4F,A_S6E,A_E7N,A_I8M,A_K10Y,A_E14C,A_G15N,A_A17E,A_F18T","2OOB:A, B:A_A6S, A_K7E:PMID=18596201",-0.34530954360961896
"2oob_A_V4L,A_S6E,A_E7N,A_I8M,A_K10R,A_G13D,A_A17P_B_A",-5.670541763305664,-5.130295944213867,"A_V4L,A_S6E,A_E7N,A_I8M,A_K10R,A_G13D,A_A17P","2OOB:A, B:A_A6S, A_K7E:PMID=18596201",-0.5402458190917967
"2oob_A_V4Y,A_S6E,A_E7R,A_I8P,A_K10F,A_L11A,A_M12Q,A_G13D,A_G15D,A_A17N_B_A",-5.670541763305664,-4.673746871948242,"A_V4Y,A_S6E,A_E7R,A_I8P,A_K10F,A_L11A,A_M12Q,A_G13D,A_G15D,A_A17N","2OOB:A, B:A_A6S, A_K7E:PMID=18596201",-0.996794891357422
"2y5b_F_K6R,F_L8S,F_T9A,F_D32W,F_K33L,F_K82R,F_T85S,F_T90V,F_D108E,F_K109V,F_G111K,F_D115E,F_Q117L,F_I120D,F_K124V,F_K139Q,F_S141A,F_H144I,F_L147T,F_R150K_E_F",-7.334807872772217,-7.564855670928955,"F_K6R,F_L8S,F_T9A,F_D32W,F_K33L,F_K82R,F_T85S,F_T90V,F_D108E,F_K109V,F_G111K,F_D115E,F_Q117L,F_I120D,F_K124V,F_K139Q,F_S141A,F_H144I,F_L147T,F_R150K","2Y5B:E, F::PMID=21399617",0.23004779815673793
"2y5b_F_K6V,F_L8R,F_T9S,F_D32E,F_K33L,F_K82T,F_T85K,F_K87R,F_T90P,F_D115E,F_I120N,F_F121H,F_K124R,F_Q138R,F_K139E,F_S141A,F_H144Q,F_V146D,F_L147C,F_L149M,F_R150N_E_F",-7.334807872772217,-7.674742698669434,"F_K6V,F_L8R,F_T9S,F_D32E,F_K33L,F_K82T,F_T85K,F_K87R,F_T90P,F_D115E,F_I120N,F_F121H,F_K124R,F_Q138R,F_K139E,F_S141A,F_H144Q,F_V146D,F_L147C,F_L149M,F_R150N","2Y5B:E, F::PMID=21399617",0.3399348258972168
"2y5b_F_K6V,F_T7D,F_L8Q,F_T9Q,F_D32Q,F_K33L,F_K82R,F_T85S,F_G86F,F_T90P,F_D108Q,F_K109T,F_G111H,F_D115E,F_I120L,F_F121H,F_K124E,F_I137V,F_K139A,F_S141D,F_H144R,F_R150K_E_F",-7.334807872772217,-7.909292888641358,"F_K6V,F_T7D,F_L8Q,F_T9Q,F_D32Q,F_K33L,F_K82R,F_T85S,F_G86F,F_T90P,F_D108Q,F_K109T,F_G111H,F_D115E,F_I120L,F_F121H,F_K124E,F_I137V,F_K139A,F_S141D,F_H144R,F_R150K","2Y5B:E, F::PMID=21399617",0.5744850158691408
"2y5b_F_K6V,F_T7S,F_L8Q,F_T9A,F_D32E,F_K82Q,F_T85E,F_K87T,F_T90P,F_L91S,F_D108S,F_D115E,F_I120Y,F_F121H,F_K124T,F_K139E,F_S141A,F_H144F,F_V146S_E_F",-7.334807872772217,-8.798627853393555,"F_K6V,F_T7S,F_L8Q,F_T9A,F_D32E,F_K82Q,F_T85E,F_K87T,F_T90P,F_L91S,F_D108S,F_D115E,F_I120Y,F_F121H,F_K124T,F_K139E,F_S141A,F_H144F,F_V146S","2Y5B:E, F::PMID=21399617",1.463819980621338
"2y5b_F_L8A,F_T9A,F_D32S,F_K82R,F_T83M,F_T85D,F_K87R,F_T90S,F_D108E,F_D115T,F_Q117I,F_I120T,F_F121H,F_K124R,F_Q138T,F_K139R,F_S141A,F_L147G,F_R150N_E_F",-7.334807872772217,-8.141589832305907,"F_L8A,F_T9A,F_D32S,F_K82R,F_T83M,F_T85D,F_K87R,F_T90S,F_D108E,F_D115T,F_Q117I,F_I120T,F_F121H,F_K124R,F_Q138T,F_K139R,F_S141A,F_L147G,F_R150N","2Y5B:E, F::PMID=21399617",0.8067819595336907
"2y5b_F_T7S,F_L8E,F_T9S,F_D32E,F_K82Q,F_T83L,F_T85D,F_K87N,F_T90V,F_D108E,F_G111I,F_D115E,F_I120E,F_F121Y,F_K124R,F_Q138G,F_K139P,F_S141A,F_H144F,F_V146T,F_L147N_E_F",-7.334807872772217,-8.323340034484863,"F_T7S,F_L8E,F_T9S,F_D32E,F_K82Q,F_T83L,F_T85D,F_K87N,F_T90V,F_D108E,F_G111I,F_D115E,F_I120E,F_F121Y,F_K124R,F_Q138G,F_K139P,F_S141A,F_H144F,F_V146T,F_L147N","2Y5B:E, F::PMID=21399617",0.9885321617126461
"2y5b_F_T7S,F_L8W,F_T9A,F_D32E,F_K82R,F_T85D,F_T90Q,F_D108R,F_K109I,F_G111K,F_D115E,F_I120D,F_F121Y,F_K124R,F_I137M,F_Q138R,F_K139Q,F_S141A,F_H144F,F_L145P,F_V146S,F_L147N_E_F",-7.334807872772217,-8.52172040939331,"F_T7S,F_L8W,F_T9A,F_D32E,F_K82R,F_T85D,F_T90Q,F_D108R,F_K109I,F_G111K,F_D115E,F_I120D,F_F121Y,F_K124R,F_I137M,F_Q138R,F_K139Q,F_S141A,F_H144F,F_L145P,F_V146S,F_L147N","2Y5B:E, F::PMID=21399617",1.1869125366210938
"2y5b_F_V5S,F_K6H,F_T7S,F_L8G,F_T9C,F_D32K,F_K33E,F_K82R,F_K87T,F_T90V,F_D108Q,F_K109F,F_D115E,F_I120T,F_F121H,F_K124R,F_K139E,F_H144F,F_V146E,F_L147C,F_L149S_E_F",-7.334807872772217,-8.081310176849366,"F_V5S,F_K6H,F_T7S,F_L8G,F_T9C,F_D32K,F_K33E,F_K82R,F_K87T,F_T90V,F_D108Q,F_K109F,F_D115E,F_I120T,F_F121H,F_K124R,F_K139E,F_H144F,F_V146E,F_L147C,F_L149S","2Y5B:E, F::PMID=21399617",0.7465023040771488
"3eo1_D_S28A,D_S32G,D_Q90A,D_A93G,D_D94M,D_S95P,E_Y27E,E_T28P,E_S30N,E_S31D,E_N32K,E_I54K,E_V55I,E_D56N,E_S98V,E_L100R,E_L102G,E_V103Y,E_L104T,E_K220Y_F_D, E",-13.09885311126709,-9.993291473388672,"D_S28A,D_S32G,D_Q90A,D_A93G,D_D94M,D_S95P,E_Y27E,E_T28P,E_S30N,E_S31D,E_N32K,E_I54K,E_V55I,E_D56N,E_S98V,E_L100R,E_L102G,E_V103Y,E_L104T,E_K220Y","3EO1:D, E, F::PMID=19073914",-3.1055616378784183
"3eo1_D_S28D,D_S32G,D_Q90H,D_Y92F,D_D94A,D_S95P,E_Y27Q,E_T28A,E_S31D,E_N32R,E_I54R,E_V55I,E_D56K,E_A58Q,E_S98T,E_L100R,E_L102G,E_V103K,E_L104Y,E_K220A_F_D, E",-13.09885311126709,-9.982595825195313,"D_S28D,D_S32G,D_Q90H,D_Y92F,D_D94A,D_S95P,E_Y27Q,E_T28A,E_S31D,E_N32R,E_I54R,E_V55I,E_D56K,E_A58Q,E_S98T,E_L100R,E_L102G,E_V103K,E_L104Y,E_K220A","3EO1:D, E, F::PMID=19073914",-3.116257286071777
"3eo1_D_S28M,D_S32R,D_Q90M,D_Y92F,D_D94R,D_S95P,E_Y27T,E_T28P,E_S31D,E_N32R,E_V51I,E_I54W,E_D56N,E_S98M,E_T99N,E_L100R,E_L102A,E_V103A,E_L104T,E_K220A_F_D, E",-13.09885311126709,-9.430533409118652,"D_S28M,D_S32R,D_Q90M,D_Y92F,D_D94R,D_S95P,E_Y27T,E_T28P,E_S31D,E_N32R,E_V51I,E_I54W,E_D56N,E_S98M,E_T99N,E_L100R,E_L102A,E_V103A,E_L104T,E_K220A","3EO1:D, E, F::PMID=19073914",-3.6683197021484375
"3eo1_D_S28P,D_Q90V,D_Q91R,D_A93D,D_D94H,D_S95A,E_Y27E,E_T28P,E_F29Y,E_S30T,E_S31D,E_N32R,E_I54K,E_V55T,E_D56Q,E_A58S,E_T99R,E_L100T,E_L102P,E_V103P,E_L104T,E_K220L_F_D, E",-13.09885311126709,-9.947409629821777,"D_S28P,D_Q90V,D_Q91R,D_A93D,D_D94H,D_S95A,E_Y27E,E_T28P,E_F29Y,E_S30T,E_S31D,E_N32R,E_I54K,E_V55T,E_D56Q,E_A58S,E_T99R,E_L100T,E_L102P,E_V103P,E_L104T,E_K220L","3EO1:D, E, F::PMID=19073914",-3.1514434814453125
"3eo1_D_S28P,D_S32H,D_Q90A,D_Q91H,D_A93G,D_D94T,D_S95P,E_Y27H,E_T28P,E_F29Y,E_S30I,E_S31D,E_N32R,E_I54Y,E_V55I,E_D56L,E_S98A,E_L100R,E_L102Y,E_L104C_F_D, E",-13.09885311126709,-10.525407028198241,"D_S28P,D_S32H,D_Q90A,D_Q91H,D_A93G,D_D94T,D_S95P,E_Y27H,E_T28P,E_F29Y,E_S30I,E_S31D,E_N32R,E_I54Y,E_V55I,E_D56L,E_S98A,E_L100R,E_L102Y,E_L104C","3EO1:D, E, F::PMID=19073914",-2.5734460830688484
"3eo1_D_S28P,D_S32K,D_Q90M,D_A93E,D_D94Q,D_S95E,E_Y27E,E_T28E,E_S30N,E_S31R,E_N32R,E_I54A,E_V55I,E_D56Y,E_A58C,E_S98F,E_T99R,E_L100R,E_L102G,E_V103Y,E_K220N_F_D, E",-13.09885311126709,-10.068905067443847,"D_S28P,D_S32K,D_Q90M,D_A93E,D_D94Q,D_S95E,E_Y27E,E_T28E,E_S30N,E_S31R,E_N32R,E_I54A,E_V55I,E_D56Y,E_A58C,E_S98F,E_T99R,E_L100R,E_L102G,E_V103Y,E_K220N","3EO1:D, E, F::PMID=19073914",-3.029948043823243
"3eo1_D_S28V,D_S32N,D_Q90M,D_A93Q,D_D94Q,D_S95P,E_Y27L,E_T28E,E_S31G,E_N32R,E_I52V,E_I54S,E_D56C,E_A58W,E_S98V,E_L100R,E_L102T,E_V103L,E_L104T,E_K220V_F_D, E",-13.09885311126709,-10.078363800048828,"D_S28V,D_S32N,D_Q90M,D_A93Q,D_D94Q,D_S95P,E_Y27L,E_T28E,E_S31G,E_N32R,E_I52V,E_I54S,E_D56C,E_A58W,E_S98V,E_L100R,E_L102T,E_V103L,E_L104T,E_K220V","3EO1:D, E, F::PMID=19073914",-3.0204893112182614
"3eo1_D_S28W,D_S32D,D_Q90F,D_D94R,D_S95D,E_Y27I,E_T28P,E_S30K,E_S31Q,E_N32L,E_I54K,E_V55I,E_D56K,E_S98Q,E_L100R,E_G101D,E_L102S,E_V103I_F_D, E",-13.09885311126709,-9.887413215637206,"D_S28W,D_S32D,D_Q90F,D_D94R,D_S95D,E_Y27I,E_T28P,E_S30K,E_S31Q,E_N32L,E_I54K,E_V55I,E_D56K,E_S98Q,E_L100R,E_G101D,E_L102S,E_V103I","3EO1:D, E, F::PMID=19073914",-3.2114398956298835
"3p8m_C_S131A,C_V132I,C_R134G,C_Q137E,C_E139A,C_G140P,C_G143E,C_V172I,D_S131R,D_R134L,D_T136E,D_E139S,D_G140T,D_V172I_A, B_C, D",-11.12468147277832,-9.269811058044434,"C_S131A,C_V132I,C_R134G,C_Q137E,C_E139A,C_G140P,C_G143E,C_V172I,D_S131R,D_R134L,D_T136E,D_E139S,D_G140T,D_V172I","3P8M:A, B, C, D::PMID=21533121",-1.8548704147338864
"3p8m_C_S131M,C_V132N,C_R134S,C_T136K,C_E139Q,C_G140E,C_G141S,D_S131L,D_S133E,D_Q137N,D_T138N,D_E139G,D_G140S_A, B_C, D",-11.12468147277832,-9.636859321594239,"C_S131M,C_V132N,C_R134S,C_T136K,C_E139Q,C_G140E,C_G141S,D_S131L,D_S133E,D_Q137N,D_T138N,D_E139G,D_G140S","3P8M:A, B, C, D::PMID=21533121",-1.4878221511840817
"3p8m_C_S131N,C_V132I,C_S133A,C_T136V,C_E139G,C_G140E,D_S131K,D_V132I,D_R134L,D_E139S,D_G140I_A, B_C, D",-11.12468147277832,-9.254000282287597,"C_S131N,C_V132I,C_S133A,C_T136V,C_E139G,C_G140E,D_S131K,D_V132I,D_R134L,D_E139S,D_G140I","3P8M:A, B, C, D::PMID=21533121",-1.870681190490723
"3p8m_C_S131P,C_V132I,C_T136V,C_T138S,C_E139S,C_G140A,C_S142E,C_G143L,D_S131Q,D_V132I,D_Q137M,D_E139Y,D_G140S_A, B_C, D",-11.12468147277832,-9.191840934753419,"C_S131P,C_V132I,C_T136V,C_T138S,C_E139S,C_G140A,C_S142E,C_G143L,D_S131Q,D_V132I,D_Q137M,D_E139Y,D_G140S","3P8M:A, B, C, D::PMID=21533121",-1.9328405380249016
"3p8m_C_S131T,C_T138N,C_E139V,C_G140P,C_G143E,C_V172A,D_S131T,D_Q137R,D_E139R,D_G140N,D_V172A_A, B_C, D",-11.12468147277832,-9.409342193603516,"C_S131T,C_T138N,C_E139V,C_G140P,C_G143E,C_V172A,D_S131T,D_Q137R,D_E139R,D_G140N,D_V172A","3P8M:A, B, C, D::PMID=21533121",-1.7153392791748043
"3p8m_C_S131V,C_V132N,C_S133R,C_T136N,C_Q137H,C_T138S,C_E139K,C_G140P,C_G143T,C_V172M,D_S133T,D_R134Q,D_T136V,D_G140A,D_V172E_A, B_C, D",-11.12468147277832,-9.323185157775878,"C_S131V,C_V132N,C_S133R,C_T136N,C_Q137H,C_T138S,C_E139K,C_G140P,C_G143T,C_V172M,D_S133T,D_R134Q,D_T136V,D_G140A,D_V172E","3P8M:A, B, C, D::PMID=21533121",-1.8014963150024421
"3p8m_C_V132I,C_S133H,C_R134L,C_E139H,C_G140A,C_G141E,C_G143H,D_S131A,D_V132M,D_S133A,D_R134Q,D_Q137T,D_E139T,D_G140V_A, B_C, D",-11.12468147277832,-9.48025722503662,"C_V132I,C_S133H,C_R134L,C_E139H,C_G140A,C_G141E,C_G143H,D_S131A,D_V132M,D_S133A,D_R134Q,D_Q137T,D_E139T,D_G140V","3P8M:A, B, C, D::PMID=21533121",-1.6444242477417
"3p8m_C_V132Q,C_S133E,C_Q137S,C_E139K,C_G140P,C_S142E,C_G143R,D_S131E,D_V132I,D_S133E,D_T136V,D_E139F_A, B_C, D",-11.12468147277832,-9.469596481323242,"C_V132Q,C_S133E,C_Q137S,C_E139K,C_G140P,C_S142E,C_G143R,D_S131E,D_V132I,D_S133E,D_T136V,D_E139F","3P8M:A, B, C, D::PMID=21533121",-1.6550849914550785
"3sgb_E_I7V,E_S10A,E_T11F,E_R13Q,E_H33C,E_Y120F,E_E137Q,E_P138A,E_D140M,E_S141Q,E_L154I,E_S156M_I_E",-11.7046480178833,-11.805428886413575,"E_I7V,E_S10A,E_T11F,E_R13Q,E_H33C,E_Y120F,E_E137Q,E_P138A,E_D140M,E_S141Q,E_L154I,E_S156M","3SGB:E, I:I_G26Q:PMID=11171964",0.10078086853027379
"3sgb_E_I7V,E_S10D,E_T11S,E_R13M,E_G32A,E_N62K,E_T117Q,E_N119D,E_Y120L,E_E137I,E_P138C,E_S141A,E_S156V,E_G157V_I_E",-11.7046480178833,-11.707227897644042,"E_I7V,E_S10D,E_T11S,E_R13M,E_G32A,E_N62K,E_T117Q,E_N119D,E_Y120L,E_E137I,E_P138C,E_S141A,E_S156V,E_G157V","3SGB:E, I:I_G26Q:PMID=11171964",0.002579879760741477
"3sgb_E_I7V,E_S10E,E_T11V,E_R13Q,E_N62K,E_S102A,E_N119D,E_Y120F,E_P138S,E_S156V,E_S159I,E_T168D_I_E",-11.7046480178833,-12.184916877746582,"E_I7V,E_S10E,E_T11V,E_R13Q,E_N62K,E_S102A,E_N119D,E_Y120F,E_P138S,E_S156V,E_S159I,E_T168D","3SGB:E, I:I_G26Q:PMID=11171964",0.4802688598632816
"3sgb_E_I7V,E_S10K,E_T11N,E_R13D,E_N62K,E_N119D,E_Y120L,E_P138G,E_S141A,E_L154T,E_T155C,E_S156V,E_G157A_I_E",-11.7046480178833,-11.84646816253662,"E_I7V,E_S10K,E_T11N,E_R13D,E_N62K,E_N119D,E_Y120L,E_P138G,E_S141A,E_L154T,E_T155C,E_S156V,E_G157A","3SGB:E, I:I_G26Q:PMID=11171964",0.1418201446533196
"3sgb_E_I7V,E_S10Q,E_T11E,E_R13Q,E_C14A,E_H33S,E_N62K,E_S102A,E_T117Q,E_N119D,E_Y120L,E_P138G,E_D140G,E_S141M,E_S156T,E_G157S_I_E",-11.7046480178833,-11.777678489685059,"E_I7V,E_S10Q,E_T11E,E_R13Q,E_C14A,E_H33S,E_N62K,E_S102A,E_T117Q,E_N119D,E_Y120L,E_P138G,E_D140G,E_S141M,E_S156T,E_G157S","3SGB:E, I:I_G26Q:PMID=11171964",0.07303047180175781
"3sgb_E_S10E,E_T11K,E_R13Q,E_H33A,E_N119D,E_Y120L,E_G121F,E_E137S,E_P138G,E_S141W,E_S156T_I_E",-11.7046480178833,-11.850223731994628,"E_S10E,E_T11K,E_R13Q,E_H33A,E_N119D,E_Y120L,E_G121F,E_E137S,E_P138G,E_S141W,E_S156T","3SGB:E, I:I_G26Q:PMID=11171964",0.14557571411132741
"3sgb_E_S10H,E_T11C,E_R13Q,E_T30H,E_H33S,E_N62H,E_S102A,E_V118I,E_N119D,E_Y120F,E_P138G,E_S156V,E_T167V_I_E",-11.7046480178833,-12.235817527770996,"E_S10H,E_T11C,E_R13Q,E_T30H,E_H33S,E_N62H,E_S102A,E_V118I,E_N119D,E_Y120F,E_P138G,E_S156V,E_T167V","3SGB:E, I:I_G26Q:PMID=11171964",0.531169509887695
"3sgb_E_S10Q,E_T11F,E_R13Q,E_H33N,E_N62K,E_V118A,E_N119D,E_Y120F,E_E137S,E_P138G,E_S141A,E_S156G,E_S159R_I_E",-11.7046480178833,-11.840709495544434,"E_S10Q,E_T11F,E_R13Q,E_H33N,E_N62K,E_V118A,E_N119D,E_Y120F,E_E137S,E_P138G,E_S141A,E_S156G,E_S159R","3SGB:E, I:I_G26Q:PMID=11171964",0.13606147766113352
"4dgi_H_D31S,H_S54N,H_S56R,H_Y57A,H_T58F,H_R98K,H_Y101K,H_G102V,H_Y103T,L_I29V,L_Q89W,L_Q90T,L_N92Y,L_T93D_A_H, L",-8.658103942871094,-10.199147415161132,"H_D31S,H_S54N,H_S56R,H_Y57A,H_T58F,H_R98K,H_Y101K,H_G102V,H_Y103T,L_I29V,L_Q89W,L_Q90T,L_N92Y,L_T93D","4DGI:A, H, L::PMID=TBD",1.5410434722900384
"4dgi_H_T30K,H_D31A,H_Y32F,H_W33Y,H_I51V,H_S54Q,H_S56K,H_Y57W,H_G100Q,H_Y101E,H_Y103K,L_N28H,L_T31K,L_Q89A,L_Q90S,L_N92H,L_T93R,L_W94N_A_H, L",-8.658103942871094,-9.088185691833496,"H_T30K,H_D31A,H_Y32F,H_W33Y,H_I51V,H_S54Q,H_S56K,H_Y57W,H_G100Q,H_Y101E,H_Y103K,L_N28H,L_T31K,L_Q89A,L_Q90S,L_N92H,L_T93R,L_W94N","4DGI:A, H, L::PMID=TBD",0.4300817489624027
"4dgi_H_T30K,H_D31E,H_S54W,H_S56N,H_Y57S,H_T58I,H_Y103T,L_N28H,L_I29V,L_G30S,L_T31R,L_Q89A,L_Q90T,L_N92V,L_T93E,L_W94M_A_H, L",-8.658103942871094,-9.767709159851075,"H_T30K,H_D31E,H_S54W,H_S56N,H_Y57S,H_T58I,H_Y103T,L_N28H,L_I29V,L_G30S,L_T31R,L_Q89A,L_Q90T,L_N92V,L_T93E,L_W94M","4DGI:A, H, L::PMID=TBD",1.1096052169799808
"4dgi_H_T30N,H_D31G,H_S50Q,H_S54Y,H_S56R,H_Y57S,H_G100M,H_Y101F,H_G102Q,H_Y103G,L_I29V,L_G30E,L_T31M,L_Q89A,L_N92Y,L_T93E,L_W94Y_A_H, L",-8.658103942871094,-9.56633358001709,"H_T30N,H_D31G,H_S50Q,H_S54Y,H_S56R,H_Y57S,H_G100M,H_Y101F,H_G102Q,H_Y103G,L_I29V,L_G30E,L_T31M,L_Q89A,L_N92Y,L_T93E,L_W94Y","4DGI:A, H, L::PMID=TBD",0.9082296371459968
"4dgi_H_T30Q,H_D31T,H_Y32R,H_S54A,H_S56N,H_Y57T,H_R98M,H_Y101T,H_Y103T,L_N28P,L_G30Q,L_T31N,L_Q89A,L_Q90S,L_N92W,L_T93F,L_W94Y,L_P95S_A_H, L",-8.658103942871094,-10.25849723815918,"H_T30Q,H_D31T,H_Y32R,H_S54A,H_S56N,H_Y57T,H_R98M,H_Y101T,H_Y103T,L_N28P,L_G30Q,L_T31N,L_Q89A,L_Q90S,L_N92W,L_T93F,L_W94Y,L_P95S","4DGI:A, H, L::PMID=TBD",1.600393295288086
"4dgi_H_T30S,H_D31E,H_Y32R,H_W33Y,H_S50Q,H_I51M,H_S54A,H_S56G,H_Y57M,H_R98W,H_Y101T,H_Y103K,L_I29V,L_G30E,L_T31K,L_Q89A,L_N92W,L_T93K,L_W94M_A_H, L",-8.658103942871094,-9.444838523864746,"H_T30S,H_D31E,H_Y32R,H_W33Y,H_S50Q,H_I51M,H_S54A,H_S56G,H_Y57M,H_R98W,H_Y101T,H_Y103K,L_I29V,L_G30E,L_T31K,L_Q89A,L_N92W,L_T93K,L_W94M","4DGI:A, H, L::PMID=TBD",0.7867345809936523
"4dgi_H_T30V,H_D31S,H_Y32H,H_W33F,H_S50Q,H_S54Y,H_S56K,H_R98M,H_Y101H,H_Y103V,L_Q89A,L_Q90H,L_N92H,L_T93A,L_W94M_A_H, L",-8.658103942871094,-9.23934383392334,"H_T30V,H_D31S,H_Y32H,H_W33F,H_S50Q,H_S54Y,H_S56K,H_R98M,H_Y101H,H_Y103V,L_Q89A,L_Q90H,L_N92H,L_T93A,L_W94M","4DGI:A, H, L::PMID=TBD",0.5812398910522454
"4dgi_H_T30Y,H_D31S,H_Y32H,H_S50A,H_I51S,H_S54N,H_S56N,H_Y57E,H_Y101N,H_G102K,H_Y103S,L_N28D,L_I29V,L_G30S,L_T31Q,L_Q89D,L_Q90N,L_N92Y,L_T93Q,L_W94L_A_H, L",-8.658103942871094,-9.534617042541504,"H_T30Y,H_D31S,H_Y32H,H_S50A,H_I51S,H_S54N,H_S56N,H_Y57E,H_Y101N,H_G102K,H_Y103S,L_N28D,L_I29V,L_G30S,L_T31Q,L_Q89D,L_Q90N,L_N92Y,L_T93Q,L_W94L","4DGI:A, H, L::PMID=TBD",0.8765130996704098
"4fqi_H_G27K,H_S29A,H_G100M,H_N101D,H_Y103D,H_Y104E,H_Y105E,H_S106E_A, B_H, L",-12.339961051940918,-11.556088829040528,"H_G27K,H_S29A,H_G100M,H_N101D,H_Y103D,H_Y104E,H_Y105E,H_S106E","4FQI:A, B, H, L::PMID=22878502",-0.7838722229003903
"4fqi_H_S29A,H_N31H,H_I54V,H_F75D,H_G100L,H_N101D,H_Y103S,H_Y104N,H_Y105D,H_S106A_A, B_H, L",-12.339961051940918,-10.234020805358886,"H_S29A,H_N31H,H_I54V,H_F75D,H_G100L,H_N101D,H_Y103S,H_Y104N,H_Y105D,H_S106A","4FQI:A, B, H, L::PMID=22878502",-2.1059402465820316
"4fqi_H_S29F,H_N31A,H_I51T,H_F55Y,H_A72K,H_S76T,H_G100R,H_N101G,H_Y102F,H_Y104E,H_Y105H,H_S106D_A, B_H, L",-12.339961051940918,-10.5824125289917,"H_S29F,H_N31A,H_I51T,H_F55Y,H_A72K,H_S76T,H_G100R,H_N101G,H_Y102F,H_Y104E,H_Y105H,H_S106D","4FQI:A, B, H, L::PMID=22878502",-1.757548522949218
"4fqi_H_S29T,H_S52A,H_F75Y,H_S76N,H_G100M,H_Y103W,H_Y104S,H_Y105E,H_S106G_A, B_H, L",-12.339961051940918,-10.496610260009765,"H_S29T,H_S52A,H_F75Y,H_S76N,H_G100M,H_Y103W,H_Y104S,H_Y105E,H_S106G","4FQI:A, B, H, L::PMID=22878502",-1.8433507919311527
"4fqi_H_T28G,H_S29T,H_N31D,H_F55L,H_G100L,H_N101D,H_Y103R,H_Y104E,H_S106E_A, B_H, L",-12.339961051940918,-10.955618858337402,"H_T28G,H_S29T,H_N31D,H_F55L,H_G100L,H_N101D,H_Y103R,H_Y104E,H_S106E","4FQI:A, B, H, L::PMID=22878502",-1.3843421936035156
"4fqi_H_T28S,H_I51V,H_A72S,H_D73R,H_S76D,H_G100L,H_N101G,H_Y103P,H_Y104D_A, B_H, L",-12.339961051940918,-10.877485466003417,"H_T28S,H_I51V,H_A72S,H_D73R,H_S76D,H_G100L,H_N101G,H_Y103P,H_Y104D","4FQI:A, B, H, L::PMID=22878502",-1.4624755859375007
"4fqi_H_T28S,H_S29A,H_S52M,H_I54V,H_A72S,H_F75Y,H_S76D,H_G100L,H_N101D,H_Y103Q,H_Y104E,H_Y105E_A, B_H, L",-12.339961051940918,-9.850265502929688,"H_T28S,H_S29A,H_S52M,H_I54V,H_A72S,H_F75Y,H_S76D,H_G100L,H_N101D,H_Y103Q,H_Y104E,H_Y105E","4FQI:A, B, H, L::PMID=22878502",-2.4896955490112305
"4fqi_H_T28S,H_S29V,H_I54V,H_F55L,H_F75Y,H_G100Q,H_N101D,H_Y102P,H_Y103G,H_Y104E,H_Y105F,H_S106A_A, B_H, L",-12.339961051940918,-10.183712196350097,"H_T28S,H_S29V,H_I54V,H_F55L,H_F75Y,H_G100Q,H_N101D,H_Y102P,H_Y103G,H_Y104E,H_Y105F,H_S106A","4FQI:A, B, H, L::PMID=22878502",-2.156248855590821
"4hfk_A_G28K,A_Q31K,A_H32K,A_A36K,A_F39L,A_N61S,A_S62E,A_A65I,A_M76I,A_F77Y,A_R78K,A_V79I,A_K80S,A_H117T,A_L120V,A_A122S,A_T123V,A_P144S,A_G145A_B, D_A",-13.025397300720215,-10.28131275177002,"A_G28K,A_Q31K,A_H32K,A_A36K,A_F39L,A_N61S,A_S62E,A_A65I,A_M76I,A_F77Y,A_R78K,A_V79I,A_K80S,A_H117T,A_L120V,A_A122S,A_T123V,A_P144S,A_G145A","4HFK:A, B, D:B_L50A:PMID=23288853",-2.7440845489501946
"4hfk_A_G28L,A_H32K,A_D35Q,A_A36R,A_I38L,A_F39I,A_K40R,A_A42P,A_N61D,A_S62V,A_A65N,A_T66H,A_M76F,A_F77Y,A_H117V,A_L120Q,A_A122S,A_T123V,A_P144T,A_G145K_B, D_A",-13.025397300720215,-10.306760787963867,"A_G28L,A_H32K,A_D35Q,A_A36R,A_I38L,A_F39I,A_K40R,A_A42P,A_N61D,A_S62V,A_A65N,A_T66H,A_M76F,A_F77Y,A_H117V,A_L120Q,A_A122S,A_T123V,A_P144T,A_G145K","4HFK:A, B, D:B_L50A:PMID=23288853",-2.7186365127563477
"4hfk_A_H32K,A_D35Q,A_A36L,A_I38H,A_A42P,A_N61S,A_K63C,A_A65H,A_M76I,A_F77Y,A_K80N,A_H117T,A_L120Y,A_A122S,A_T123L,A_G145T,A_S148T_B, D_A",-13.025397300720215,-10.802900505065917,"A_H32K,A_D35Q,A_A36L,A_I38H,A_A42P,A_N61S,A_K63C,A_A65H,A_M76I,A_F77Y,A_K80N,A_H117T,A_L120Y,A_A122S,A_T123L,A_G145T,A_S148T","4HFK:A, B, D:B_L50A:PMID=23288853",-2.2224967956542976
"4hfk_A_H32Q,A_F39L,A_A42K,A_N61T,A_S62Y,A_K63E,A_A65Q,A_M76I,A_F77H,A_H117D,A_L120V,A_T123E,A_P144Q,A_G145S,A_S148T_B, D_A",-13.025397300720215,-11.005226135253906,"A_H32Q,A_F39L,A_A42K,A_N61T,A_S62Y,A_K63E,A_A65Q,A_M76I,A_F77H,A_H117D,A_L120V,A_T123E,A_P144Q,A_G145S,A_S148T","4HFK:A, B, D:B_L50A:PMID=23288853",-2.0201711654663086
"4hfk_A_Q31E,A_H32K,A_D35A,A_A36K,A_G37V,A_A42L,A_N61D,A_K63A,A_A65N,A_Y75F,A_M76I,A_F77Y,A_R78K,A_K80R,A_H117S,A_L120S,A_T123A,A_G145S,A_S148T_B, D_A",-13.025397300720215,-10.904643630981445,"A_Q31E,A_H32K,A_D35A,A_A36K,A_G37V,A_A42L,A_N61D,A_K63A,A_A65N,A_Y75F,A_M76I,A_F77Y,A_R78K,A_K80R,A_H117S,A_L120S,A_T123A,A_G145S,A_S148T","4HFK:A, B, D:B_L50A:PMID=23288853",-2.12075366973877
"4hfk_A_Q31K,A_H32E,A_A36K,A_F39Y,A_K40R,A_N41H,A_N61H,A_K63S,A_Y64F,A_A65N,A_F77Y,A_H117T,A_L120V,A_A122S,A_T123I,A_P144S,A_G145N,A_N146A_B, D_A",-13.025397300720215,-10.16116828918457,"A_Q31K,A_H32E,A_A36K,A_F39Y,A_K40R,A_N41H,A_N61H,A_K63S,A_Y64F,A_A65N,A_F77Y,A_H117T,A_L120V,A_A122S,A_T123I,A_P144S,A_G145N,A_N146A","4HFK:A, B, D:B_L50A:PMID=23288853",-2.8642290115356452
"4hfk_A_Q31R,A_H32K,A_D35K,A_A36K,A_F39Y,A_K40R,A_A42K,A_N61S,A_S62I,A_K63E,A_Y64F,A_A65N,A_M76I,A_F77Y,A_V79I,A_H117S,A_L120Q,A_A122S,A_T123P,A_P144E,A_G145H,A_S148T_B, D_A",-13.025397300720215,-10.204184913635254,"A_Q31R,A_H32K,A_D35K,A_A36K,A_F39Y,A_K40R,A_A42K,A_N61S,A_S62I,A_K63E,A_Y64F,A_A65N,A_M76I,A_F77Y,A_V79I,A_H117S,A_L120Q,A_A122S,A_T123P,A_P144E,A_G145H,A_S148T","4HFK:A, B, D:B_L50A:PMID=23288853",-2.8212123870849606
"4hfk_A_Q31R,A_H32R,A_A36R,A_I38A,A_F39Y,A_K40R,A_A42R,A_N61D,A_S62K,A_K63E,A_Y64F,A_A65V,A_Y75F,A_M76I,A_F77S,A_K80V,A_H117S,A_L120V,A_T123P,A_P144A,A_G145T_B, D_A",-13.025397300720215,-10.44736614227295,"A_Q31R,A_H32R,A_A36R,A_I38A,A_F39Y,A_K40R,A_A42R,A_N61D,A_S62K,A_K63E,A_Y64F,A_A65V,A_Y75F,A_M76I,A_F77S,A_K80V,A_H117S,A_L120V,A_T123P,A_P144A,A_G145T","4HFK:A, B, D:B_L50A:PMID=23288853",-2.5780311584472653
"4k71_A_L78D,A_R79V,A_T81Y,A_Y82F,A_G83D,A_E84S,A_M85L,A_D106E,A_M416Y,A_V422I,A_L461R,A_E463T,A_T465I,A_P466Y,A_T494S,A_N501D,A_T504A,A_T506D,A_F507L,A_H508K,A_A509D,A_K517E,A_Q520A,A_I521K,A_K522V,A_Q524Y,A_T525E,A_E563S_B, C_A",-10.982409477233887,-8.603039360046386,"A_L78D,A_R79V,A_T81Y,A_Y82F,A_G83D,A_E84S,A_M85L,A_D106E,A_M416Y,A_V422I,A_L461R,A_E463T,A_T465I,A_P466Y,A_T494S,A_N501D,A_T504A,A_T506D,A_F507L,A_H508K,A_A509D,A_K517E,A_Q520A,A_I521K,A_K522V,A_Q524Y,A_T525E,A_E563S","4K71:A, B, C:B_H157A:PMID=24120761",-2.3793701171875004
"4k71_A_L78T,A_R79V,A_T81S,A_Y82A,A_E84A,A_M85L,A_A86R,A_D106F,A_Q415G,A_M416W,A_S417D,A_A418S,A_V422I,A_E423G,A_L461N,A_T465D,A_T494K,A_N501D,A_F505A,A_T506V,A_F507L,A_H508L,A_A509W,A_D510V,A_K517R,A_Q520W,A_I521V,A_K522V,A_Q524A,A_T525M,A_E563Q,A_G570L_B, C_A",-10.982409477233887,-8.910057544708252,"A_L78T,A_R79V,A_T81S,A_Y82A,A_E84A,A_M85L,A_A86R,A_D106F,A_Q415G,A_M416W,A_S417D,A_A418S,A_V422I,A_E423G,A_L461N,A_T465D,A_T494K,A_N501D,A_F505A,A_T506V,A_F507L,A_H508L,A_A509W,A_D510V,A_K517R,A_Q520W,A_I521V,A_K522V,A_Q524A,A_T525M,A_E563Q,A_G570L","4K71:A, B, C:B_H157A:PMID=24120761",-2.0723519325256348
"4k71_A_T77C,A_L78D,A_E80A,A_T81K,A_Y82F,A_E84G,A_M85I,A_A86S,A_D106N,A_Q415E,A_M416W,A_S417D,A_A418S,A_P419A,A_V422I,A_E423D,A_V460I,A_L461R,A_E463V,A_K464S,A_T494S,A_N501S,A_G503R,A_T504R,A_T506V,A_F507L,A_H508N,A_A509D,A_D510H,A_K517S,A_Q520N,A_I521E,A_K522Q,A_Q524M,A_T525R,A_E563N_B, C_A",-10.982409477233887,-8.790524101257324,"A_T77C,A_L78D,A_E80A,A_T81K,A_Y82F,A_E84G,A_M85I,A_A86S,A_D106N,A_Q415E,A_M416W,A_S417D,A_A418S,A_P419A,A_V422I,A_E423D,A_V460I,A_L461R,A_E463V,A_K464S,A_T494S,A_N501S,A_G503R,A_T504R,A_T506V,A_F507L,A_H508N,A_A509D,A_D510H,A_K517S,A_Q520N,A_I521E,A_K522Q,A_Q524M,A_T525R,A_E563N","4K71:A, B, C:B_H157A:PMID=24120761",-2.191885375976563
"4k71_A_T77D,A_L78D,A_R79Q,A_E80K,A_T81N,A_E84M,A_M85L,A_Q415E,A_M416W,A_S417D,A_A418S,A_P419A,A_L421A,A_E423R,A_V460I,A_L461N,A_E463K,A_T465Y,A_T494K,A_F500W,A_N501D,A_A502Q,A_G503S,A_T506F,A_H508G,A_A509D,A_D510Q,A_K517N,A_Q520N,A_I521E,A_K522V,A_Q524M,A_T525Q,A_K562M,A_E563S,A_G570A_B, C_A",-10.982409477233887,-8.97364158630371,"A_T77D,A_L78D,A_R79Q,A_E80K,A_T81N,A_E84M,A_M85L,A_Q415E,A_M416W,A_S417D,A_A418S,A_P419A,A_L421A,A_E423R,A_V460I,A_L461N,A_E463K,A_T465Y,A_T494K,A_F500W,A_N501D,A_A502Q,A_G503S,A_T506F,A_H508G,A_A509D,A_D510Q,A_K517N,A_Q520N,A_I521E,A_K522V,A_Q524M,A_T525Q,A_K562M,A_E563S,A_G570A","4K71:A, B, C:B_H157A:PMID=24120761",-2.0087678909301765
"4k71_A_T77E,A_L78D,A_R79I,A_E80R,A_T81R,A_G83I,A_M85A,A_A86G,A_D106H,A_Q415E,A_M416W,A_S417G,A_T420R,A_V422I,A_L461N,A_E463L,A_K464D,A_T465H,A_T494N,A_T506V,A_H508D,A_A509S,A_D510R,A_Q520E,A_I521R,A_K522V,A_T525S,A_V528I,A_K562R,A_E563N,A_G570A_B, C_A",-10.982409477233887,-9.109553146362305,"A_T77E,A_L78D,A_R79I,A_E80R,A_T81R,A_G83I,A_M85A,A_A86G,A_D106H,A_Q415E,A_M416W,A_S417G,A_T420R,A_V422I,A_L461N,A_E463L,A_K464D,A_T465H,A_T494N,A_T506V,A_H508D,A_A509S,A_D510R,A_Q520E,A_I521R,A_K522V,A_T525S,A_V528I,A_K562R,A_E563N,A_G570A","4K71:A, B, C:B_H157A:PMID=24120761",-1.8728563308715813
"4k71_A_T77I,A_L78D,A_R79E,A_E80A,A_T81R,A_Y82F,A_E84A,A_M85I,A_A86N,A_D106L,A_Q415Y,A_M416W,A_S417D,A_A418R,A_P419A,A_V422I,A_E423A,A_L461K,A_T465F,A_N501D,A_T504G,A_F507Q,A_H508N,A_A509D,A_D510L,A_K517D,A_Q520L,A_I521T,A_K522L,A_T525R_B, C_A",-10.982409477233887,-8.947438430786132,"A_T77I,A_L78D,A_R79E,A_E80A,A_T81R,A_Y82F,A_E84A,A_M85I,A_A86N,A_D106L,A_Q415Y,A_M416W,A_S417D,A_A418R,A_P419A,A_V422I,A_E423A,A_L461K,A_T465F,A_N501D,A_T504G,A_F507Q,A_H508N,A_A509D,A_D510L,A_K517D,A_Q520L,A_I521T,A_K522L,A_T525R","4K71:A, B, C:B_H157A:PMID=24120761",-2.0349710464477546
"4k71_A_T77I,A_L78N,A_R79I,A_E80S,A_T81K,A_E84L,A_M85L,A_D106L,A_Q415H,A_M416W,A_S417G,A_V422I,A_E423Q,A_L461N,A_E463A,A_T465N,A_T506V,A_F507L,A_H508S,A_A509Y,A_D510N,A_K517E,A_Q520V,A_I521Q,A_K522V,A_Q524M,A_K562R,A_E563N,A_G570S_B, C_A",-10.982409477233887,-9.067848491668702,"A_T77I,A_L78N,A_R79I,A_E80S,A_T81K,A_E84L,A_M85L,A_D106L,A_Q415H,A_M416W,A_S417G,A_V422I,A_E423Q,A_L461N,A_E463A,A_T465N,A_T506V,A_F507L,A_H508S,A_A509Y,A_D510N,A_K517E,A_Q520V,A_I521Q,A_K522V,A_Q524M,A_K562R,A_E563N,A_G570S","4K71:A, B, C:B_H157A:PMID=24120761",-1.9145609855651848
"4k71_A_T77K,A_L78D,A_E80V,A_T81K,A_E84K,A_M85I,A_A86S,A_D106H,A_Q415N,A_M416W,A_S417D,A_A418N,A_P419S,A_L421V,A_V422I,A_L461N,A_E463H,A_P466G,A_T494D,A_N501R,A_A502E,A_T504S,A_F505A,A_T506R,A_F507M,A_H508S,A_A509S,A_K517F,A_Q520R,A_I521E,A_T525M,A_E563D,A_G570Q_B, C_A",-10.982409477233887,-9.40346622467041,"A_T77K,A_L78D,A_E80V,A_T81K,A_E84K,A_M85I,A_A86S,A_D106H,A_Q415N,A_M416W,A_S417D,A_A418N,A_P419S,A_L421V,A_V422I,A_L461N,A_E463H,A_P466G,A_T494D,A_N501R,A_A502E,A_T504S,A_F505A,A_T506R,A_F507M,A_H508S,A_A509S,A_K517F,A_Q520R,A_I521E,A_T525M,A_E563D,A_G570Q","4K71:A, B, C:B_H157A:PMID=24120761",-1.5789432525634766
"4kro_C_D1A,C_Q27G,C_S28L,C_T31K,C_N91D,C_N92Y,C_N93D,C_W94L,C_T96P,D_T30K,D_I51V,D_W52N,D_S53P,D_G54S,D_N56K,D_T57A,D_Y59T,D_T100E,D_Y101P,D_D103S,D_V218M_A_C, D",-8.947722434997559,-8.556675338745118,"C_D1A,C_Q27G,C_S28L,C_T31K,C_N91D,C_N92Y,C_N93D,C_W94L,C_T96P,D_T30K,D_I51V,D_W52N,D_S53P,D_G54S,D_N56K,D_T57A,D_Y59T,D_T100E,D_Y101P,D_D103S,D_V218M","4KRO:A, C, D::PMID=TBD",-0.39104709625244105
"4kro_C_D1A,C_S28D,C_T31S,C_Q89H,C_N91M,C_N92S,C_N93D,C_W94Y,C_T96P,C_R211W,D_T30N,D_S53E,D_G54T,D_N56H,D_T57S,D_T100E,D_Y101P,D_V218Q_A_C, D",-8.947722434997559,-9.253687477111816,"C_D1A,C_S28D,C_T31S,C_Q89H,C_N91M,C_N92S,C_N93D,C_W94Y,C_T96P,C_R211W,D_T30N,D_S53E,D_G54T,D_N56H,D_T57S,D_T100E,D_Y101P,D_V218Q","4KRO:A, C, D::PMID=TBD",0.30596504211425746
"4kro_C_D1E,C_Q27D,C_S28D,C_Q89S,C_Q90E,C_N91T,C_N92R,C_N93Y,C_T96P,C_R211K,D_T30N,D_I51V,D_W52L,D_S53P,D_N56K,D_T57E,D_Y59P,D_T100E,D_Y101P,D_V218M_A_C, D",-8.947722434997559,-9.064567565917969,"C_D1E,C_Q27D,C_S28D,C_Q89S,C_Q90E,C_N91T,C_N92R,C_N93Y,C_T96P,C_R211K,D_T30N,D_I51V,D_W52L,D_S53P,D_N56K,D_T57E,D_Y59P,D_T100E,D_Y101P,D_V218M","4KRO:A, C, D::PMID=TBD",0.11684513092041016
"4kro_C_D1E,C_Q27S,C_S28N,C_Q90E,C_N91A,C_N92Y,C_N93S,C_W94Y,C_T96V,C_R211V,D_T30K,D_S53A,D_G54T,D_N56R,D_T100K,D_Y101A,D_Y102F,D_D103E,D_V218T_A_C, D",-8.947722434997559,-9.257019424438477,"C_D1E,C_Q27S,C_S28N,C_Q90E,C_N91A,C_N92Y,C_N93S,C_W94Y,C_T96V,C_R211V,D_T30K,D_S53A,D_G54T,D_N56R,D_T100K,D_Y101A,D_Y102F,D_D103E,D_V218T","4KRO:A, C, D::PMID=TBD",0.3092969894409183
"4kro_C_D1K,C_Q27E,C_S28D,C_T31I,C_N91S,C_N92Y,C_N93A,C_W94F,C_T96I,C_R211K,D_T30D,D_I51V,D_S53K,D_G54T,D_N56K,D_T57R,D_Y59V,D_T100D,D_Y101N,D_D103I,D_V218L_A_C, D",-8.947722434997559,-9.559587287902833,"C_D1K,C_Q27E,C_S28D,C_T31I,C_N91S,C_N92Y,C_N93A,C_W94F,C_T96I,C_R211K,D_T30D,D_I51V,D_S53K,D_G54T,D_N56K,D_T57R,D_Y59V,D_T100D,D_Y101N,D_D103I,D_V218L","4KRO:A, C, D::PMID=TBD",0.6118648529052741
"4kro_C_D1L,C_Q27M,C_S28A,C_N91V,C_N92S,C_N93Y,C_W94F,C_T96P,D_T30D,D_I51V,D_S53A,D_G54D,D_N56K,D_T57S,D_Y59R,D_T100D,D_Y101P,D_V218L_A_C, D",-8.947722434997559,-8.74000587463379,"C_D1L,C_Q27M,C_S28A,C_N91V,C_N92S,C_N93Y,C_W94F,C_T96P,D_T30D,D_I51V,D_S53A,D_G54D,D_N56K,D_T57S,D_Y59R,D_T100D,D_Y101P,D_V218L","4KRO:A, C, D::PMID=TBD",-0.20771656036376918
"4kro_C_D1M,C_Q27E,C_S28D,C_T31R,C_Q89C,C_N91Y,C_N92Y,C_N93S,C_T96P,C_R211L,D_T30S,D_I51V,D_W52M,D_S53A,D_N56K,D_Y59S,D_T100E,D_Y101P,D_V218T_A_C, D",-8.947722434997559,-9.494872856140137,"C_D1M,C_Q27E,C_S28D,C_T31R,C_Q89C,C_N91Y,C_N92Y,C_N93S,C_T96P,C_R211L,D_T30S,D_I51V,D_W52M,D_S53A,D_N56K,D_Y59S,D_T100E,D_Y101P,D_V218T","4KRO:A, C, D::PMID=TBD",0.5471504211425788
"4kro_C_D1P,C_Q27E,C_S28M,C_N91H,C_N92H,C_N93D,C_W94Y,C_T96V,C_R211L,D_T30D,D_S53E,D_N56Q,D_T57E,D_T100E,D_Y101P,D_Y102F,D_D103N,D_V218T_A_C, D",-8.947722434997559,-9.26439552307129,"C_D1P,C_Q27E,C_S28M,C_N91H,C_N92H,C_N93D,C_W94Y,C_T96V,C_R211L,D_T30D,D_S53E,D_N56Q,D_T57E,D_T100E,D_Y101P,D_Y102F,D_D103N,D_V218T","4KRO:A, C, D::PMID=TBD",0.3166730880737312
"5hvf_B_N32Y,B_A33G,B_M34E,B_K43N,B_E46Q,B_L47M,B_A50T,B_R51K,B_V54T,B_A59S,B_Q99S,B_D100S,B_G101N,B_W102N,B_Q105A,B_Y106F_A_B",-14.35500717163086,-10.166855430603027,"B_N32Y,B_A33G,B_M34E,B_K43N,B_E46Q,B_L47M,B_A50T,B_R51K,B_V54T,B_A59S,B_Q99S,B_D100S,B_G101N,B_W102N,B_Q105A,B_Y106F","5HVF:A, B::PMID=27279497",-4.188151741027832
"5hvf_B_P31M,B_N32R,B_K43E,B_R45S,B_E46G,B_R51Q,B_V54L,B_T57F,B_Y58K,B_Q99R,B_G101D,B_W102D,B_Q105P,B_Y106F_A_B",-14.35500717163086,-9.698188400268554,"B_P31M,B_N32R,B_K43E,B_R45S,B_E46G,B_R51Q,B_V54L,B_T57F,B_Y58K,B_Q99R,B_G101D,B_W102D,B_Q105P,B_Y106F","5HVF:A, B::PMID=27279497",-4.656818771362305
"5hvf_B_S30K,B_N32Y,B_A33G,B_E44D,B_L47C,B_A50F,B_R51K,B_V54A,B_S56A,B_A59N,B_Q99C,B_G101T,B_W102R,B_G104R,B_Q105E,B_Y106F_A_B",-14.35500717163086,-9.746998977661132,"B_S30K,B_N32Y,B_A33G,B_E44D,B_L47C,B_A50F,B_R51K,B_V54A,B_S56A,B_A59N,B_Q99C,B_G101T,B_W102R,B_G104R,B_Q105E,B_Y106F","5HVF:A, B::PMID=27279497",-4.608008193969727
"5hvf_B_S30N,B_N32T,B_A33S,B_K43E,B_E44K,B_R45L,B_E46R,B_A50T,B_R51V,B_N53T,B_V54T,B_S56C,B_Y58M,B_A59E,B_Q99M,B_G101E,B_W102G,B_L103S,B_G104Q,B_Q105E,B_Y106F_A_B",-14.35500717163086,-9.92567310333252,"B_S30N,B_N32T,B_A33S,B_K43E,B_E44K,B_R45L,B_E46R,B_A50T,B_R51V,B_N53T,B_V54T,B_S56C,B_Y58M,B_A59E,B_Q99M,B_G101E,B_W102G,B_L103S,B_G104Q,B_Q105E,B_Y106F","5HVF:A, B::PMID=27279497",-4.42933406829834
"5hvf_B_S30N,B_P31C,B_N32Y,B_A33Y,B_K43H,B_E44A,B_E46A,B_L47M,B_A50T,B_R51V,B_S56Q,B_Y58Q,B_W97G,B_Q99S,B_G101N,B_W102S,B_Q105K_A_B",-14.35500717163086,-9.675069046020507,"B_S30N,B_P31C,B_N32Y,B_A33Y,B_K43H,B_E44A,B_E46A,B_L47M,B_A50T,B_R51V,B_S56Q,B_Y58Q,B_W97G,B_Q99S,B_G101N,B_W102S,B_Q105K","5HVF:A, B::PMID=27279497",-4.679938125610352
"5hvf_B_S30Q,B_N32E,B_A33F,B_K43F,B_E44K,B_R45K,B_E46D,B_A50T,B_R51T,B_N53D,B_Y58F,B_A59P,B_A96S,B_Q99R,B_G101L,B_W102K,B_L103N,B_G104Q,B_Q105A,B_Y106F_A_B",-14.35500717163086,-9.973551082611085,"B_S30Q,B_N32E,B_A33F,B_K43F,B_E44K,B_R45K,B_E46D,B_A50T,B_R51T,B_N53D,B_Y58F,B_A59P,B_A96S,B_Q99R,B_G101L,B_W102K,B_L103N,B_G104Q,B_Q105A,B_Y106F","5HVF:A, B::PMID=27279497",-4.381456089019775
"5hvf_B_S30Q,B_P31H,B_N32D,B_A33S,B_M34F,B_K43M,B_E44P,B_E46R,B_A50T,B_R51I,B_V54T,B_T57F,B_Y58H,B_A59D,B_A96S,B_W97R,B_Q99A,B_G101D,B_W102H,B_L103Q,B_Q105A,B_Y106F_A_B",-14.35500717163086,-9.113389682769775,"B_S30Q,B_P31H,B_N32D,B_A33S,B_M34F,B_K43M,B_E44P,B_E46R,B_A50T,B_R51I,B_V54T,B_T57F,B_Y58H,B_A59D,B_A96S,B_W97R,B_Q99A,B_G101D,B_W102H,B_L103Q,B_Q105A,B_Y106F","5HVF:A, B::PMID=27279497",-5.241617488861085
"5hvf_B_S30T,B_P31V,B_N32K,B_A33G,B_K43Q,B_E46K,B_A50T,B_R51Q,B_G55Q,B_A59D,B_W97S,B_Q99M,B_D100N,B_G101E,B_W102F,B_G104N,B_Q105V,B_Y106F_A_B",-14.35500717163086,-9.759164619445801,"B_S30T,B_P31V,B_N32K,B_A33G,B_K43Q,B_E46K,B_A50T,B_R51Q,B_G55Q,B_A59D,B_W97S,B_Q99M,B_D100N,B_G101E,B_W102F,B_G104N,B_Q105V,B_Y106F","5HVF:A, B::PMID=27279497",-4.595842552185058
"5m2o_A_M35A,A_D36N,A_M62N,A_T63V,A_M65K,A_A66V,A_I67T,A_A71N,A_K73I,A_D77S,A_K78N,A_E80A,A_N114A,A_E115L,A_H117Y,A_S119A,A_N120I_B_A",-10.856902122497559,-10.298692893981933,"A_M35A,A_D36N,A_M62N,A_T63V,A_M65K,A_A66V,A_I67T,A_A71N,A_K73I,A_D77S,A_K78N,A_E80A,A_N114A,A_E115L,A_H117Y,A_S119A,A_N120I","5M2O:A, B:A_N71A:PMID=28389644",-0.5582092285156257
"5m2o_A_M35A,A_M62E,A_T63V,A_M65K,A_I67Y,A_L68N,A_G69A,A_A71N,A_K73I,A_D76A,A_D77E,A_K78N,A_E80N,A_N114C,A_E115D,A_V116I,A_H117Y,A_S119D,A_N120D_B_A",-10.856902122497559,-10.171370124816894,"A_M35A,A_M62E,A_T63V,A_M65K,A_I67Y,A_L68N,A_G69A,A_A71N,A_K73I,A_D76A,A_D77E,A_K78N,A_E80N,A_N114C,A_E115D,A_V116I,A_H117Y,A_S119D,A_N120D","5M2O:A, B:A_N71A:PMID=28389644",-0.6855319976806644
"5m2o_A_M35F,A_T60Q,A_M62L,A_M65E,A_A66S,A_I67G,A_L68K,A_G69W,A_A71N,A_F72W,A_K73I,A_K78N,A_E80N,A_N114I,A_E115D,A_H117K,A_S119D,A_N120K,A_D121Q,A_G122W_B_A",-10.856902122497559,-9.725678443908691,"A_M35F,A_T60Q,A_M62L,A_M65E,A_A66S,A_I67G,A_L68K,A_G69W,A_A71N,A_F72W,A_K73I,A_K78N,A_E80N,A_N114I,A_E115D,A_H117K,A_S119D,A_N120K,A_D121Q,A_G122W","5M2O:A, B:A_N71A:PMID=28389644",-1.1312236785888672
"5m2o_A_M35V,A_D36E,A_T60E,A_V61I,A_M62K,A_M65D,A_A66S,A_I67S,A_G69S,A_A70V,A_A71N,A_F72L,A_K73I,A_K78Q,A_E80N,A_N114S,A_E115D,A_H117Y,A_S119G,A_N120D_B_A",-10.856902122497559,-9.345780181884766,"A_M35V,A_D36E,A_T60E,A_V61I,A_M62K,A_M65D,A_A66S,A_I67S,A_G69S,A_A70V,A_A71N,A_F72L,A_K73I,A_K78Q,A_E80N,A_N114S,A_E115D,A_H117Y,A_S119G,A_N120D","5M2O:A, B:A_N71A:PMID=28389644",-1.5111219406127923
"5m2o_A_S33A,A_M35F,A_D36N,A_T60K,A_M62E,A_T63V,A_M65K,A_A66P,A_I67T,A_G69A,A_A71N,A_F72L,A_K73I,A_S74T,A_D77N,A_K78T,A_G79Q,A_N114Q,A_E115N,A_H117Y,A_K118F,A_S119N,A_N120R_B_A",-10.856902122497559,-9.712854194641114,"A_S33A,A_M35F,A_D36N,A_T60K,A_M62E,A_T63V,A_M65K,A_A66P,A_I67T,A_G69A,A_A71N,A_F72L,A_K73I,A_S74T,A_D77N,A_K78T,A_G79Q,A_N114Q,A_E115N,A_H117Y,A_K118F,A_S119N,A_N120R","5M2O:A, B:A_N71A:PMID=28389644",-1.1440479278564446
"5m2o_A_S33A,A_M35F,A_M62E,A_T63V,A_M65A,A_A66S,A_I67T,A_G69A,A_A71Q,A_F72A,A_K73I,A_S74T,A_D77S,A_K78N,A_E115W,A_H117Y,A_S119G_B_A",-10.856902122497559,-9.740959739685058,"A_S33A,A_M35F,A_M62E,A_T63V,A_M65A,A_A66S,A_I67T,A_G69A,A_A71Q,A_F72A,A_K73I,A_S74T,A_D77S,A_K78N,A_E115W,A_H117Y,A_S119G","5M2O:A, B:A_N71A:PMID=28389644",-1.1159423828125004
"5m2o_A_S33A,A_M35F,A_M62L,A_T63I,A_M65L,A_A66T,A_I67T,A_L68H,A_G69S,A_A71N,A_F72A,A_K73T,A_S74T,A_D77N,A_K78T,A_E80N,A_E115N,A_H117Y,A_S119A,A_N120S_B_A",-10.856902122497559,-9.846282386779786,"A_S33A,A_M35F,A_M62L,A_T63I,A_M65L,A_A66T,A_I67T,A_L68H,A_G69S,A_A71N,A_F72A,A_K73T,A_S74T,A_D77N,A_K78T,A_E80N,A_E115N,A_H117Y,A_S119A,A_N120S","5M2O:A, B:A_N71A:PMID=28389644",-1.010619735717773
"5m2o_A_S33A,A_M35F,A_T60E,A_V61I,A_M62A,A_N64H,A_M65G,A_A66T,A_L68N,A_A71N,A_F72A,A_K73I,A_S74T,A_D77S,A_K78Q,A_E80N,A_N114A,A_E115D,A_H117Y,A_N120V,A_G122P_B_A",-10.856902122497559,-9.583060455322265,"A_S33A,A_M35F,A_T60E,A_V61I,A_M62A,A_N64H,A_M65G,A_A66T,A_L68N,A_A71N,A_F72A,A_K73I,A_S74T,A_D77S,A_K78Q,A_E80N,A_N114A,A_E115D,A_H117Y,A_N120V,A_G122P","5M2O:A, B:A_N71A:PMID=28389644",-1.2738416671752937
"5myk_A_S94A,A_S96F,A_H98C,A_V99L,A_P100A,B_D31N,B_Y32H,B_F50G,B_L54K,B_A55G,B_Y56N,B_S57E,B_I58K,B_Y99W,B_D100K,B_Y101H,B_I104A,B_L105T,B_D106Y,B_Y107N,B_K222T_C_A, B",-12.283493995666504,-9.420833969116211,"A_S94A,A_S96F,A_H98C,A_V99L,A_P100A,B_D31N,B_Y32H,B_F50G,B_L54K,B_A55G,B_Y56N,B_S57E,B_I58K,B_Y99W,B_D100K,B_Y101H,B_I104A,B_L105T,B_D106Y,B_Y107N,B_K222T","5MYK:A, B, C::PMID=TBD",-2.8626600265502926
"5myk_A_V30H,A_S94A,A_S96T,A_H98Y,A_V99F,B_S30E,B_D31E,B_F50Y,B_N53S,B_L54Q,B_A55S,B_Y56S,B_S57K,B_I58K,B_Y99M,B_D100A,B_Y101H,B_D102N,B_N103K,B_I104S,B_L105V,B_K222A_C_A, B",-12.283493995666504,-9.447685432434081,"A_V30H,A_S94A,A_S96T,A_H98Y,A_V99F,B_S30E,B_D31E,B_F50Y,B_N53S,B_L54Q,B_A55S,B_Y56S,B_S57K,B_I58K,B_Y99M,B_D100A,B_Y101H,B_D102N,B_N103K,B_I104S,B_L105V,B_K222A","5MYK:A, B, C::PMID=TBD",-2.8358085632324226
"5myk_A_V30I,A_T36E,A_S96A,A_H98Y,A_V99W,B_S30D,B_D31K,B_A49S,B_N53S,B_L54E,B_A55S,B_Y56K,B_S57C,B_I58T,B_Y99W,B_D100Q,B_D102T,B_N103A,B_I104D,B_L105T,B_D106Y,B_Y107W,B_K222T_C_A, B",-12.283493995666504,-9.47018051147461,"A_V30I,A_T36E,A_S96A,A_H98Y,A_V99W,B_S30D,B_D31K,B_A49S,B_N53S,B_L54E,B_A55S,B_Y56K,B_S57C,B_I58T,B_Y99W,B_D100Q,B_D102T,B_N103A,B_I104D,B_L105T,B_D106Y,B_Y107W,B_K222T","5MYK:A, B, C::PMID=TBD",-2.8133134841918945
"5myk_A_V30K,A_T36V,A_S94C,A_S96T,A_H98F,A_V99F,B_D31H,B_Y32Q,B_L54K,B_Y56Q,B_S57V,B_I58K,B_R98K,B_Y99F,B_D100R,B_Y101W,B_D102E,B_N103D,B_I104S,B_L105I,B_D106Y,B_Y107D,B_K222T_C_A, B",-12.283493995666504,-9.672298622131347,"A_V30K,A_T36V,A_S94C,A_S96T,A_H98F,A_V99F,B_D31H,B_Y32Q,B_L54K,B_Y56Q,B_S57V,B_I58K,B_R98K,B_Y99F,B_D100R,B_Y101W,B_D102E,B_N103D,B_I104S,B_L105I,B_D106Y,B_Y107D,B_K222T","5MYK:A, B, C::PMID=TBD",-2.611195373535157
"5myk_A_V30L,A_S94A,A_S96C,A_H98Y,B_Y32S,B_A49H,B_L54K,B_A55S,B_Y56K,B_S57N,B_I58V,B_Y99W,B_D100K,B_Y101H,B_D102A,B_N103D,B_I104E,B_L105R,B_D106H,B_Y107D,B_K222A_C_A, B",-12.283493995666504,-9.702212715148926,"A_V30L,A_S94A,A_S96C,A_H98Y,B_Y32S,B_A49H,B_L54K,B_A55S,B_Y56K,B_S57N,B_I58V,B_Y99W,B_D100K,B_Y101H,B_D102A,B_N103D,B_I104E,B_L105R,B_D106H,B_Y107D,B_K222A","5MYK:A, B, C::PMID=TBD",-2.5812812805175778
"5myk_A_V30R,A_T36E,A_S94A,A_H98N,A_V99F,B_D31Q,B_Y32H,B_A49S,B_N53S,B_L54K,B_A55S,B_Y56K,B_S57H,B_I58Q,B_Y99L,B_D100A,B_Y101H,B_D102I,B_N103R,B_I104N,B_L105R,B_D106C,B_Y107S,B_K222S_C_A, B",-12.283493995666504,-9.307400131225586,"A_V30R,A_T36E,A_S94A,A_H98N,A_V99F,B_D31Q,B_Y32H,B_A49S,B_N53S,B_L54K,B_A55S,B_Y56K,B_S57H,B_I58Q,B_Y99L,B_D100A,B_Y101H,B_D102I,B_N103R,B_I104N,B_L105R,B_D106C,B_Y107S,B_K222S","5MYK:A, B, C::PMID=TBD",-2.9760938644409176
"5myk_A_V30R,A_T36E,A_S94F,A_S96T,A_H98Y,A_V99H,B_F29W,B_S30A,B_Y32F,B_F50H,B_L54K,B_Y56T,B_S57D,B_I58T,B_Y99W,B_D100Y,B_Y101H,B_I104L,B_L105V,B_K222T_C_A, B",-12.283493995666504,-9.333914184570313,"A_V30R,A_T36E,A_S94F,A_S96T,A_H98Y,A_V99H,B_F29W,B_S30A,B_Y32F,B_F50H,B_L54K,B_Y56T,B_S57D,B_I58T,B_Y99W,B_D100Y,B_Y101H,B_I104L,B_L105V,B_K222T","5MYK:A, B, C::PMID=TBD",-2.949579811096191
"5myk_A_V30T,A_S94A,A_S96T,A_H98Y,A_V99H,B_S30G,B_D31T,B_Y32T,B_F50Y,B_N53D,B_L54D,B_A55D,B_Y56E,B_S57L,B_I58Q,B_Y99E,B_D100E,B_Y101H,B_D102I,B_N103T,B_I104D,B_L105R,B_K222I_C_A, B",-12.283493995666504,-9.666336250305175,"A_V30T,A_S94A,A_S96T,A_H98Y,A_V99H,B_S30G,B_D31T,B_Y32T,B_F50Y,B_N53D,B_L54D,B_A55D,B_Y56E,B_S57L,B_I58Q,B_Y99E,B_D100E,B_Y101H,B_D102I,B_N103T,B_I104D,B_L105R,B_K222I","5MYK:A, B, C::PMID=TBD",-2.617157745361329
"6a78_H_A47G,H_G54A,H_S55Y,H_R101Q,L_N28G,L_Y30S,L_G31T,L_S67G_A_H, L",-9.032998085021973,-10.279794692993164,"H_A47G,H_G54A,H_S55Y,H_R101Q,L_N28G,L_Y30S,L_G31T,L_S67G","6A78:A, H, L::PMID=30595454",1.2467966079711914
"6a78_H_A47G,H_T48Q,H_G53D,H_G54S,H_S55E,H_T56K,H_R101E,L_N28E,L_I29V,L_Y30H,L_G31N,L_V91Q,L_S93K_A_H, L",-9.032998085021973,-9.843973922729493,"H_A47G,H_T48Q,H_G53D,H_G54S,H_S55E,H_T56K,H_R101E,L_N28E,L_I29V,L_Y30H,L_G31N,L_V91Q,L_S93K","6A78:A, H, L::PMID=30595454",0.8109758377075202
"6a78_H_A47I,H_G54A,H_S55E,H_T56V,H_Y58V,H_R101K,H_P102R,H_Y104W,L_E27R,L_Y30H,L_G31L,L_Y49I,L_S67E,L_V91I,L_S93E_A_H, L",-9.032998085021973,-9.38542423248291,"H_A47I,H_G54A,H_S55E,H_T56V,H_Y58V,H_R101K,H_P102R,H_Y104W,L_E27R,L_Y30H,L_G31L,L_Y49I,L_S67E,L_V91I,L_S93E","6A78:A, H, L::PMID=30595454",0.35242614746093714
"6a78_H_A47W,H_T48K,H_S55N,H_Y58N,H_R101T,L_E27R,L_N28D,L_I29V,L_Y30D,L_G31N,L_V91T,L_S93Q_A_H, L",-9.032998085021973,-9.69916648864746,"H_A47W,H_T48K,H_S55N,H_Y58N,H_R101T,L_E27R,L_N28D,L_I29V,L_Y30D,L_G31N,L_V91T,L_S93Q","6A78:A, H, L::PMID=30595454",0.6661684036254876
"6a78_H_G54S,H_S55L,H_T56K,H_Y58W,H_R101S,H_Y104W,L_E27R,L_N28E,L_Y30W,L_G31N,L_S67T,L_L92M,L_S93E_A_H, L",-9.032998085021973,-9.538021087646484,"H_G54S,H_S55L,H_T56K,H_Y58W,H_R101S,H_Y104W,L_E27R,L_N28E,L_Y30W,L_G31N,L_S67T,L_L92M,L_S93E","6A78:A, H, L::PMID=30595454",0.5050230026245117
"6a78_H_T48E,H_G54S,H_S55F,H_T56N,H_R101W,L_N28D,L_Y30F,L_G31R,L_Y49N,L_S67G,L_L92K,L_S93Q_A_H, L",-9.032998085021973,-9.756945419311524,"H_T48E,H_G54S,H_S55F,H_T56N,H_R101W,L_N28D,L_Y30F,L_G31R,L_Y49N,L_S67G,L_L92K,L_S93Q","6A78:A, H, L::PMID=30595454",0.7239473342895515
"6a78_H_T48Q,H_G54S,H_S55Y,H_T56G,H_Y57W,H_R101S,L_E27Q,L_N28G,L_I29V,L_Y30G,L_S93Q,L_T94S_A_H, L",-9.032998085021973,-9.526301193237305,"H_T48Q,H_G54S,H_S55Y,H_T56G,H_Y57W,H_R101S,L_E27Q,L_N28G,L_I29V,L_Y30G,L_S93Q,L_T94S","6A78:A, H, L::PMID=30595454",0.49330310821533274
"6a78_H_T48R,H_I49C,H_G54S,H_S55A,H_T56S,H_Y57W,H_Y58R,H_R101T,H_P103A,L_E27Q,L_N28D,L_I29T,L_Y30H,L_G31E,L_Y49V,L_V91I,L_S93Q_A_H, L",-9.032998085021973,-9.609255981445312,"H_T48R,H_I49C,H_G54S,H_S55A,H_T56S,H_Y57W,H_Y58R,H_R101T,H_P103A,L_E27Q,L_N28D,L_I29T,L_Y30H,L_G31E,L_Y49V,L_V91I,L_S93Q","6A78:A, H, L::PMID=30595454",0.5762578964233391
"6cwt_C_I54R,C_I55V,C_N56S,C_A98G,C_R99F,C_T100F,C_R101D,C_G102E,D_S29P,D_G31M,D_N32E,D_A33S,D_I49L,D_A51S,D_G52R,D_S53G,D_N54I,D_L55T,D_S66A,D_Y93E,D_A95N_F_C, D",-15.959397315979004,-10.477171325683594,"C_I54R,C_I55V,C_N56S,C_A98G,C_R99F,C_T100F,C_R101D,C_G102E,D_S29P,D_G31M,D_N32E,D_A33S,D_I49L,D_A51S,D_G52R,D_S53G,D_N54I,D_L55T,D_S66A,D_Y93E,D_A95N","6CWT:C, D, F::PMID=TBD",-5.48222599029541
"6cwt_C_V49F,C_I52L,C_I55V,C_N56S,C_C97V,C_A98S,C_T100A,C_V103T,D_S29D,D_G31H,D_N32Q,D_A33T,D_S50E,D_A51M,D_S53G,D_N54V,D_L55T,D_R64E,D_S66D,D_S68Y,D_T92S,D_A95T,D_I96F_F_C, D",-15.959397315979004,-11.108891487121582,"C_V49F,C_I52L,C_I55V,C_N56S,C_C97V,C_A98S,C_T100A,C_V103T,D_S29D,D_G31H,D_N32Q,D_A33T,D_S50E,D_A51M,D_S53G,D_N54V,D_L55T,D_R64E,D_S66D,D_S68Y,D_T92S,D_A95T,D_I96F","6CWT:C, D, F::PMID=TBD",-4.850505828857422
"6cwt_C_V49L,C_E50L,C_Y51F,C_I52L,C_I54T,C_I55V,C_N56S,C_R99S,C_T100A,C_R101L,C_V103D,D_S29D,D_G31H,D_N32I,D_A33S,D_I49L,D_S50K,D_A51T,D_S53G,D_N54V,D_L55K,D_R64L,D_S66G,D_S68T,D_T92Y,D_Y93A,D_S94T,D_A95G_F_C, D",-15.959397315979004,-10.247646903991699,"C_V49L,C_E50L,C_Y51F,C_I52L,C_I54T,C_I55V,C_N56S,C_R99S,C_T100A,C_R101L,C_V103D,D_S29D,D_G31H,D_N32I,D_A33S,D_I49L,D_S50K,D_A51T,D_S53G,D_N54V,D_L55K,D_R64L,D_S66G,D_S68T,D_T92Y,D_Y93A,D_S94T,D_A95G","6CWT:C, D, F::PMID=TBD",-5.711750411987305
"6cwt_C_V49L,C_E50Q,C_I52L,C_I54R,C_I55V,C_N56S,C_R99F,C_T100S,C_R101S,C_V103I,D_S29N,D_I30V,D_G31H,D_N32H,D_I49T,D_S50V,D_A51T,D_G52T,D_S53E,D_N54T,D_L55A,D_R64V,D_S68E,D_Y93L,D_A95C,D_I96V_F_C, D",-15.959397315979004,-10.695908546447754,"C_V49L,C_E50Q,C_I52L,C_I54R,C_I55V,C_N56S,C_R99F,C_T100S,C_R101S,C_V103I,D_S29N,D_I30V,D_G31H,D_N32H,D_I49T,D_S50V,D_A51T,D_G52T,D_S53E,D_N54T,D_L55A,D_R64V,D_S68E,D_Y93L,D_A95C,D_I96V","6CWT:C, D, F::PMID=TBD",-5.26348876953125
"6cwt_C_V49L,C_E50Q,C_Y51F,C_I52L,C_I54T,C_N56D,C_A98G,C_R99S,C_T100A,C_R101F,C_V103N,D_S29D,D_I30V,D_G31Y,D_N32E,D_A33S,D_I49T,D_S50R,D_G52R,D_S53G,D_N54V,D_L55V,D_S66G,D_S68T,D_Y93L,D_S94T,D_A95W,D_I96R_F_C, D",-15.959397315979004,-10.345413208007812,"C_V49L,C_E50Q,C_Y51F,C_I52L,C_I54T,C_N56D,C_A98G,C_R99S,C_T100A,C_R101F,C_V103N,D_S29D,D_I30V,D_G31Y,D_N32E,D_A33S,D_I49T,D_S50R,D_G52R,D_S53G,D_N54V,D_L55V,D_S66G,D_S68T,D_Y93L,D_S94T,D_A95W,D_I96R","6CWT:C, D, F::PMID=TBD",-5.613984107971191
"6cwt_C_V49L,C_Y51F,C_I52Y,C_I54K,C_I55V,C_N56S,C_A98R,C_R99Y,C_T100A,C_V103D,D_G31F,D_N32H,D_A33S,D_I49T,D_S50R,D_A51S,D_S53G,D_N54T,D_L55V,D_S68M,D_T92A,D_Y93L,D_A95T,D_I96R_F_C, D",-15.959397315979004,-11.056657791137695,"C_V49L,C_Y51F,C_I52Y,C_I54K,C_I55V,C_N56S,C_A98R,C_R99Y,C_T100A,C_V103D,D_G31F,D_N32H,D_A33S,D_I49T,D_S50R,D_A51S,D_S53G,D_N54T,D_L55V,D_S68M,D_T92A,D_Y93L,D_A95T,D_I96R","6CWT:C, D, F::PMID=TBD",-4.902739524841309
"6cwt_C_V49L,C_Y51F,C_R99Q,C_R101L,C_V103I,D_S29D,D_I30L,D_N32H,D_A33S,D_S50T,D_A51R,D_G52E,D_S53N,D_N54T,D_L55Q,D_R64I,D_S68Q,D_I96V_F_C, D",-15.959397315979004,-10.509647941589355,"C_V49L,C_Y51F,C_R99Q,C_R101L,C_V103I,D_S29D,D_I30L,D_N32H,D_A33S,D_S50T,D_A51R,D_G52E,D_S53N,D_N54T,D_L55Q,D_R64I,D_S68Q,D_I96V","6CWT:C, D, F::PMID=TBD",-5.449749374389649
"6cwt_C_V49M,C_E50Q,C_I52L,C_I54V,C_N56D,C_R99K,C_T100S,C_V103E,D_S29A,D_I30V,D_G31Y,D_N32H,D_A33S,D_I49L,D_S50K,D_A51S,D_S53Q,D_L55R,D_R64Q,D_S68Y,D_T92V,D_Y93D,D_A95S_F_C, D",-15.959397315979004,-10.195726203918458,"C_V49M,C_E50Q,C_I52L,C_I54V,C_N56D,C_R99K,C_T100S,C_V103E,D_S29A,D_I30V,D_G31Y,D_N32H,D_A33S,D_I49L,D_S50K,D_A51S,D_S53Q,D_L55R,D_R64Q,D_S68Y,D_T92V,D_Y93D,D_A95S","6CWT:C, D, F::PMID=TBD",-5.763671112060546
"6har_E_A9E,E_E10Q,E_T11G,E_P13D,E_R15K,E_A16Y,E_F18N_A_E",-13.934557914733887,-10.676899337768555,"E_A9E,E_E10Q,E_T11G,E_P13D,E_R15K,E_A16Y,E_F18N","6HAR:A, E::PMID=30700553",-3.2576585769653317
"6har_E_A9E,E_E10S,E_P13I,E_A16G_A_E",-13.934557914733887,-9.951447486877441,"E_A9E,E_E10S,E_P13I,E_A16G","6HAR:A, E::PMID=30700553",-3.9831104278564453
"6har_E_A9K,E_E10D,E_F18V,E_Y35V_A_E",-13.934557914733887,-10.914040756225585,"E_A9K,E_E10D,E_F18V,E_Y35V","6HAR:A, E::PMID=30700553",-3.0205171585083015
"6har_E_A9Q,E_E10D,E_T11F,E_R15K_A_E",-13.934557914733887,-10.878429794311524,"E_A9Q,E_E10D,E_T11F,E_R15K","6HAR:A, E::PMID=30700553",-3.056128120422363
"6har_E_A9R,E_E10D,E_R15K,E_A16S,E_F18D,E_P32S_A_E",-13.934557914733887,-10.036929702758789,"E_A9R,E_E10D,E_R15K,E_A16S,E_F18D,E_P32S","6HAR:A, E::PMID=30700553",-3.897628211975098
"6har_E_A9S,E_E10S,E_R15K,E_C17S,E_C34D,E_G37S_A_E",-13.934557914733887,-10.537578773498534,"E_A9S,E_E10S,E_R15K,E_C17S,E_C34D,E_G37S","6HAR:A, E::PMID=30700553",-3.3969791412353523
"6har_E_A9S,E_G12I,E_P13F,E_C17A,E_F18G,E_C34A_A_E",-13.934557914733887,-10.997617721557617,"E_A9S,E_G12I,E_P13F,E_C17A,E_F18G,E_C34A","6HAR:A, E::PMID=30700553",-2.9369401931762695
"6har_E_E10T,E_P13E,E_R15M,E_F18E_A_E",-13.934557914733887,-8.45221176147461,"E_E10T,E_P13E,E_R15M,E_F18E","6HAR:A, E::PMID=30700553",-5.482346153259277
"6ous_W_D30E,W_G101A,W_A102N,W_P103S,W_Y104E,W_G106S,W_N107K,W_S108A,W_Y110S,X_R30K,X_G31N,X_F49Y,X_D50R,X_S52G,X_S53Q,X_L54K,X_E55N,X_T56L,X_S67A_K, L_W, X",-14.538759231567383,-9.221444511413575,"W_D30E,W_G101A,W_A102N,W_P103S,W_Y104E,W_G106S,W_N107K,W_S108A,W_Y110S,X_R30K,X_G31N,X_F49Y,X_D50R,X_S52G,X_S53Q,X_L54K,X_E55N,X_T56L,X_S67A","6OUS:K, L, W, X::PMID=31515478",-5.317314720153808
"6ous_W_D30E,W_G101A,W_A102Q,W_Y104A,W_G106S,W_N107L,W_S108A,W_Y110S,W_Y111F,X_V29I,X_R30K,X_F49G,X_D50G,X_S52G,X_S53A,X_L54V,X_T56P,X_F91M_K, L_W, X",-14.538759231567383,-9.563919639587402,"W_D30E,W_G101A,W_A102Q,W_Y104A,W_G106S,W_N107L,W_S108A,W_Y110S,W_Y111F,X_V29I,X_R30K,X_F49G,X_D50G,X_S52G,X_S53A,X_L54V,X_T56P,X_F91M","6OUS:K, L, W, X::PMID=31515478",-4.974839591979981
"6ous_W_D30E,W_G101A,W_A102R,W_G106S,W_N107K,W_Y110S,X_R30H,X_D50R,X_S52G,X_S53Q,X_L54R,X_T56R,X_F91R_K, L_W, X",-14.538759231567383,-10.04950122833252,"W_D30E,W_G101A,W_A102R,W_G106S,W_N107K,W_Y110S,X_R30H,X_D50R,X_S52G,X_S53Q,X_L54R,X_T56R,X_F91R","6OUS:K, L, W, X::PMID=31515478",-4.489258003234863
"6ous_W_D30E,W_G101A,W_A102R,W_P103S,W_G106S,W_N107Q,W_S108A,W_Y110H,W_V230P,X_V29S,X_I48L,X_F49Y,X_S52G,X_L54R,X_F91N_K, L_W, X",-14.538759231567383,-10.362790870666505,"W_D30E,W_G101A,W_A102R,W_P103S,W_G106S,W_N107Q,W_S108A,W_Y110H,W_V230P,X_V29S,X_I48L,X_F49Y,X_S52G,X_L54R,X_F91N","6OUS:K, L, W, X::PMID=31515478",-4.175968360900878
"6ous_W_D30E,W_G101W,W_A102Q,W_Y104W,W_G106S,W_N107S,W_S108A,W_D109E,W_Y110H,W_Y111S,X_V29T,X_R30Q,X_D50E,X_S53R,X_L54R,X_E55N,X_T56L,X_S67E_K, L_W, X",-14.538759231567383,-9.419717407226562,"W_D30E,W_G101W,W_A102Q,W_Y104W,W_G106S,W_N107S,W_S108A,W_D109E,W_Y110H,W_Y111S,X_V29T,X_R30Q,X_D50E,X_S53R,X_L54R,X_E55N,X_T56L,X_S67E","6OUS:K, L, W, X::PMID=31515478",-5.119041824340821
"6ous_W_D30I,W_G101K,W_A102M,W_Y104W,W_G106A,W_N107Q,W_Y110H,X_D28N,X_V29I,X_R30H,X_I48V,X_F49Y,X_D50N,X_S52G,X_S53T,X_L54K,X_E55N,X_T56S_K, L_W, X",-14.538759231567383,-9.843231964111329,"W_D30I,W_G101K,W_A102M,W_Y104W,W_G106A,W_N107Q,W_Y110H,X_D28N,X_V29I,X_R30H,X_I48V,X_F49Y,X_D50N,X_S52G,X_S53T,X_L54K,X_E55N,X_T56S","6OUS:K, L, W, X::PMID=31515478",-4.695527267456054
"6ous_W_D30P,W_A102M,W_P103D,W_Y104A,W_G106S,W_N107I,W_D109P,W_Y110V,W_Y111F,W_V230I,X_R30N,X_I48M,X_F49Y,X_D50V,X_S52G,X_S53K,X_L54R,X_E55Y,X_T56S,X_S67Q,X_F91Q_K, L_W, X",-14.538759231567383,-9.365247535705567,"W_D30P,W_A102M,W_P103D,W_Y104A,W_G106S,W_N107I,W_D109P,W_Y110V,W_Y111F,W_V230I,X_R30N,X_I48M,X_F49Y,X_D50V,X_S52G,X_S53K,X_L54R,X_E55Y,X_T56S,X_S67Q,X_F91Q","6OUS:K, L, W, X::PMID=31515478",-5.173511695861816
"6ous_W_D30S,W_G101A,W_A102L,W_Y104A,W_G106S,W_N107M,W_S108A,W_Y110E,W_Y111F,W_V230I,X_R30Q,X_F49Y,X_S52G,X_S53Q,X_L54R,X_E55M,X_F91S_K, L_W, X",-14.538759231567383,-9.19102611541748,"W_D30S,W_G101A,W_A102L,W_Y104A,W_G106S,W_N107M,W_S108A,W_Y110E,W_Y111F,W_V230I,X_R30Q,X_F49Y,X_S52G,X_S53Q,X_L54R,X_E55M,X_F91S","6OUS:K, L, W, X::PMID=31515478",-5.347733116149902
"1bd2_A_P57D,A_E58D,A_D61G,A_G62N,A_R65L,A_K68R,A_A69Q,A_S71Y,A_Q72Y,A_H145M,A_E148Y,A_A149E,A_H151R,A_A153H,A_E154F,A_A158Q,A_V165I_D, E_A, C",-5.143359184265137,-6.130155944824219,"A_P57D,A_E58D,A_D61G,A_G62N,A_R65L,A_K68R,A_A69Q,A_S71Y,A_Q72Y,A_H145M,A_E148Y,A_A149E,A_H151R,A_A153H,A_E154F,A_A158Q,A_V165I","1BD2:A, C, D, E:C_Y8A:PMID=23736024",0.9867967605590824
"1bd2_A_P57E,A_D61A,A_G62S,A_K68H,A_A69N,A_S71Y,A_Q72R,A_R75A,A_H145A,A_A149T,A_A150F,A_H151E,A_E154K,A_L156F,A_R157K,A_A158S,A_Y159W,A_L160A,A_E161R,A_E166D_D, E_A, C",-5.143359184265137,-6.518135452270508,"A_P57E,A_D61A,A_G62S,A_K68H,A_A69N,A_S71Y,A_Q72R,A_R75A,A_H145A,A_A149T,A_A150F,A_H151E,A_E154K,A_L156F,A_R157K,A_A158S,A_Y159W,A_L160A,A_E161R,A_E166D","1BD2:A, C, D, E:C_Y8A:PMID=23736024",1.3747762680053714
"1bd2_A_P57E,A_D61E,A_G62N,A_T64S,A_R65L,A_V67A,A_K68Y,A_A69G,A_S71Y,A_Q72F,A_R75K,A_H145K,A_K146R,A_E148D,A_A149E,A_H151N,A_E154D,A_A158S,A_E166D_D, E_A, C",-5.143359184265137,-6.498239421844483,"A_P57E,A_D61E,A_G62N,A_T64S,A_R65L,A_V67A,A_K68Y,A_A69G,A_S71Y,A_Q72F,A_R75K,A_H145K,A_K146R,A_E148D,A_A149E,A_H151N,A_E154D,A_A158S,A_E166D","1BD2:A, C, D, E:C_Y8A:PMID=23736024",1.354880237579346
"1bd2_A_P57E,A_E58A,A_D61Q,A_G62N,A_T64S,A_R65D,A_K68M,A_S71Y,A_Q72Y,A_R75N,A_H145A,A_K146R,A_E148N,A_A149K,A_A150C,A_H151N,A_A153H,A_L156V,A_R157N,A_A158G,A_E161Q,A_E166D_D, E_A, C",-5.143359184265137,-6.183041191101074,"A_P57E,A_E58A,A_D61Q,A_G62N,A_T64S,A_R65D,A_K68M,A_S71Y,A_Q72Y,A_R75N,A_H145A,A_K146R,A_E148N,A_A149K,A_A150C,A_H151N,A_A153H,A_L156V,A_R157N,A_A158G,A_E161Q,A_E166D","1BD2:A, C, D, E:C_Y8A:PMID=23736024",1.0396820068359371
"1bd2_A_P57E,A_E58D,A_D61E,A_V67N,A_K68H,A_A69G,A_S71K,A_Q72R,A_R75D,A_H145E,A_A149K,A_H151R,A_E154S,A_R157S,A_Y159F,A_E161M,A_G162V_D, E_A, C",-5.143359184265137,-6.494073867797852,"A_P57E,A_E58D,A_D61E,A_V67N,A_K68H,A_A69G,A_S71K,A_Q72R,A_R75D,A_H145E,A_A149K,A_H151R,A_E154S,A_R157S,A_Y159F,A_E161M,A_G162V","1BD2:A, C, D, E:C_Y8A:PMID=23736024",1.3507146835327148
"1bd2_A_P57E,A_E58L,A_D61K,A_G62L,A_V67A,A_K68R,A_A69H,A_S71A,A_Q72R,A_R75A,A_H145L,A_K146L,A_A149L,A_A150S,A_H151Q,A_E154H,A_L156F,A_Y159W,A_L160V,A_E161P,A_G162D,A_E166R_D, E_A, C",-5.143359184265137,-6.152461051940918,"A_P57E,A_E58L,A_D61K,A_G62L,A_V67A,A_K68R,A_A69H,A_S71A,A_Q72R,A_R75A,A_H145L,A_K146L,A_A149L,A_A150S,A_H151Q,A_E154H,A_L156F,A_Y159W,A_L160V,A_E161P,A_G162D,A_E166R","1BD2:A, C, D, E:C_Y8A:PMID=23736024",1.0091018676757812
"1bd2_A_P57Q,A_E58D,A_G62L,A_R65L,A_V67A,A_A69F,A_S71Y,A_Q72S,A_R75V,A_H145S,A_A149R,A_H151K,A_E161F_D, E_A, C",-5.143359184265137,-6.092574214935302,"A_P57Q,A_E58D,A_G62L,A_R65L,A_V67A,A_A69F,A_S71Y,A_Q72S,A_R75V,A_H145S,A_A149R,A_H151K,A_E161F","1BD2:A, C, D, E:C_Y8A:PMID=23736024",0.9492150306701657
"1bd2_A_P57W,A_D61A,A_G62N,A_V67M,A_K68N,A_A69G,A_S71Y,A_Q72V,A_R75V,A_H145Y,A_K146R,A_E148D,A_A149L,A_A150W,A_H151K,A_A153N,A_L156F,A_L160S,A_E161S,A_E166D_D, E_A, C",-5.143359184265137,-6.625512027740479,"A_P57W,A_D61A,A_G62N,A_V67M,A_K68N,A_A69G,A_S71Y,A_Q72V,A_R75V,A_H145Y,A_K146R,A_E148D,A_A149L,A_A150W,A_H151K,A_A153N,A_L156F,A_L160S,A_E161S,A_E166D","1BD2:A, C, D, E:C_Y8A:PMID=23736024",1.4821528434753422
"1c1y_A_L19Q,A_Q25A,A_I27V,A_F28Y,A_Y32D,A_I36L,A_E37F,A_D38Q,A_Y40F,A_E54V,A_I55S_B_A",-5.324482440948486,-6.3796570777893065,"A_L19Q,A_Q25A,A_I27V,A_F28Y,A_Y32D,A_I36L,A_E37F,A_D38Q,A_Y40F,A_E54V,A_I55S","1C1Y:A, B:B_N10D, B_R5A:PMID=15236966",1.0551746368408201
"1c1y_A_L19Q,A_T20A,A_V21I,A_Q25S,A_I27E,A_F28Y,A_Y32R,A_D33G,A_T35A,A_E37F,A_D38E,A_S39T,A_Y40F,A_R41C,A_E54H,A_L56W_B_A",-6.169980525970459,-6.079027271270752,"A_L19Q,A_T20A,A_V21I,A_Q25S,A_I27E,A_F28Y,A_Y32R,A_D33G,A_T35A,A_E37F,A_D38E,A_S39T,A_Y40F,A_R41C,A_E54H,A_L56W","1C1Y:A, B:B_R5A:PMID=15236966",-0.09095325469970739
"1c1y_A_L19T,A_Q25A,A_G26N,A_F28Y,A_Y32D,A_T35E,A_I36A,A_E37Y,A_D38Q,A_S39T,A_Y40K,A_R41H,A_E54N_B_A",-6.169980525970459,-5.842746067047119,"A_L19T,A_Q25A,A_G26N,A_F28Y,A_Y32D,A_T35E,A_I36A,A_E37Y,A_D38Q,A_S39T,A_Y40K,A_R41H,A_E54N","1C1Y:A, B:B_R5A:PMID=15236966",-0.32723445892334
"1c1y_A_L19T,A_Q25F,A_I27E,A_F28Y,A_Y32C,A_D33I,A_E37N,A_D38Q,A_S39T,A_Y40F,A_E54M,A_L56S_B_A",-6.169980525970459,-6.474145126342774,"A_L19T,A_Q25F,A_I27E,A_F28Y,A_Y32C,A_D33I,A_E37N,A_D38Q,A_S39T,A_Y40F,A_E54M,A_L56S","1C1Y:A, B:B_R5A:PMID=15236966",0.30416460037231463
"1c1y_A_L19T,A_T20S,A_F23L,A_V24T,A_Q25S,A_G26C,A_I27K,A_F28Y,A_Y32R,A_D33S,A_P34M,A_T35N,A_E37F,A_D38E,A_S39T,A_E54S_B_A",-5.324482440948486,-6.8853412628173825,"A_L19T,A_T20S,A_F23L,A_V24T,A_Q25S,A_G26C,A_I27K,A_F28Y,A_Y32R,A_D33S,A_P34M,A_T35N,A_E37F,A_D38E,A_S39T,A_E54S","1C1Y:A, B:B_N10D, B_R5A:PMID=15236966",1.5608588218688961
"1c1y_A_L19T,A_T20S,A_V24T,A_Q25A,A_I27K,A_Y32N,A_D33S,A_T35N,A_D38N,A_S39T,A_Y40M,A_E54S_B_A",-6.169980525970459,-6.904127979278565,"A_L19T,A_T20S,A_V24T,A_Q25A,A_I27K,A_Y32N,A_D33S,A_T35N,A_D38N,A_S39T,A_Y40M,A_E54S","1C1Y:A, B:B_R5A:PMID=15236966",0.7341474533081058
"1c1y_A_L19T,A_T20V,A_V21I,A_F23Y,A_Q25S,A_G26N,A_I27R,A_F28Y,A_Y32E,A_D33S,A_P34A,A_E37D,A_D38V,A_S39T,A_Y40F,A_L53K,A_E54D_B_A",-6.169980525970459,-6.636414623260498,"A_L19T,A_T20V,A_V21I,A_F23Y,A_Q25S,A_G26N,A_I27R,A_F28Y,A_Y32E,A_D33S,A_P34A,A_E37D,A_D38V,A_S39T,A_Y40F,A_L53K,A_E54D","1C1Y:A, B:B_R5A:PMID=15236966",0.4664340972900387
"1c1y_A_L19T,A_T20V,A_V21I,A_Q25S,A_I27R,A_F28Y,A_Y32R,A_D33E,A_E37Q,A_D38E,A_S39T,A_Y40F_B_A",-6.169980525970459,-6.317090797424316,"A_L19T,A_T20V,A_V21I,A_Q25S,A_I27R,A_F28Y,A_Y32R,A_D33E,A_E37Q,A_D38E,A_S39T,A_Y40F","1C1Y:A, B:B_R5A:PMID=15236966",0.14711027145385724
"1c1y_A_T20C,A_V21I,A_V24K,A_Q25N,A_I27M,A_Y32H,A_D33E,A_T35N,A_D38E,A_S39T,A_Y40F,A_R41S,A_L53M,A_E54H_B_A",-5.324482440948486,-6.112246990203857,"A_T20C,A_V21I,A_V24K,A_Q25N,A_I27M,A_Y32H,A_D33E,A_T35N,A_D38E,A_S39T,A_Y40F,A_R41S,A_L53M,A_E54H","1C1Y:A, B:B_N10D, B_R5A:PMID=15236966",0.7877645492553711
"1c1y_A_T20I,A_V24C,A_Q25N,A_F28V,A_T35P,A_E37D,A_D38E,A_S39T,A_R41T,A_E54I,A_L56T_B_A",-6.169980525970459,-6.085572814941406,"A_T20I,A_V24C,A_Q25N,A_F28V,A_T35P,A_E37D,A_D38E,A_S39T,A_R41T,A_E54I,A_L56T","1C1Y:A, B:B_R5A:PMID=15236966",-0.08440771102905309
"1c1y_A_T20K,A_V21Y,A_V24C,A_Q25S,A_I27E,A_F28Y,A_D33Q,A_E37S,A_D38S,A_S39N,A_Y40L,A_R41T,A_L53M,A_E54F,A_L56Q_B_A",-5.324482440948486,-6.910496520996094,"A_T20K,A_V21Y,A_V24C,A_Q25S,A_I27E,A_F28Y,A_D33Q,A_E37S,A_D38S,A_S39N,A_Y40L,A_R41T,A_L53M,A_E54F,A_L56Q","1C1Y:A, B:B_N10D, B_R5A:PMID=15236966",1.5860140800476072
"1c1y_A_T20V,A_V24C,A_Q25A,A_I27L,A_F28Y,A_Y32E,A_D33R,A_E37M,A_D38E,A_S39T,A_Y40F,A_E54Y_B_A",-5.324482440948486,-5.95428237915039,"A_T20V,A_V24C,A_Q25A,A_I27L,A_F28Y,A_Y32E,A_D33R,A_E37M,A_D38E,A_S39T,A_Y40F,A_E54Y","1C1Y:A, B:B_N10D, B_R5A:PMID=15236966",0.6297999382019039
"1c1y_A_T20V,A_V24C,A_Q25S,A_G26D,A_F28Y,A_Y32H,A_D33N,A_E37D,A_S39T,A_Y40F,A_R41T,A_L53Y,A_E54K,A_L56I_B_A",-6.169980525970459,-7.203920555114746,"A_T20V,A_V24C,A_Q25S,A_G26D,A_F28Y,A_Y32H,A_D33N,A_E37D,A_S39T,A_Y40F,A_R41T,A_L53Y,A_E54K,A_L56I","1C1Y:A, B:B_R5A:PMID=15236966",1.0339400291442873
"1c1y_A_V21I,A_Q25N,A_I27K,A_F28V,A_Y32E,A_D33I,A_E37D,A_D38T,A_S39T,A_Y40F,A_R41S,A_E54V,A_L56W_B_A",-5.324482440948486,-6.392966938018799,"A_V21I,A_Q25N,A_I27K,A_F28V,A_Y32E,A_D33I,A_E37D,A_D38T,A_S39T,A_Y40F,A_R41S,A_E54V,A_L56W","1C1Y:A, B:B_N10D, B_R5A:PMID=15236966",1.0684844970703127
"1c1y_A_V21I,A_Q25N,A_I27Q,A_F28Y,A_D33K,A_P34Y,A_T35V,A_E37N,A_D38E,A_S39G,A_Y40F,A_R41T,A_E54A,A_L56H_B_A",-5.324482440948486,-6.122284412384033,"A_V21I,A_Q25N,A_I27Q,A_F28Y,A_D33K,A_P34Y,A_T35V,A_E37N,A_D38E,A_S39G,A_Y40F,A_R41T,A_E54A,A_L56H","1C1Y:A, B:B_N10D, B_R5A:PMID=15236966",0.7978019714355469
"1c1y_A_V21Y,A_V24C,A_Q25L,A_G26N,A_I27E,A_F28Y,A_Y32G,A_D33E,A_P34D,A_T35N,A_I36L,A_E37F,A_S39T,A_Y40G,A_R41F,A_E54R,A_L56F_B_A",-5.324482440948486,-6.919290065765381,"A_V21Y,A_V24C,A_Q25L,A_G26N,A_I27E,A_F28Y,A_Y32G,A_D33E,A_P34D,A_T35N,A_I36L,A_E37F,A_S39T,A_Y40G,A_R41F,A_E54R,A_L56F","1C1Y:A, B:B_N10D, B_R5A:PMID=15236966",1.5948076248168945
"1cho_F_F24N,F_F26Y,F_C27A,F_C43T,F_R130Q,G_Y23H,G_T26L,G_S42H,G_M44F,G_S47A,G_I64V,G_S70D,G_G78Y_I_E, F, G",-11.7046480178833,-11.043468475341797,"F_F24N,F_F26Y,F_C27A,F_C43T,F_R130Q,G_Y23H,G_T26L,G_S42H,G_M44F,G_S47A,G_I64V,G_S70D,G_G78Y","1CHO:E, F, G, I:I_T14Q:PMID=11171964",-0.6611795425415039
"1cho_F_F24T,F_H25L,F_C27A,F_C43T,F_R130E,G_N2K,G_Y23F,G_T26N,G_S42A,G_C43I,G_M44V,G_S47A,G_V65N,G_S66I,G_S70D,G_T71S,G_G78S,G_N97Q_I_E, F, G",-11.7046480178833,-10.74874382019043,"F_F24T,F_H25L,F_C27A,F_C43T,F_R130E,G_N2K,G_Y23F,G_T26N,G_S42A,G_C43I,G_M44V,G_S47A,G_V65N,G_S66I,G_S70D,G_T71S,G_G78S,G_N97Q","1CHO:E, F, G, I:I_T14Q:PMID=11171964",-0.9559041976928704
"1cho_F_Q19C,F_F24A,F_H25L,F_T39K,F_H42N,F_T83E,F_R130A,G_N2G,G_S42A,G_M44G,G_S47I,G_V65I,G_W67F,G_S70P,G_T71H,G_G78D,G_N97D_I_E, F, G",-12.770702362060547,-10.939312934875488,"F_Q19C,F_F24A,F_H25L,F_T39K,F_H42N,F_T83E,F_R130A,G_N2G,G_S42A,G_M44G,G_S47I,G_V65I,G_W67F,G_S70P,G_T71H,G_G78D,G_N97D","1CHO:E, F, G, I:I_R18M:PMID=11171964",-1.8313894271850586
"1cho_F_Q19E,F_F24H,F_H25L,F_H42Y,F_R130G,G_N2A,G_T26A,G_S42H,G_M44Y,G_D46Q,G_S47G,G_G78D,G_N97I_I_E, F, G",-11.7046480178833,-10.95504150390625,"F_Q19E,F_F24H,F_H25L,F_H42Y,F_R130G,G_N2A,G_T26A,G_S42H,G_M44Y,G_D46Q,G_S47G,G_G78D,G_N97I","1CHO:E, F, G, I:I_T14Q:PMID=11171964",-0.7496065139770511
"1cho_F_Q19E,F_F24N,F_H25P,F_C27G,F_H42S,F_C43M,F_R130E,G_N2G,G_T26S,G_S42Q,G_M44F,G_D46H,G_S47K,G_I64M,G_S70D,G_G78D,G_N97H_I_E, F, G",-12.770702362060547,-11.137750244140625,"F_Q19E,F_F24N,F_H25P,F_C27G,F_H42S,F_C43M,F_R130E,G_N2G,G_T26S,G_S42Q,G_M44F,G_D46H,G_S47K,G_I64M,G_S70D,G_G78D,G_N97H","1CHO:E, F, G, I:I_R18M:PMID=11171964",-1.6329521179199222
"1cho_F_Q19G,F_H25D,F_A41G,F_R130K,G_T26E,G_S41A,G_S42R,G_M44I,G_S47A,G_S66T,G_T71H,G_G78D,G_N97E_I_E, F, G",-11.7046480178833,-10.66579704284668,"F_Q19G,F_H25D,F_A41G,F_R130K,G_T26E,G_S41A,G_S42R,G_M44I,G_S47A,G_S66T,G_T71H,G_G78D,G_N97E","1CHO:E, F, G, I:I_T14Q:PMID=11171964",-1.0388509750366204
"1cho_F_Q19I,F_F24H,F_H25M,F_C27A,F_C43A,F_W126R,F_R130P,G_N2G,G_T26D,G_S41V,G_S42Q,G_M44Y,G_D46Q,G_S47G,G_W67F,G_S70N,G_T71S,G_G78S_I_E, F, G",-12.770702362060547,-11.409930801391601,"F_Q19I,F_F24H,F_H25M,F_C27A,F_C43A,F_W126R,F_R130P,G_N2G,G_T26D,G_S41V,G_S42Q,G_M44Y,G_D46Q,G_S47G,G_W67F,G_S70N,G_T71S,G_G78S","1CHO:E, F, G, I:I_R18M:PMID=11171964",-1.3607715606689457
"1cho_F_Q19I,F_F24N,F_H25M,F_F26Y,F_G125D,F_R130D,G_N2A,G_T26Q,G_S42A,G_M44F,G_S47G,G_V65T,G_S66W,G_W67E,G_S70C,G_T71K,G_G78N_I_E, F, G",-11.7046480178833,-11.503873825073242,"F_Q19I,F_F24N,F_H25M,F_F26Y,F_G125D,F_R130D,G_N2A,G_T26Q,G_S42A,G_M44F,G_S47G,G_V65T,G_S66W,G_W67E,G_S70C,G_T71K,G_G78N","1CHO:E, F, G, I:I_T14Q:PMID=11171964",-0.2007741928100586
"1cho_F_Q19K,F_F24E,F_H25K,F_C27A,F_C43A,F_R130Y,G_N2G,G_T26D,G_S41N,G_S42A,G_M44F,G_S47P,G_S70D,G_G78D,G_N97E_I_E, F, G",-12.770702362060547,-10.629435539245605,"F_Q19K,F_F24E,F_H25K,F_C27A,F_C43A,F_R130Y,G_N2G,G_T26D,G_S41N,G_S42A,G_M44F,G_S47P,G_S70D,G_G78D,G_N97E","1CHO:E, F, G, I:I_R18M:PMID=11171964",-2.1412668228149414
"1cho_F_Q19K,F_F24N,F_H25P,F_T83S,F_R130S,G_N2A,G_T26S,G_S41Q,G_S42N,G_M44Y,G_S47G,G_I64V,G_S69F,G_S70D,G_G78D_I_E, F, G",-12.770702362060547,-11.322903060913086,"F_Q19K,F_F24N,F_H25P,F_T83S,F_R130S,G_N2A,G_T26S,G_S41Q,G_S42N,G_M44Y,G_S47G,G_I64V,G_S69F,G_S70D,G_G78D","1CHO:E, F, G, I:I_R18M:PMID=11171964",-1.4477993011474606
"1cho_F_Q19M,F_F24E,F_H25R,F_C27A,F_C43T,F_R130V,G_N2Y,G_Y23E,G_T26S,G_S42V,G_M44F,G_S47A,G_W67Y,G_S70D,G_T71S,G_P77S,G_G78D_I_E, F, G",-12.770702362060547,-11.310631942749023,"F_Q19M,F_F24E,F_H25R,F_C27A,F_C43T,F_R130V,G_N2Y,G_Y23E,G_T26S,G_S42V,G_M44F,G_S47A,G_W67Y,G_S70D,G_T71S,G_P77S,G_G78D","1CHO:E, F, G, I:I_R18M:PMID=11171964",-1.4600704193115241
"1cho_F_Q19M,F_F24R,F_H25R,F_C27R,F_C43A,F_T83S,F_R130S,G_N2T,G_Y23E,G_T26D,G_S41A,G_S42M,G_M44S,G_S47G,G_I64V,G_V65A,G_W67H,G_S69H,G_S70A,G_T71L,G_G78D,G_N97E_I_E, F, G",-11.7046480178833,-11.372984504699707,"F_Q19M,F_F24R,F_H25R,F_C27R,F_C43A,F_T83S,F_R130S,G_N2T,G_Y23E,G_T26D,G_S41A,G_S42M,G_M44S,G_S47G,G_I64V,G_V65A,G_W67H,G_S69H,G_S70A,G_T71L,G_G78D,G_N97E","1CHO:E, F, G, I:I_T14Q:PMID=11171964",-0.3316635131835941
"1cho_F_Q19R,F_F24H,F_H25L,F_F26K,F_A41G,F_T83S,F_R130S,G_N2G,G_T26P,G_S41A,G_S42Q,G_M44F,G_S47A,G_W67K,G_S70A,G_T71S,G_G78D,G_N97S_I_E, F, G",-12.770702362060547,-10.683424758911134,"F_Q19R,F_F24H,F_H25L,F_F26K,F_A41G,F_T83S,F_R130S,G_N2G,G_T26P,G_S41A,G_S42Q,G_M44F,G_S47A,G_W67K,G_S70A,G_T71S,G_G78D,G_N97S","1CHO:E, F, G, I:I_R18M:PMID=11171964",-2.0872776031494134
"1cho_F_Q19R,F_F24N,F_H25L,F_C27A,F_A41S,F_H42D,F_C43T,F_R130S,G_N2G,G_Y23F,G_T26S,G_S42Q,G_M44Y,G_S47A,G_V65G,G_W67Y,G_T71S,G_G78N,G_N97H_I_E, F, G",-11.7046480178833,-10.898189735412597,"F_Q19R,F_F24N,F_H25L,F_C27A,F_A41S,F_H42D,F_C43T,F_R130S,G_N2G,G_Y23F,G_T26S,G_S42Q,G_M44Y,G_S47A,G_V65G,G_W67Y,G_T71S,G_G78N,G_N97H","1CHO:E, F, G, I:I_T14Q:PMID=11171964",-0.8064582824707038
"1cho_F_Q19R,F_F24N,F_H25M,F_A41S,F_H42N,F_T83C,F_R130N,G_Y23Q,G_T26N,G_S41H,G_S42W,G_M44Y,G_S47Q,G_I64V,G_S70A,G_T71N,G_P77S,G_G78T_I_E, F, G",-11.7046480178833,-11.06287441253662,"F_Q19R,F_F24N,F_H25M,F_A41S,F_H42N,F_T83C,F_R130N,G_Y23Q,G_T26N,G_S41H,G_S42W,G_M44Y,G_S47Q,G_I64V,G_S70A,G_T71N,G_P77S,G_G78T","1CHO:E, F, G, I:I_T14Q:PMID=11171964",-0.64177360534668
"1cho_F_Q19R,F_G23W,F_F24N,F_H25T,F_F26Y,F_C27S,F_H42N,F_C43N,G_N2Q,G_T26S,G_S41A,G_S42T,G_M44F,G_S47A,G_S70H,G_T71D,G_G78D_I_E, F, G",-12.770702362060547,-11.313798141479491,"F_Q19R,F_G23W,F_F24N,F_H25T,F_F26Y,F_C27S,F_H42N,F_C43N,G_N2Q,G_T26S,G_S41A,G_S42T,G_M44F,G_S47A,G_S70H,G_T71D,G_G78D","1CHO:E, F, G, I:I_R18M:PMID=11171964",-1.4569042205810554
"1dan_H_R119H,H_T120V,H_L121S,H_L153F,H_T155R,H_Q156K,L_L5G,L_S15N,L_L17F,L_R21T,L_K24E,L_F33Y,L_R38F,L_I40Y,L_K42A,L_A44K,L_R46Q,L_K48N,L_F50Y,L_I52V,L_K72R,L_D73N,L_S77G,L_I79V,L_F81Y,L_L83Q,L_A85N,L_E87M,L_R89E,L_D97R,L_L99N,L_V102L,L_E104D_T, U_H, L",-12.74930191040039,-11.275883293151855,"H_R119H,H_T120V,H_L121S,H_L153F,H_T155R,H_Q156K,L_L5G,L_S15N,L_L17F,L_R21T,L_K24E,L_F33Y,L_R38F,L_I40Y,L_K42A,L_A44K,L_R46Q,L_K48N,L_F50Y,L_I52V,L_K72R,L_D73N,L_S77G,L_I79V,L_F81Y,L_L83Q,L_A85N,L_E87M,L_R89E,L_D97R,L_L99N,L_V102L,L_E104D","1DAN:H, L, T, U:T_K15A, T_T55A:PMID=7756258",-1.4734186172485355
"1dan_H_R119S,H_T120V,H_A122M,H_F123Y,H_V124D,H_L153F,H_M154R,H_T155M,H_Q156K,H_T172S,L_L5S,L_L17W,L_R21V,L_K24P,L_F33Y,L_R38V,L_I40Y,L_K42Q,L_A44P,L_R46W,L_K48D,L_F50A,L_I52V,L_K72A,L_D73N,L_Y78S,L_F81Y,L_L83P,L_A85D,L_E87D,L_G88Y,L_R89D,L_N90Y,L_E92N,L_D97A,L_L99N,L_V102G,L_N103M,L_E104K_T, U_H, L",-12.74930191040039,-11.559986305236816,"H_R119S,H_T120V,H_A122M,H_F123Y,H_V124D,H_L153F,H_M154R,H_T155M,H_Q156K,H_T172S,L_L5S,L_L17W,L_R21V,L_K24P,L_F33Y,L_R38V,L_I40Y,L_K42Q,L_A44P,L_R46W,L_K48D,L_F50A,L_I52V,L_K72A,L_D73N,L_Y78S,L_F81Y,L_L83P,L_A85D,L_E87D,L_G88Y,L_R89D,L_N90Y,L_E92N,L_D97A,L_L99N,L_V102G,L_N103M,L_E104K","1DAN:H, L, T, U:T_K15A, T_T55A:PMID=7756258",-1.189315605163575
"1dan_H_S117A,H_R119D,H_T120I,H_A122N,H_F123Y,H_V124T,H_L153F,H_M154L,H_T172S,L_L5R,L_L17W,L_R21K,L_K24H,L_F33R,L_R38E,L_I40V,L_K42E,L_A44S,L_R46K,L_K48S,L_F50A,L_I52K,L_K72I,L_D73N,L_S77D,L_F81L,L_L83K,L_A85K,L_E87S,L_D97E,L_V102F,L_E104D_T, U_H, L",-12.74930191040039,-10.832778358459473,"H_S117A,H_R119D,H_T120I,H_A122N,H_F123Y,H_V124T,H_L153F,H_M154L,H_T172S,L_L5R,L_L17W,L_R21K,L_K24H,L_F33R,L_R38E,L_I40V,L_K42E,L_A44S,L_R46K,L_K48S,L_F50A,L_I52K,L_K72I,L_D73N,L_S77D,L_F81L,L_L83K,L_A85K,L_E87S,L_D97E,L_V102F,L_E104D","1DAN:H, L, T, U:T_K15A, T_T55A:PMID=7756258",-1.9165235519409176
"1dan_H_S117A,H_R119E,H_T120V,H_A122R,H_F123Y,H_V124Q,H_R125L,H_L153Y,H_M154D,H_T155I,H_Q156Y,L_L5G,L_K24E,L_F33Y,L_R38Y,L_I40V,L_K42I,L_A44K,L_R46P,L_K48D,L_K72T,L_D73N,L_Q74M,L_I79T,L_F81Y,L_L83K,L_A85N,L_F86Y,L_E87H,L_N90T,L_D97Q,L_L99N,L_E104D_T, U_H, L",-12.74930191040039,-11.198103904724121,"H_S117A,H_R119E,H_T120V,H_A122R,H_F123Y,H_V124Q,H_R125L,H_L153Y,H_M154D,H_T155I,H_Q156Y,L_L5G,L_K24E,L_F33Y,L_R38Y,L_I40V,L_K42I,L_A44K,L_R46P,L_K48D,L_K72T,L_D73N,L_Q74M,L_I79T,L_F81Y,L_L83K,L_A85N,L_F86Y,L_E87H,L_N90T,L_D97Q,L_L99N,L_E104D","1DAN:H, L, T, U:T_K15A, T_T55A:PMID=7756258",-1.5511980056762695
"1dan_H_S117A,H_T120L,H_V150L,H_M154F,H_T155R,H_Q156S,H_T172S,L_L5T,L_L17V,L_R21D,L_K24H,L_F33Y,L_R38Q,L_I40F,L_K42Y,L_A44S,L_R46Y,L_K48G,L_L49D,L_F50Y,L_I52T,L_S53T,L_K72L,L_D73N,L_L83P,L_A85N,L_F86Y,L_E87C,L_R89V,L_N90S,L_D97T,L_L99N,L_V102D,L_N103D_T, U_H, L",-12.74930191040039,-11.895779800415038,"H_S117A,H_T120L,H_V150L,H_M154F,H_T155R,H_Q156S,H_T172S,L_L5T,L_L17V,L_R21D,L_K24H,L_F33Y,L_R38Q,L_I40F,L_K42Y,L_A44S,L_R46Y,L_K48G,L_L49D,L_F50Y,L_I52T,L_S53T,L_K72L,L_D73N,L_L83P,L_A85N,L_F86Y,L_E87C,L_R89V,L_N90S,L_D97T,L_L99N,L_V102D,L_N103D","1DAN:H, L, T, U:T_K15A, T_T55A:PMID=7756258",-0.8535221099853523
"1dan_H_S117C,H_R119N,H_T120V,H_A122M,H_F123Y,H_V124I,H_R125H,H_L153Y,H_M154L,H_T155I,H_Q156K,H_T172D,L_L17V,L_R21Y,L_K24E,L_F33R,L_R38E,L_I40V,L_K42R,L_A44E,L_R46T,L_K48S,L_F50Y,L_I52P,L_K72V,L_D73N,L_Y78F,L_I79E,L_L83P,L_A85N,L_F86Y,L_R89V,L_D97E,L_L99D,L_V102E,L_E104Y_T, U_H, L",-12.74930191040039,-11.05955467224121,"H_S117C,H_R119N,H_T120V,H_A122M,H_F123Y,H_V124I,H_R125H,H_L153Y,H_M154L,H_T155I,H_Q156K,H_T172D,L_L17V,L_R21Y,L_K24E,L_F33R,L_R38E,L_I40V,L_K42R,L_A44E,L_R46T,L_K48S,L_F50Y,L_I52P,L_K72V,L_D73N,L_Y78F,L_I79E,L_L83P,L_A85N,L_F86Y,L_R89V,L_D97E,L_L99D,L_V102E,L_E104Y","1DAN:H, L, T, U:T_K15A, T_T55A:PMID=7756258",-1.68974723815918
"1dan_H_S117E,H_R119K,H_T120V,H_F123Y,H_R125Q,H_L153F,H_M154N,H_T155N,H_Q156K,H_T172S,L_L5R,L_L17Y,L_R21S,L_K24Q,L_F33S,L_R38T,L_I40Y,L_R46K,L_K48S,L_L49E,L_F50T,L_W51Y,L_I52V,L_K72V,L_D73N,L_S77D,L_A85N,L_F86Y,L_R89K,L_D97M,L_L99D,L_V102M,L_E104N_T, U_H, L",-12.74930191040039,-11.398284530639648,"H_S117E,H_R119K,H_T120V,H_F123Y,H_R125Q,H_L153F,H_M154N,H_T155N,H_Q156K,H_T172S,L_L5R,L_L17Y,L_R21S,L_K24Q,L_F33S,L_R38T,L_I40Y,L_R46K,L_K48S,L_L49E,L_F50T,L_W51Y,L_I52V,L_K72V,L_D73N,L_S77D,L_A85N,L_F86Y,L_R89K,L_D97M,L_L99D,L_V102M,L_E104N","1DAN:H, L, T, U:T_K15A, T_T55A:PMID=7756258",-1.3510173797607425
"1dan_H_T120V,H_A122F,H_F123Y,H_V124I,H_R125N,H_L153T,H_M154L,H_T155N,H_Q156S,H_T172D,L_L5F,L_S15N,L_L17W,L_R21E,L_K24Q,L_F33Y,L_I40Y,L_R46E,L_K48E,L_F50A,L_I52E,L_S53F,L_K72V,L_D73K,L_F81Y,L_L83P,L_A85N,L_E87F,L_N90Y,L_E92Q,L_D97E,L_V102W,L_E104D_T, U_H, L",-12.74930191040039,-11.770648574829101,"H_T120V,H_A122F,H_F123Y,H_V124I,H_R125N,H_L153T,H_M154L,H_T155N,H_Q156S,H_T172D,L_L5F,L_S15N,L_L17W,L_R21E,L_K24Q,L_F33Y,L_I40Y,L_R46E,L_K48E,L_F50A,L_I52E,L_S53F,L_K72V,L_D73K,L_F81Y,L_L83P,L_A85N,L_E87F,L_N90Y,L_E92Q,L_D97E,L_V102W,L_E104D","1DAN:H, L, T, U:T_K15A, T_T55A:PMID=7756258",-0.9786533355712894
"1dvf_A_I29C,A_T52S,A_A55E,A_F91N,A_W92N,A_S93T,B_T30Q,B_G31K,B_Y32H,B_M50Q,B_N56T,B_T57C,B_D100N_C, D_A, B",-9.238321304321289,-9.159024047851563,"A_I29C,A_T52S,A_A55E,A_F91N,A_W92N,A_S93T,B_T30Q,B_G31K,B_Y32H,B_M50Q,B_N56T,B_T57C,B_D100N","1DVF:A, B, C, D:D_Q104A:PMID=8993317",-0.07929725646972585
"1dvf_A_I29D,A_T52S,A_T53F,A_A55E,A_F91S,A_W92N,A_S93T,B_S28N,B_G31R,B_Y32F,B_M50Q,B_N56Q,B_T57I,B_R99H_C, D_A, B",-9.238321304321289,-9.674474334716797,"A_I29D,A_T52S,A_T53F,A_A55E,A_F91S,A_W92N,A_S93T,B_S28N,B_G31R,B_Y32F,B_M50Q,B_N56Q,B_T57I,B_R99H","1DVF:A, B, C, D:D_Q104A:PMID=8993317",0.43615303039550746
"1dvf_A_T52G,A_T53R,A_F91S,A_W92N,A_S93T,B_S28D,B_G31V,B_Y32R,B_M50Q,B_N56H,B_T57E,B_R97Q,B_E98R,B_R99Y,B_D100K_C, D_A, B",-9.238321304321289,-8.876578235626221,"A_T52G,A_T53R,A_F91S,A_W92N,A_S93T,B_S28D,B_G31V,B_Y32R,B_M50Q,B_N56H,B_T57E,B_R97Q,B_E98R,B_R99Y,B_D100K","1DVF:A, B, C, D:D_Q104A:PMID=8993317",-0.361743068695068
"1dvf_A_T52H,A_T53S,A_F91A,A_W92N,A_S93T,B_T30N,B_G31K,B_Y32V,B_M50E,B_W52H,B_N56M,B_T57V,B_R99V,B_D100Q_C, D_A, B",-9.238321304321289,-8.98124008178711,"A_T52H,A_T53S,A_F91A,A_W92N,A_S93T,B_T30N,B_G31K,B_Y32V,B_M50E,B_W52H,B_N56M,B_T57V,B_R99V,B_D100Q","1DVF:A, B, C, D:D_Q104A:PMID=8993317",-0.257081222534179
"1dvf_A_T52N,A_T53E,A_A55M,A_F91A,A_W92N,A_S93T,B_G31T,B_Y32R,B_M50E,B_W52R,B_N56V,B_T57V,B_R99N,B_D100N_C, D_A, B",-9.238321304321289,-8.58216152191162,"A_T52N,A_T53E,A_A55M,A_F91A,A_W92N,A_S93T,B_G31T,B_Y32R,B_M50E,B_W52R,B_N56V,B_T57V,B_R99N,B_D100N","1DVF:A, B, C, D:D_Q104A:PMID=8993317",-0.6561597824096683
"1dvf_A_T52S,A_F91Y,A_W92N,A_S93T,B_T30K,B_G31Q,B_Y32T,B_M50E,B_T57V,B_R99S,B_D100N_C, D_A, B",-9.238321304321289,-9.271859550476075,"A_T52S,A_F91Y,A_W92N,A_S93T,B_T30K,B_G31Q,B_Y32T,B_M50E,B_T57V,B_R99S,B_D100N","1DVF:A, B, C, D:D_Q104A:PMID=8993317",0.03353824615478551
"1dvf_A_T52S,A_T53Q,A_F91I,A_W92N,A_S93T,B_S28T,B_T30N,B_G31R,B_Y32T,B_M50S,B_W52T,B_N56T,B_D100A_C, D_A, B",-9.238321304321289,-8.192609310150146,"A_T52S,A_T53Q,A_F91I,A_W92N,A_S93T,B_S28T,B_T30N,B_G31R,B_Y32T,B_M50S,B_W52T,B_N56T,B_D100A","1DVF:A, B, C, D:D_Q104A:PMID=8993317",-1.0457119941711426
"1dvf_A_T53L,A_F91S,A_W92N,A_S93T,B_S28H,B_L29W,B_T30N,B_Y32R,B_M50K,B_N56H,B_R97N,B_E98Q,B_R99K,B_D100H_C, D_A, B",-9.238321304321289,-8.95979700088501,"A_T53L,A_F91S,A_W92N,A_S93T,B_S28H,B_L29W,B_T30N,B_Y32R,B_M50K,B_N56H,B_R97N,B_E98Q,B_R99K,B_D100H","1DVF:A, B, C, D:D_Q104A:PMID=8993317",-0.27852430343627965
"1eaw_A_H19A,A_L21K,A_A23Q,A_H25R,A_S39C,A_A40S,A_A41S,A_H42I,A_C43S,A_Y44F,A_D47Q,A_R48D,A_N90D,A_D91A,A_F92E,A_W136F,A_Y141T,A_T144E,A_C187Q,A_Q188K,A_S191A,A_V209I,A_V210R,A_S211T,A_W212H,A_D214Q_B_A",-14.574844360351562,-10.6097562789917,"A_H19A,A_L21K,A_A23Q,A_H25R,A_S39C,A_A40S,A_A41S,A_H42I,A_C43S,A_Y44F,A_D47Q,A_R48D,A_N90D,A_D91A,A_F92E,A_W136F,A_Y141T,A_T144E,A_C187Q,A_Q188K,A_S191A,A_V209I,A_V210R,A_S211T,A_W212H,A_D214Q","1EAW:A, B:A_Q23A:PMID=17475279",-3.9650880813598626
"1eaw_A_H19N,A_L21K,A_A23L,A_H25E,A_S39A,A_A40S,A_C43A,A_Y44F,A_D47A,A_R48D,A_G49K,A_D91P,A_F92N,A_T93S,A_W136K,A_G137F,A_Y141E,A_G142T,A_G143T,A_T144D,A_S186A,A_Q188H,A_G189F,A_S191A,A_V210K,A_S211N,A_W212E,A_G213P,A_D214E,A_G215V,A_P222C_B_A",-14.574844360351562,-10.845155906677245,"A_H19N,A_L21K,A_A23L,A_H25E,A_S39A,A_A40S,A_C43A,A_Y44F,A_D47A,A_R48D,A_G49K,A_D91P,A_F92N,A_T93S,A_W136K,A_G137F,A_Y141E,A_G142T,A_G143T,A_T144D,A_S186A,A_Q188H,A_G189F,A_S191A,A_V210K,A_S211N,A_W212E,A_G213P,A_D214E,A_G215V,A_P222C","1EAW:A, B:A_Q23A:PMID=17475279",-3.729688453674317
"1eaw_A_H19R,A_L21C,A_G22S,A_A23Q,A_H25T,A_C27T,A_A40S,A_C43A,A_Y44F,A_D46Q,A_R48D,A_D91Q,A_F92T,A_W136Q,A_G143S,A_T144S,A_S186A,A_C187K,A_Q188Y,A_S191M,A_V209I,A_S211I,A_W212C,A_G213Q,A_D214Q_B_A",-14.574844360351562,-11.6827823638916,"A_H19R,A_L21C,A_G22S,A_A23Q,A_H25T,A_C27T,A_A40S,A_C43A,A_Y44F,A_D46Q,A_R48D,A_D91Q,A_F92T,A_W136Q,A_G143S,A_T144S,A_S186A,A_C187K,A_Q188Y,A_S191M,A_V209I,A_S211I,A_W212C,A_G213Q,A_D214Q","1EAW:A, B:A_Q23A:PMID=17475279",-2.8920619964599616
"1eaw_A_H19S,A_A23Q,A_G24T,A_I26V,A_C27V,A_A40S,A_H42F,A_C43A,A_Y44F,A_R48E,A_N90Y,A_D91P,A_F92M,A_T93S,A_W136C,A_Y141F,A_G142N,A_T144Q,A_S191G,A_V209I,A_V210T,A_S211V,A_W212Y,A_D214E_B_A",-14.574844360351562,-11.390146827697754,"A_H19S,A_A23Q,A_G24T,A_I26V,A_C27V,A_A40S,A_H42F,A_C43A,A_Y44F,A_R48E,A_N90Y,A_D91P,A_F92M,A_T93S,A_W136C,A_Y141F,A_G142N,A_T144Q,A_S191G,A_V209I,A_V210T,A_S211V,A_W212Y,A_D214E","1EAW:A, B:A_Q23A:PMID=17475279",-3.184697532653809
"1eaw_A_H19S,A_L21R,A_A23Q,A_I26V,A_S39A,A_A40S,A_H42A,A_C43A,A_Y44F,A_D46Q,A_D47A,A_R48N,A_D91W,A_F92K,A_Y141E,A_G143S,A_D185N,A_S186P,A_Q188H,A_S191M,A_V209I,A_V210Y,A_G213Q,A_D214Q,A_P222S_B_A",-14.574844360351562,-10.984328651428223,"A_H19S,A_L21R,A_A23Q,A_I26V,A_S39A,A_A40S,A_H42A,A_C43A,A_Y44F,A_D46Q,A_D47A,A_R48N,A_D91W,A_F92K,A_Y141E,A_G143S,A_D185N,A_S186P,A_Q188H,A_S191M,A_V209I,A_V210Y,A_G213Q,A_D214Q,A_P222S","1EAW:A, B:A_Q23A:PMID=17475279",-3.5905157089233395
"1eaw_A_H19S,A_L21V,A_A23L,A_H25L,A_C27I,A_H42L,A_C43G,A_R48V,A_N90W,A_D91V,A_F92E,A_T93Q,A_W136H,A_Y141E,A_T144E,A_Q188N,A_S191A,A_V209I,A_V210D,A_W212N,A_D214R,A_G215Q,A_G223N_B_A",-14.574844360351562,-10.55874252319336,"A_H19S,A_L21V,A_A23L,A_H25L,A_C27I,A_H42L,A_C43G,A_R48V,A_N90W,A_D91V,A_F92E,A_T93Q,A_W136H,A_Y141E,A_T144E,A_Q188N,A_S191A,A_V209I,A_V210D,A_W212N,A_D214R,A_G215Q,A_G223N","1EAW:A, B:A_Q23A:PMID=17475279",-4.016101837158203
"1eaw_A_H19T,A_L21K,A_A23L,A_S39A,A_C43A,A_Y44F,A_D46E,A_R48F,A_G49N,A_N90D,A_D91P,A_F92I,A_Y141E,A_G143T,A_T144S,A_S186A,A_Q188N,A_S191Y,A_V209I,A_G213S,A_D214E,A_G223S_B_A",-14.574844360351562,-11.428391456604004,"A_H19T,A_L21K,A_A23L,A_S39A,A_C43A,A_Y44F,A_D46E,A_R48F,A_G49N,A_N90D,A_D91P,A_F92I,A_Y141E,A_G143T,A_T144S,A_S186A,A_Q188N,A_S191Y,A_V209I,A_G213S,A_D214E,A_G223S","1EAW:A, B:A_Q23A:PMID=17475279",-3.1464529037475586
"1eaw_A_L18I,A_H19S,A_L21A,A_A23E,A_H25I,A_A40G,A_H42I,A_C43S,A_Y44F,A_R48N,A_D91P,A_F92E,A_W136F,A_Y141Q,A_G143S,A_T144D,A_S186C,A_Q188W,A_S191E,A_V209T,A_W212D_B_A",-14.574844360351562,-10.80197811126709,"A_L18I,A_H19S,A_L21A,A_A23E,A_H25I,A_A40G,A_H42I,A_C43S,A_Y44F,A_R48N,A_D91P,A_F92E,A_W136F,A_Y141Q,A_G143S,A_T144D,A_S186C,A_Q188W,A_S191E,A_V209T,A_W212D","1EAW:A, B:A_Q23A:PMID=17475279",-3.7728662490844727
"1l0x_B_K16N,B_N20K,B_F23Q,B_E26G,B_L42N,B_S43N,B_P53K,B_K63A,B_V81I,B_E82P,B_Y83F,B_Y84G,B_H85E,B_L86G,B_S90E,B_E94D,B_S96D,B_F192Y,D_K16S,D_Y22C,D_F23H,D_E26S,D_L42F,D_N54A,D_K63Q,D_N64D,D_V81L,D_E82P,D_Y83W,D_H85D,D_S90V,D_E94T,D_S96Q,D_N162S,D_F192Y_A, C_B, D",-7.123495101928711,-7.097128677368164,"B_K16N,B_N20K,B_F23Q,B_E26G,B_L42N,B_S43N,B_P53K,B_K63A,B_V81I,B_E82P,B_Y83F,B_Y84G,B_H85E,B_L86G,B_S90E,B_E94D,B_S96D,B_F192Y,D_K16S,D_Y22C,D_F23H,D_E26S,D_L42F,D_N54A,D_K63Q,D_N64D,D_V81L,D_E82P,D_Y83W,D_H85D,D_S90V,D_E94T,D_S96Q,D_N162S,D_F192Y","1L0X:A, B, C, D::PMID=12015151",-0.026366424560547053
"1l0x_B_K16R,B_N20Q,B_F23N,B_E26N,B_L41M,B_L42E,B_S43I,B_P53S,B_N54Q,B_K63R,B_N64D,B_V81L,B_E82P,B_H85T,B_L86N,B_S90G,B_E94S,B_S96A,B_T193S,D_V15C,D_K16R,D_N17D,D_Q19E,D_N20K,D_F23E,D_E26S,D_L41E,D_L42E,D_S43E,D_V81L,D_E82H,D_Y83F,D_Y84F,D_H85R,D_S90K,D_E94K,D_S96V,D_T193S_A, C_B, D",-7.123495101928711,-7.661010265350342,"B_K16R,B_N20Q,B_F23N,B_E26N,B_L41M,B_L42E,B_S43I,B_P53S,B_N54Q,B_K63R,B_N64D,B_V81L,B_E82P,B_H85T,B_L86N,B_S90G,B_E94S,B_S96A,B_T193S,D_V15C,D_K16R,D_N17D,D_Q19E,D_N20K,D_F23E,D_E26S,D_L41E,D_L42E,D_S43E,D_V81L,D_E82H,D_Y83F,D_Y84F,D_H85R,D_S90K,D_E94K,D_S96V,D_T193S","1L0X:A, B, C, D::PMID=12015151",0.5375151634216309
"1l0x_B_V15C,B_K16E,B_L18I,B_Q19D,B_I21L,B_F23S,B_E26S,B_L41K,B_L42Q,B_S43E,B_P53S,B_N54E,B_N64D,B_E82P,B_Y83F,B_Y84F,B_H85E,B_L86G,B_S90D,B_E94R,B_S96G,B_T193N,D_V15C,D_K16D,D_Y22W,D_F23N,D_E26A,D_L42D,D_S43E,D_K63A,D_E82H,D_H85M,D_S90A,D_E94G,D_S96A,D_T161R,D_N162S,D_F192C_A, C_B, D",-7.123495101928711,-7.347192287445068,"B_V15C,B_K16E,B_L18I,B_Q19D,B_I21L,B_F23S,B_E26S,B_L41K,B_L42Q,B_S43E,B_P53S,B_N54E,B_N64D,B_E82P,B_Y83F,B_Y84F,B_H85E,B_L86G,B_S90D,B_E94R,B_S96G,B_T193N,D_V15C,D_K16D,D_Y22W,D_F23N,D_E26A,D_L42D,D_S43E,D_K63A,D_E82H,D_H85M,D_S90A,D_E94G,D_S96A,D_T161R,D_N162S,D_F192C","1L0X:A, B, C, D::PMID=12015151",0.22369718551635742
"1l0x_B_V15C,B_N17D,B_Q19E,B_N20K,B_F23T,B_E26A,B_L41V,B_L42E,B_S43E,B_P53S,B_E82H,B_H85Y,B_L86D,B_S90N,B_E94G,B_T161S,D_V15C,D_K16S,D_Q19E,D_F23N,D_E26K,D_L41Q,D_L42D,D_S43A,D_G52P,D_V81I,D_E82P,D_Y83S,D_Y84F,D_H85R,D_S96G_A, C_B, D",-7.123495101928711,-7.332431221008301,"B_V15C,B_N17D,B_Q19E,B_N20K,B_F23T,B_E26A,B_L41V,B_L42E,B_S43E,B_P53S,B_E82H,B_H85Y,B_L86D,B_S90N,B_E94G,B_T161S,D_V15C,D_K16S,D_Q19E,D_F23N,D_E26K,D_L41Q,D_L42D,D_S43A,D_G52P,D_V81I,D_E82P,D_Y83S,D_Y84F,D_H85R,D_S96G","1L0X:A, B, C, D::PMID=12015151",0.2089361190795902
"1l0x_B_V15I,B_K16A,B_N17D,B_Q19S,B_Y22F,B_F23E,B_E26Y,B_L42N,B_S43Q,B_P53A,B_K63G,B_V81I,B_E82V,B_Y83W,B_Y84F,B_H85D,B_L86Q,B_S90A,B_E94A,B_S96G,B_N162D,B_T193S,D_N17D,D_F23S,D_E26A,D_L41S,D_L42E,D_S43N,D_K63A,D_E82G,D_Y83F,D_Y84F,D_H85N,D_S90A,D_E94Q,D_S96L,D_T161R,D_N162I,D_F192Y_A, C_B, D",-7.123495101928711,-7.439630222320557,"B_V15I,B_K16A,B_N17D,B_Q19S,B_Y22F,B_F23E,B_E26Y,B_L42N,B_S43Q,B_P53A,B_K63G,B_V81I,B_E82V,B_Y83W,B_Y84F,B_H85D,B_L86Q,B_S90A,B_E94A,B_S96G,B_N162D,B_T193S,D_N17D,D_F23S,D_E26A,D_L41S,D_L42E,D_S43N,D_K63A,D_E82G,D_Y83F,D_Y84F,D_H85N,D_S90A,D_E94Q,D_S96L,D_T161R,D_N162I,D_F192Y","1L0X:A, B, C, D::PMID=12015151",0.3161351203918459
"1l0x_B_V15I,B_K16E,B_Q19E,B_Y22S,B_F23N,B_E26R,B_L41C,B_L42Y,B_S43A,B_P53V,B_N54D,B_K63A,B_N64D,B_E82P,B_Y83W,B_H85E,B_L86G,B_C87V,B_E94S,D_V15C,D_K16Q,D_N17Q,D_N20K,D_F23N,D_E26S,D_L41V,D_L42Y,D_S43A,D_K63S,D_V81S,D_E82H,D_Y83F,D_Y84L,D_H85T,D_C87S,D_S90T,D_E94G,D_S96A,D_N162D_A, C_B, D",-7.123495101928711,-7.620930480957031,"B_V15I,B_K16E,B_Q19E,B_Y22S,B_F23N,B_E26R,B_L41C,B_L42Y,B_S43A,B_P53V,B_N54D,B_K63A,B_N64D,B_E82P,B_Y83W,B_H85E,B_L86G,B_C87V,B_E94S,D_V15C,D_K16Q,D_N17Q,D_N20K,D_F23N,D_E26S,D_L41V,D_L42Y,D_S43A,D_K63S,D_V81S,D_E82H,D_Y83F,D_Y84L,D_H85T,D_C87S,D_S90T,D_E94G,D_S96A,D_N162D","1L0X:A, B, C, D::PMID=12015151",0.49743537902832013
"1l0x_B_V15I,B_K16P,B_N17D,B_Q19S,B_Y22F,B_F23N,B_E26W,B_L42E,B_S43D,B_N54Q,B_K63S,B_V81I,B_E82A,B_Y83F,B_H85P,B_L86G,B_S90G,B_S96A,B_T161E,B_N162E,D_V15C,D_Q19A,D_N20E,D_I21V,D_F23N,D_E26S,D_L41K,D_L42W,D_P53S,D_E82Y,D_Y83W,D_Y84I,D_H85K,D_S90D,D_F192A_A, C_B, D",-7.123495101928711,-6.959261226654053,"B_V15I,B_K16P,B_N17D,B_Q19S,B_Y22F,B_F23N,B_E26W,B_L42E,B_S43D,B_N54Q,B_K63S,B_V81I,B_E82A,B_Y83F,B_H85P,B_L86G,B_S90G,B_S96A,B_T161E,B_N162E,D_V15C,D_Q19A,D_N20E,D_I21V,D_F23N,D_E26S,D_L41K,D_L42W,D_P53S,D_E82Y,D_Y83W,D_Y84I,D_H85K,D_S90D,D_F192A","1L0X:A, B, C, D::PMID=12015151",-0.16423387527465838
"1l0x_B_V15I,B_Q19D,B_I21V,B_Y22F,B_F23N,B_E26A,B_L41I,B_L42Y,B_S43H,B_N54I,B_N64E,B_V81L,B_E82P,B_Y83F,B_Y84F,B_H85S,B_L86G,B_E94T,B_S96A,B_T161N,B_T193S,D_V15I,D_K16S,D_N17D,D_Q19N,D_N20E,D_F23D,D_E26Q,D_L41Q,D_L42D,D_S43A,D_K63G,D_V81I,D_E82H,D_H85K,D_S90A,D_E94I,D_S96G,D_T193S_A, C_B, D",-7.123495101928711,-7.1878862380981445,"B_V15I,B_Q19D,B_I21V,B_Y22F,B_F23N,B_E26A,B_L41I,B_L42Y,B_S43H,B_N54I,B_N64E,B_V81L,B_E82P,B_Y83F,B_Y84F,B_H85S,B_L86G,B_E94T,B_S96A,B_T161N,B_T193S,D_V15I,D_K16S,D_N17D,D_Q19N,D_N20E,D_F23D,D_E26Q,D_L41Q,D_L42D,D_S43A,D_K63G,D_V81I,D_E82H,D_H85K,D_S90A,D_E94I,D_S96G,D_T193S","1L0X:A, B, C, D::PMID=12015151",0.0643911361694336
"1r0r_E_D32A,E_H63Q,E_K93R,E_S97N,E_S98L,E_S102T,E_S104E,E_G105E,E_N122C,E_M123F,E_S124P,E_G127N,E_A128R,E_S129E,E_A150R,E_A152V,E_G153D,E_S155D,E_G165V,E_S187L,E_N217D_I_E",-14.272205352783203,-11.994966506958008,"E_D32A,E_H63Q,E_K93R,E_S97N,E_S98L,E_S102T,E_S104E,E_G105E,E_N122C,E_M123F,E_S124P,E_G127N,E_A128R,E_S129E,E_A150R,E_A152V,E_G153D,E_S155D,E_G165V,E_S187L,E_N217D","1R0R:E, I:I_E14V:PMID=11171964",-2.2772388458251953
"1r0r_E_D32A,E_K93R,E_S97R,E_S98L,E_S100T,E_S104D,E_G105S,E_S124G,E_A128D,E_S129K,E_S155A,E_G165E,E_F188A,E_L216Y,E_S220H,E_M221A,E_A222M_I_E",-14.022334098815918,-12.451489067077636,"E_D32A,E_K93R,E_S97R,E_S98L,E_S100T,E_S104D,E_G105S,E_S124G,E_A128D,E_S129K,E_S155A,E_G165E,E_F188A,E_L216Y,E_S220H,E_M221A,E_A222M","1R0R:E, I:I_R16E:PMID=11171964",-1.5708450317382816
"1r0r_E_D32S,E_H63V,E_K93R,E_S97R,E_S98N,E_S104A,E_G105Q,E_G127D,E_A128Y,E_S129H,E_A150Y,E_S155H,E_G165L,E_Y166N,E_S187P,E_F188W,E_P200L,E_G201F,E_N217D,E_M221L_I_E",-14.272205352783203,-13.478544235229492,"E_D32S,E_H63V,E_K93R,E_S97R,E_S98N,E_S104A,E_G105Q,E_G127D,E_A128Y,E_S129H,E_A150Y,E_S155H,E_G165L,E_Y166N,E_S187P,E_F188W,E_P200L,E_G201F,E_N217D,E_M221L","1R0R:E, I:I_E14V:PMID=11171964",-0.7936611175537109
"1r0r_E_G60D,E_H63T,E_H66C,E_K93R,E_L95C,E_S97G,E_S98R,E_S100I,E_S102P,E_G105I,E_G127D,E_A128V,E_S129D,E_S155D,E_G165D,E_S187A,E_F188Y,E_L216M,E_N217D,E_S220G,E_M221C_I_E",-14.272205352783203,-12.846750831604004,"E_G60D,E_H63T,E_H66C,E_K93R,E_L95C,E_S97G,E_S98R,E_S100I,E_S102P,E_G105I,E_G127D,E_A128V,E_S129D,E_S155D,E_G165D,E_S187A,E_F188Y,E_L216M,E_N217D,E_S220G,E_M221C","1R0R:E, I:I_E14V:PMID=11171964",-1.4254545211791996
"1r0r_E_G60M,E_H63N,E_S97K,E_S98L,E_S100T,E_S102T,E_S104D,E_G105Q,E_M123L,E_S124A,E_L125Q,E_A128C,E_S129R,E_S155R,E_G165I,E_S187P,E_F188K,E_L216R,E_N217D,E_S220N_I_E",-14.022334098815918,-12.431801795959473,"E_G60M,E_H63N,E_S97K,E_S98L,E_S100T,E_S102T,E_S104D,E_G105Q,E_M123L,E_S124A,E_L125Q,E_A128C,E_S129R,E_S155R,E_G165I,E_S187P,E_F188K,E_L216R,E_N217D,E_S220N","1R0R:E, I:I_R16E:PMID=11171964",-1.5905323028564453
"1r0r_E_G60T,E_H63L,E_H66S,E_K93R,E_S97G,E_S98L,E_S100C,E_S102D,E_S104E,E_G105Q,E_M123L,E_L125C,E_G126A,E_G127A,E_A128S,E_S129T,E_A151S,E_S155R,E_G165E,E_L216K,E_N217D,E_S220A_I_E",-14.022334098815918,-12.632064247131348,"E_G60T,E_H63L,E_H66S,E_K93R,E_S97G,E_S98L,E_S100C,E_S102D,E_S104E,E_G105Q,E_M123L,E_L125C,E_G126A,E_G127A,E_A128S,E_S129T,E_A151S,E_S155R,E_G165E,E_L216K,E_N217D,E_S220A","1R0R:E, I:I_R16E:PMID=11171964",-1.39026985168457
"1r0r_E_G60W,E_H63K,E_H66A,E_S97A,E_S98D,E_S102T,E_S104I,E_G105A,E_N122E,E_S124P,E_L125M,E_G127D,E_A128D,E_S129G,E_A151V,E_S155N,E_G165L,E_Y166F,E_G201F,E_N217D,E_S220T_I_E",-14.022334098815918,-12.25659008026123,"E_G60W,E_H63K,E_H66A,E_S97A,E_S98D,E_S102T,E_S104I,E_G105A,E_N122E,E_S124P,E_L125M,E_G127D,E_A128D,E_S129G,E_A151V,E_S155N,E_G165L,E_Y166F,E_G201F,E_N217D,E_S220T","1R0R:E, I:I_R16E:PMID=11171964",-1.7657440185546882
"1r0r_E_H63V,E_S97R,E_S98L,E_S100A,E_S104E,E_G105Q,E_N122D,E_S124A,E_G126H,E_G127A,E_A128M,E_S129F,E_A150S,E_A151S,E_S155M,E_S187E,E_L216K,E_N217D,E_S220A,E_A222G_I_E",-14.022334098815918,-12.109905433654784,"E_H63V,E_S97R,E_S98L,E_S100A,E_S104E,E_G105Q,E_N122D,E_S124A,E_G126H,E_G127A,E_A128M,E_S129F,E_A150S,E_A151S,E_S155M,E_S187E,E_L216K,E_N217D,E_S220A,E_A222G","1R0R:E, I:I_R16E:PMID=11171964",-1.9124286651611335
"1r0r_E_H66S,E_S97T,E_S98R,E_S100R,E_S102T,E_S104D,E_G105A,E_M123L,E_S124A,E_L125E,E_G127F,E_A128D,E_S129I,E_A151S,E_S155Y,E_G165V,E_S187F,E_F188Y,E_P200I,E_N217D,E_T219D,E_S220G,E_M221Q,E_A222R_I_E",-14.272205352783203,-12.59057159423828,"E_H66S,E_S97T,E_S98R,E_S100R,E_S102T,E_S104D,E_G105A,E_M123L,E_S124A,E_L125E,E_G127F,E_A128D,E_S129I,E_A151S,E_S155Y,E_G165V,E_S187F,E_F188Y,E_P200I,E_N217D,E_T219D,E_S220G,E_M221Q,E_A222R","1R0R:E, I:I_E14V:PMID=11171964",-1.6816337585449226
"1r0r_E_K93R,E_S97K,E_S98N,E_S104E,E_G105S,E_M123C,E_G127C,E_A128W,E_S129Q,E_S155Q,E_G165Q,E_S187P,E_L216G,E_N217D,E_S220A_I_E",-14.272205352783203,-12.998130416870117,"E_K93R,E_S97K,E_S98N,E_S104E,E_G105S,E_M123C,E_G127C,E_A128W,E_S129Q,E_S155Q,E_G165Q,E_S187P,E_L216G,E_N217D,E_S220A","1R0R:E, I:I_E14V:PMID=11171964",-1.2740749359130863
"1r0r_E_L31C,E_G60D,E_K93R,E_S97G,E_S98K,E_S104D,E_G105A,E_M123P,E_A128S,E_S129K,E_A151G,E_S155L,E_G165V,E_S187E,E_F188Y,E_N217D,E_S220A,E_M221C_I_E",-14.272205352783203,-12.41057891845703,"E_L31C,E_G60D,E_K93R,E_S97G,E_S98K,E_S104D,E_G105A,E_M123P,E_A128S,E_S129K,E_A151G,E_S155L,E_G165V,E_S187E,E_F188Y,E_N217D,E_S220A,E_M221C","1R0R:E, I:I_E14V:PMID=11171964",-1.8616264343261726
"1r0r_E_L31S,E_D32S,E_S97K,E_S98D,E_S100G,E_S102N,E_S104E,E_G105F,E_S124N,E_G127D,E_S129V,E_A151S,E_S155N,E_G165N,E_S187G,E_L216F,E_S220A_I_E",-14.022334098815918,-13.039540100097657,"E_L31S,E_D32S,E_S97K,E_S98D,E_S100G,E_S102N,E_S104E,E_G105F,E_S124N,E_G127D,E_S129V,E_A151S,E_S155N,E_G165N,E_S187G,E_L216F,E_S220A","1R0R:E, I:I_R16E:PMID=11171964",-0.982793998718261
"1r0r_E_L31V,E_H63E,E_K93R,E_V94C,E_S97A,E_S98A,E_S100K,E_S102L,E_S104E,E_G105Q,E_M123I,E_S124A,E_L125A,E_A128L,E_S129T,E_A150S,E_A151S,E_N154D,E_S155L,E_G165V,E_Y166H,E_L216K,E_N217D,E_S220M,E_M221L_I_E",-14.022334098815918,-12.320782089233399,"E_L31V,E_H63E,E_K93R,E_V94C,E_S97A,E_S98A,E_S100K,E_S102L,E_S104E,E_G105Q,E_M123I,E_S124A,E_L125A,E_A128L,E_S129T,E_A150S,E_A151S,E_N154D,E_S155L,E_G165V,E_Y166H,E_L216K,E_N217D,E_S220M,E_M221L","1R0R:E, I:I_R16E:PMID=11171964",-1.7015520095825192
"1r0r_E_L31V,E_H63F,E_K93R,E_S98R,E_S100A,E_S102D,E_G105A,E_M123L,E_S124A,E_L125M,E_G126S,E_G127A,E_A128S,E_S129T,E_A151S,E_N154L,E_S155M,E_G165L,E_S187P,E_S220A_I_E",-14.272205352783203,-12.691171836853027,"E_L31V,E_H63F,E_K93R,E_S98R,E_S100A,E_S102D,E_G105A,E_M123L,E_S124A,E_L125M,E_G126S,E_G127A,E_A128S,E_S129T,E_A151S,E_N154L,E_S155M,E_G165L,E_S187P,E_S220A","1R0R:E, I:I_E14V:PMID=11171964",-1.5810335159301765
"1r0r_E_L31V,E_H63V,E_K93R,E_S98L,E_S100T,E_S104Q,E_G105W,E_M123L,E_S124P,E_A128V,E_S129E,E_A152V,E_N154M,E_S155R,E_G165P,E_Y166F,E_S187P,E_G201V,E_T215V,E_L216Y,E_N217W_I_E",-14.022334098815918,-11.909241676330566,"E_L31V,E_H63V,E_K93R,E_S98L,E_S100T,E_S104Q,E_G105W,E_M123L,E_S124P,E_A128V,E_S129E,E_A152V,E_N154M,E_S155R,E_G165P,E_Y166F,E_S187P,E_G201V,E_T215V,E_L216Y,E_N217W","1R0R:E, I:I_R16E:PMID=11171964",-2.1130924224853516
"1r0r_E_S97K,E_S98G,E_S100W,E_S102P,E_S104D,E_G105V,E_N122D,E_M123I,E_S124A,E_L125A,E_G126E,E_G127C,E_S129K,E_S155R,E_Y166W,E_S187P,E_T215V,E_N217D,E_S220A_I_E",-14.272205352783203,-11.876132583618164,"E_S97K,E_S98G,E_S100W,E_S102P,E_S104D,E_G105V,E_N122D,E_M123I,E_S124A,E_L125A,E_G126E,E_G127C,E_S129K,E_S155R,E_Y166W,E_S187P,E_T215V,E_N217D,E_S220A","1R0R:E, I:I_E14V:PMID=11171964",-2.3960727691650394
"1xgp_A_Q28A,A_S29H,A_I30V,A_S31T,A_N32K,A_Y51D,A_N93K,A_S94Y,B_D27G,B_T30E,B_S31G,B_D32Q,B_Y50F,B_Y53A,B_S54D,B_S56A,B_T57V,B_W98S_C_A, B",-9.431387901306152,-8.611186599731445,"A_Q28A,A_S29H,A_I30V,A_S31T,A_N32K,A_Y51D,A_N93K,A_S94Y,B_D27G,B_T30E,B_S31G,B_D32Q,B_Y50F,B_Y53A,B_S54D,B_S56A,B_T57V,B_W98S","1XGP:A, B, C:B_A33L:PMID=15698573",-0.8202013015747074
"1xgp_A_Q28E,A_S29D,A_N32D,A_N33E,A_I49S,A_K50R,A_Y51N,A_S53D,A_N93K,A_S94H,A_W95Q,B_D27G,B_V29E,B_T30D,B_S31Q,B_D32G,B_Y50F,B_S52T,B_Y53A,B_S54N,B_W98R_C_A, B",-9.431387901306152,-8.31522331237793,"A_Q28E,A_S29D,A_N32D,A_N33E,A_I49S,A_K50R,A_Y51N,A_S53D,A_N93K,A_S94H,A_W95Q,B_D27G,B_V29E,B_T30D,B_S31Q,B_D32G,B_Y50F,B_S52T,B_Y53A,B_S54N,B_W98R","1XGP:A, B, C:B_A33L:PMID=15698573",-1.116164588928223
"1xgp_A_Q28E,A_S29P,A_I30V,A_S31N,A_N33W,A_K50Q,A_Y51A,A_S53D,A_Q91T,A_S92E,A_N93I,A_S94R,A_W95F,B_D27V,B_T30S,B_S31G,B_D32S,B_Y50F,B_S52T,B_Y53A,B_S54N,B_T57N,B_S97Q,B_W98Y_C_A, B",-9.431387901306152,-8.083434963226319,"A_Q28E,A_S29P,A_I30V,A_S31N,A_N33W,A_K50Q,A_Y51A,A_S53D,A_Q91T,A_S92E,A_N93I,A_S94R,A_W95F,B_D27V,B_T30S,B_S31G,B_D32S,B_Y50F,B_S52T,B_Y53A,B_S54N,B_T57N,B_S97Q,B_W98Y","1XGP:A, B, C:B_A33L:PMID=15698573",-1.3479529380798336
"1xgp_A_Q28H,A_S29D,A_I30V,A_S31G,A_N32I,A_N33Q,A_I49V,A_Y51N,A_S53N,A_S92D,A_N93K,A_S94Y,A_W95H,B_D27A,B_T30E,B_S52T,B_Y53H,B_S54N,B_W98Y_C_A, B",-9.431387901306152,-8.051073360443116,"A_Q28H,A_S29D,A_I30V,A_S31G,A_N32I,A_N33Q,A_I49V,A_Y51N,A_S53N,A_S92D,A_N93K,A_S94Y,A_W95H,B_D27A,B_T30E,B_S52T,B_Y53H,B_S54N,B_W98Y","1XGP:A, B, C:B_A33L:PMID=15698573",-1.3803145408630364
"1xgp_A_Q28R,A_S29D,A_I30V,A_S31N,A_N32S,A_Y51T,A_N93Q,A_S94Y,B_D27G,B_T30L,B_D32S,B_Y50F,B_Y53S,B_S54E,B_S56D,B_T57V,B_W98F_C_A, B",-9.431387901306152,-9.031465148925781,"A_Q28R,A_S29D,A_I30V,A_S31N,A_N32S,A_Y51T,A_N93Q,A_S94Y,B_D27G,B_T30L,B_D32S,B_Y50F,B_Y53S,B_S54E,B_S56D,B_T57V,B_W98F","1XGP:A, B, C:B_A33L:PMID=15698573",-0.39992275238037145
"1xgp_A_Q28R,A_S29P,A_S31N,A_N32S,A_Y51D,A_S68E,A_S92D,A_N93K,A_S94Y,A_W95F,B_D27A,B_D32H,B_Y53S,B_S54N,B_S56T,B_W98Q_C_A, B",-9.431387901306152,-8.155982875823975,"A_Q28R,A_S29P,A_S31N,A_N32S,A_Y51D,A_S68E,A_S92D,A_N93K,A_S94Y,A_W95F,B_D27A,B_D32H,B_Y53S,B_S54N,B_S56T,B_W98Q","1XGP:A, B, C:B_A33L:PMID=15698573",-1.2754050254821774
"1xgp_A_S29D,A_S31G,A_N32T,A_K50R,A_Y51D,A_S53T,A_G67I,A_S92C,A_N93K,A_S94Q,A_W95K,B_D27G,B_T30Q,B_S31D,B_D32S,B_I51V,B_S52T,B_Y53S,B_S54L,B_S56W,B_W98I_C_A, B",-9.431387901306152,-8.563351154327393,"A_S29D,A_S31G,A_N32T,A_K50R,A_Y51D,A_S53T,A_G67I,A_S92C,A_N93K,A_S94Q,A_W95K,B_D27G,B_T30Q,B_S31D,B_D32S,B_I51V,B_S52T,B_Y53S,B_S54L,B_S56W,B_W98I","1XGP:A, B, C:B_A33L:PMID=15698573",-0.8680367469787598
"1xgp_A_S29N,A_I30V,A_S31Q,A_N32S,A_I49V,A_K50M,A_Y51E,A_S68E,A_S92T,A_N93Q,A_S94Y,A_W95F,B_D27R,B_V29A,B_T30S,B_S31G,B_D32N,B_S52T,B_Y53F,B_S54Q,B_G55Q,B_S56T,B_T57K_C_A, B",-9.431387901306152,-8.726942825317384,"A_S29N,A_I30V,A_S31Q,A_N32S,A_I49V,A_K50M,A_Y51E,A_S68E,A_S92T,A_N93Q,A_S94Y,A_W95F,B_D27R,B_V29A,B_T30S,B_S31G,B_D32N,B_S52T,B_Y53F,B_S54Q,B_G55Q,B_S56T,B_T57K","1XGP:A, B, C:B_A33L:PMID=15698573",-0.7044450759887688
"1xgu_A_I29V,A_S30G,A_N31T,A_N32D,A_K49T,A_Y50S,A_S91T,A_N92M,A_S93A,A_W94M,B_G26H,B_D27G,B_T30E,B_S31D,B_D32G,B_S52I,B_Y53P,B_G55K,B_S56A,B_T57V,B_S97M,B_W98Y_C_A, B",-9.492731094360352,-8.639391708374024,"A_I29V,A_S30G,A_N31T,A_N32D,A_K49T,A_Y50S,A_S91T,A_N92M,A_S93A,A_W94M,B_G26H,B_D27G,B_T30E,B_S31D,B_D32G,B_S52I,B_Y53P,B_G55K,B_S56A,B_T57V,B_S97M,B_W98Y","1XGU:A, B, C:B_F33I:PMID=15698573",-0.8533393859863274
"1xgu_A_Q27K,A_S28D,A_I29N,A_S30G,A_N31V,A_I48V,A_K49R,A_Y50N,A_S91T,A_N92K,A_S93T,A_W94L,B_D27K,B_S31G,B_S52T,B_T57Q,B_W98H_C_A, B",-9.492731094360352,-8.601143074035644,"A_Q27K,A_S28D,A_I29N,A_S30G,A_N31V,A_I48V,A_K49R,A_Y50N,A_S91T,A_N92K,A_S93T,A_W94L,B_D27K,B_S31G,B_S52T,B_T57Q,B_W98H","1XGU:A, B, C:B_F33I:PMID=15698573",-0.8915880203247077
"1xgu_A_Q27K,A_S28P,A_S30G,A_N31V,A_K49R,A_Y50E,A_S67D,A_S91T,A_N92H,A_S93F,A_W94Y,B_D27A,B_V29I,B_T30Q,B_S31N,B_D32S,B_G49H,B_Y50F,B_I51E,B_S52I,B_Y53N,B_S54N,B_G55S,B_S56N,B_T57V,B_W98Y_C_A, B",-9.492731094360352,-9.434031295776368,"A_Q27K,A_S28P,A_S30G,A_N31V,A_K49R,A_Y50E,A_S67D,A_S91T,A_N92H,A_S93F,A_W94Y,B_D27A,B_V29I,B_T30Q,B_S31N,B_D32S,B_G49H,B_Y50F,B_I51E,B_S52I,B_Y53N,B_S54N,B_G55S,B_S56N,B_T57V,B_W98Y","1XGU:A, B, C:B_F33I:PMID=15698573",-0.058699798583983664
"1xgu_A_Q27R,A_S28A,A_I29V,A_S30N,A_N31T,A_K49R,A_Y50V,A_G66C,A_S67T,A_Q90S,A_S91T,A_N92M,A_S93Y,A_W94E,B_D27R,B_V29I,B_T30S,B_S52D,B_Y53R,B_S54T,B_S56K,B_W98Y_C_A, B",-9.492731094360352,-8.986771202087402,"A_Q27R,A_S28A,A_I29V,A_S30N,A_N31T,A_K49R,A_Y50V,A_G66C,A_S67T,A_Q90S,A_S91T,A_N92M,A_S93Y,A_W94E,B_D27R,B_V29I,B_T30S,B_S52D,B_Y53R,B_S54T,B_S56K,B_W98Y","1XGU:A, B, C:B_F33I:PMID=15698573",-0.5059598922729496
"1xgu_A_Q27R,A_S28D,A_I29V,A_S30G,A_N31S,A_N32D,A_Y50D,A_S52R,A_S67A,A_S91D,A_N92K,A_S93F,A_W94F,B_D27Q,B_T30I,B_Y50M,B_I51M,B_S52Q,B_Y53N,B_S54T,B_T57R_C_A, B",-9.492731094360352,-8.630952835083008,"A_Q27R,A_S28D,A_I29V,A_S30G,A_N31S,A_N32D,A_Y50D,A_S52R,A_S67A,A_S91D,A_N92K,A_S93F,A_W94F,B_D27Q,B_T30I,B_Y50M,B_I51M,B_S52Q,B_Y53N,B_S54T,B_T57R","1XGU:A, B, C:B_F33I:PMID=15698573",-0.8617782592773438
"1xgu_A_Q27R,A_S28D,A_S30G,A_N31T,A_K49R,A_Y50E,A_S67I,A_S91D,A_N92K,A_S93Y,A_W94K,B_D27K,B_T30A,B_S31N,B_Y50D,B_Y53F,B_S56A,B_W98F_C_A, B",-9.492731094360352,-8.60189847946167,"A_Q27R,A_S28D,A_S30G,A_N31T,A_K49R,A_Y50E,A_S67I,A_S91D,A_N92K,A_S93Y,A_W94K,B_D27K,B_T30A,B_S31N,B_Y50D,B_Y53F,B_S56A,B_W98F","1XGU:A, B, C:B_F33I:PMID=15698573",-0.8908326148986809
"1xgu_A_Q27R,A_S28D,A_S30G,A_N31T,A_Y50D,A_S52Q,A_N92M,A_S93N,A_W94F,B_G26P,B_D27K,B_V29I,B_T30S,B_D32I,B_Y50N,B_S52D,B_Y53Q,B_S97T,B_W98H_C_A, B",-9.492731094360352,-8.650163078308106,"A_Q27R,A_S28D,A_S30G,A_N31T,A_Y50D,A_S52Q,A_N92M,A_S93N,A_W94F,B_G26P,B_D27K,B_V29I,B_T30S,B_D32I,B_Y50N,B_S52D,B_Y53Q,B_S97T,B_W98H","1XGU:A, B, C:B_F33I:PMID=15698573",-0.8425680160522457
"1xgu_A_Q27V,A_S28V,A_I29V,A_S30G,A_N31T,A_Y50E,A_S67Q,A_S91T,A_N92K,A_S93H,A_W94L,B_D27R,B_V29I,B_T30D,B_S31D,B_Y53P,B_S97L,B_W98Y_C_A, B",-9.492731094360352,-8.719383430480956,"A_Q27V,A_S28V,A_I29V,A_S30G,A_N31T,A_Y50E,A_S67Q,A_S91T,A_N92K,A_S93H,A_W94L,B_D27R,B_V29I,B_T30D,B_S31D,B_Y53P,B_S97L,B_W98Y","1XGU:A, B, C:B_F33I:PMID=15698573",-0.7733476638793952
1xqh__A_B,-9.138541221618652,-9.142746734619141,,"1XQH:A, B::PMID=15525938",0.004205513000488992
"2ny6_C_N2092A,C_N2093T,C_W2094F,D_I3054S,D_D3056G,D_A3058S,D_A3104V,D_E3106L,D_E3108L,D_Y3109W,D_D3110R,D_V3228L_A_C, D",-10.548900604248047,-8.961962890625,"C_N2092A,C_N2093T,C_W2094F,D_I3054S,D_D3056G,D_A3058S,D_A3104V,D_E3106L,D_E3108L,D_Y3109W,D_D3110R,D_V3228L","2NY6:A, C, D::PMID=17301785",-1.5869377136230476
"2ny6_C_N2092A,C_N2093V,C_W2094E,D_I3054C,D_D3056Q,D_A3058S,D_E3103N,D_A3104V,D_D3105E,D_E3106F,D_G3107M,D_Y3109F,D_V3228L_A_C, D",-10.548900604248047,-8.698576259613038,"C_N2092A,C_N2093V,C_W2094E,D_I3054C,D_D3056Q,D_A3058S,D_E3103N,D_A3104V,D_D3105E,D_E3106F,D_G3107M,D_Y3109F,D_V3228L","2NY6:A, C, D::PMID=17301785",-1.850324344635009
"2ny6_C_N2092A,C_W2094E,D_I3054S,D_D3056A,D_A3058S,D_E3103D,D_A3104T,D_D3105I,D_E3106N,D_Y3109F,D_D3110K,D_V3228L_A_C, D",-10.548900604248047,-9.316094589233398,"C_N2092A,C_W2094E,D_I3054S,D_D3056A,D_A3058S,D_E3103D,D_A3104T,D_D3105I,D_E3106N,D_Y3109F,D_D3110K,D_V3228L","2NY6:A, C, D::PMID=17301785",-1.2328060150146491
"2ny6_C_N2092D,C_W2094R,C_P2095D,D_I3054S,D_D3056N,D_A3058S,D_E3103R,D_A3104G,D_D3105E,D_E3106H,D_E3108I,D_Y3109F,D_D3110K,D_V3228N_A_C, D",-10.548900604248047,-9.256051826477051,"C_N2092D,C_W2094R,C_P2095D,D_I3054S,D_D3056N,D_A3058S,D_E3103R,D_A3104G,D_D3105E,D_E3106H,D_E3108I,D_Y3109F,D_D3110K,D_V3228N","2NY6:A, C, D::PMID=17301785",-1.2928487777709954
"2ny6_C_N2092H,C_N2093G,D_I3054S,D_D3056Q,D_A3058G,D_E3103S,D_A3104G,D_D3105E,D_E3106N,D_Y3109W,D_D3110K,D_V3228L_A_C, D",-10.548900604248047,-8.856075382232666,"C_N2092H,C_N2093G,D_I3054S,D_D3056Q,D_A3058G,D_E3103S,D_A3104G,D_D3105E,D_E3106N,D_Y3109W,D_D3110K,D_V3228L","2NY6:A, C, D::PMID=17301785",-1.6928252220153812
"2ny6_C_N2092H,C_N2093L,C_W2094Q,D_I3054C,D_D3056N,D_E3103R,D_A3104V,D_D3105E,D_E3108Y,D_Y3109F,D_D3110N,D_V3228T_A_C, D",-10.548900604248047,-9.07738380432129,"C_N2092H,C_N2093L,C_W2094Q,D_I3054C,D_D3056N,D_E3103R,D_A3104V,D_D3105E,D_E3108Y,D_Y3109F,D_D3110N,D_V3228T","2NY6:A, C, D::PMID=17301785",-1.471516799926757
"2ny6_C_N2092H,C_W2094F,D_I3054V,D_A3058S,D_E3103D,D_A3104T,D_D3105E,D_E3106N,D_Y3109M,D_D3110R,D_V3228K_A_C, D",-10.548900604248047,-8.760600280761718,"C_N2092H,C_W2094F,D_I3054V,D_A3058S,D_E3103D,D_A3104T,D_D3105E,D_E3106N,D_Y3109M,D_D3110R,D_V3228K","2NY6:A, C, D::PMID=17301785",-1.7883003234863288
"2ny6_C_N2092S,C_W2094L,D_I3054C,D_D3056N,D_A3058S,D_A3104V,D_D3105E,D_E3106N,D_E3108I,D_Y3109S,D_D3110R,D_V3228L_A_C, D",-10.548900604248047,-9.320797348022461,"C_N2092S,C_W2094L,D_I3054C,D_D3056N,D_A3058S,D_A3104V,D_D3105E,D_E3106N,D_E3108I,D_Y3109S,D_D3110R,D_V3228L","2NY6:A, C, D::PMID=17301785",-1.2281032562255856
"2o3b_A_E59A,A_R60Y,A_D62N,A_F64Y,A_R65Q,A_V77I,A_Y82F,A_S83K,A_G84T,A_A88M,A_R89K,A_S95A,A_Q117M,A_N121L,A_N122R,A_R123T,A_T125S,A_G127N,A_L129T,A_E130D_B_A",-9.777684211730957,-9.407201671600342,"A_E59A,A_R60Y,A_D62N,A_F64Y,A_R65Q,A_V77I,A_Y82F,A_S83K,A_G84T,A_A88M,A_R89K,A_S95A,A_Q117M,A_N121L,A_N122R,A_R123T,A_T125S,A_G127N,A_L129T,A_E130D","2O3B:A, B:B_D75N:PMID=17138564",-0.3704825401306149
"2o3b_A_E59D,A_R60A,A_Q61P,A_D62N,A_N63D,A_F64Y,A_V77I,A_T78K,A_P79A,A_S83K,A_Y87F,A_A88M,A_R89I,A_A93H,A_P94M,A_Q117M,A_N121L,A_N122L,A_R123V,A_T125A,A_W126M,A_G127T,A_E130D_B_A",-9.777684211730957,-9.12469654083252,"A_E59D,A_R60A,A_Q61P,A_D62N,A_N63D,A_F64Y,A_V77I,A_T78K,A_P79A,A_S83K,A_Y87F,A_A88M,A_R89I,A_A93H,A_P94M,A_Q117M,A_N121L,A_N122L,A_R123V,A_T125A,A_W126M,A_G127T,A_E130D","2O3B:A, B:B_D75N:PMID=17138564",-0.6529876708984368
"2o3b_A_E59K,A_R60F,A_D62M,A_F64Y,A_R65G,A_V77I,A_T78V,A_P79A,A_Y82F,A_A88M,A_R89K,A_A93Q,A_S95A,A_Q117L,A_N121L,A_R123V,A_G127N,A_E130N_B_A",-9.777684211730957,-9.24627628326416,"A_E59K,A_R60F,A_D62M,A_F64Y,A_R65G,A_V77I,A_T78V,A_P79A,A_Y82F,A_A88M,A_R89K,A_A93Q,A_S95A,A_Q117L,A_N121L,A_R123V,A_G127N,A_E130N","2O3B:A, B:B_D75N:PMID=17138564",-0.5314079284667965
"2o3b_A_E59K,A_R60P,A_D62K,A_F64Y,A_R65Q,A_V77I,A_T78V,A_M81D,A_Y82F,A_G84V,A_A88N,A_R89I,A_A93E,A_P94T,A_S95P,A_Q117L,A_T118Q,A_N121V,A_N122K,A_R123M,A_G127N,A_L129F,A_E130N_B_A",-9.777684211730957,-9.521882820129395,"A_E59K,A_R60P,A_D62K,A_F64Y,A_R65Q,A_V77I,A_T78V,A_M81D,A_Y82F,A_G84V,A_A88N,A_R89I,A_A93E,A_P94T,A_S95P,A_Q117L,A_T118Q,A_N121V,A_N122K,A_R123M,A_G127N,A_L129F,A_E130N","2O3B:A, B:B_D75N:PMID=17138564",-0.2558013916015618
"2o3b_A_R60G,A_Q61S,A_D62K,A_R65Q,A_V77I,A_T78S,A_P79Y,A_M81V,A_Y82G,A_S83G,A_A88F,A_R89K,A_P94A,A_S95A,A_Q117F,A_N121L,A_N122L,A_R123I,A_W126G,A_G127S,A_E130D_B_A",-9.777684211730957,-9.513192939758301,"A_R60G,A_Q61S,A_D62K,A_R65Q,A_V77I,A_T78S,A_P79Y,A_M81V,A_Y82G,A_S83G,A_A88F,A_R89K,A_P94A,A_S95A,A_Q117F,A_N121L,A_N122L,A_R123I,A_W126G,A_G127S,A_E130D","2O3B:A, B:B_D75N:PMID=17138564",-0.26449127197265554
"2o3b_A_R60N,A_D62H,A_F64W,A_R65M,A_M81W,A_S83R,A_A88F,A_P94H,A_Q117M,A_N121V,A_N122L,A_R123V,A_G127E,A_E130N_B_A",-9.777684211730957,-9.896038818359376,"A_R60N,A_D62H,A_F64W,A_R65M,A_M81W,A_S83R,A_A88F,A_P94H,A_Q117M,A_N121V,A_N122L,A_R123V,A_G127E,A_E130N","2O3B:A, B:B_D75N:PMID=17138564",0.11835460662841868
"2o3b_A_R60V,A_D62F,A_F64Y,A_R65Q,A_T78K,A_P79H,A_S83N,A_S85T,A_A88M,A_R89K,A_S95P,A_P116E,A_Q117L,A_N121L,A_N122R,A_R123K,A_T125F,A_W126L,A_G127V,A_L129M,A_E130N_B_A",-9.777684211730957,-9.300805473327637,"A_R60V,A_D62F,A_F64Y,A_R65Q,A_T78K,A_P79H,A_S83N,A_S85T,A_A88M,A_R89K,A_S95P,A_P116E,A_Q117L,A_N121L,A_N122R,A_R123K,A_T125F,A_W126L,A_G127V,A_L129M,A_E130N","2O3B:A, B:B_D75N:PMID=17138564",-0.47687873840331996
"2o3b_A_R60Y,A_Q61T,A_D62R,A_F64Y,A_R65H,A_T78R,A_P79H,A_M81D,A_Y82F,A_S83Q,A_Y87F,A_A88M,A_G90D,A_A93C,A_P94D,A_S95P,A_P116L,A_N121L,A_R123I,A_G127N,A_L129M_B_A",-9.777684211730957,-10.165828800201416,"A_R60Y,A_Q61T,A_D62R,A_F64Y,A_R65H,A_T78R,A_P79H,A_M81D,A_Y82F,A_S83Q,A_Y87F,A_A88M,A_G90D,A_A93C,A_P94D,A_S95P,A_P116L,A_N121L,A_R123I,A_G127N,A_L129M","2O3B:A, B:B_D75N:PMID=17138564",0.38814458847045863
"2pye_A_D37N,A_S42G,A_E58G,A_D61Q,A_G62A,A_R65I,A_K66R,A_V67A,A_K68N,A_A69I,A_H70L,A_S71A,A_H74F,A_R75A,A_H145N,A_K146R,A_E148T,A_A149D,A_A150T,A_H151Y,A_A153S,A_E154A,A_R157Q,A_A158D_D, E_A, B, C",-6.124384880065918,-7.034162712097168,"A_D37N,A_S42G,A_E58G,A_D61Q,A_G62A,A_R65I,A_K66R,A_V67A,A_K68N,A_A69I,A_H70L,A_S71A,A_H74F,A_R75A,A_H145N,A_K146R,A_E148T,A_A149D,A_A150T,A_H151Y,A_A153S,A_E154A,A_R157Q,A_A158D","2PYE:A, B, C, D, E:D_D98G, D_L96T, D_L97S, D_T100S, E_L95V, E_T53I:PMID=17644531",0.9097778320312502
"2pye_A_E58D,A_Y59W,A_W60H,A_D61R,A_G62A,A_K66R,A_V67M,A_K68Q,A_H70W,A_S71R,A_Q72R,A_H74F,A_R75E,A_H145N,A_K146I,A_A149T,A_H151S,A_A153Q,A_R157N_D, E_A, B, C",-6.124384880065918,-7.044601726531982,"A_E58D,A_Y59W,A_W60H,A_D61R,A_G62A,A_K66R,A_V67M,A_K68Q,A_H70W,A_S71R,A_Q72R,A_H74F,A_R75E,A_H145N,A_K146I,A_A149T,A_H151S,A_A153Q,A_R157N","2PYE:A, B, C, D, E:D_D98G, D_L96T, D_L97S, D_T100S, E_L95V, E_T53I:PMID=17644531",0.9202168464660643
"2pye_A_E58S,A_Y59W,A_W60M,A_D61A,A_G62C,A_K66N,A_V67G,A_H70L,A_S71E,A_H74L,A_R75S,A_H145S,A_K146N,A_E148V,A_A149S,A_A150S,A_H151N,A_A153Q,A_E154G,A_R157F,A_A158N_D, E_A, B, C",-6.124384880065918,-7.0239081382751465,"A_E58S,A_Y59W,A_W60M,A_D61A,A_G62C,A_K66N,A_V67G,A_H70L,A_S71E,A_H74L,A_R75S,A_H145S,A_K146N,A_E148V,A_A149S,A_A150S,A_H151N,A_A153Q,A_E154G,A_R157F,A_A158N","2PYE:A, B, C, D, E:D_D98G, D_L96T, D_L97S, D_T100S, E_L95V, E_T53I:PMID=17644531",0.8995232582092285
"2pye_A_G18M,A_E58S,A_W60F,A_D61E,A_G62A,A_E63Q,A_R65E,A_K66A,A_V67A,A_K68Q,A_S71A,A_H74M,A_R75G,A_H145Q,A_K146I,A_A149S,A_A150K,A_H151N,A_A153I,A_R157L,A_A158D_D, E_A, B, C",-6.124384880065918,-6.599062538146972,"A_G18M,A_E58S,A_W60F,A_D61E,A_G62A,A_E63Q,A_R65E,A_K66A,A_V67A,A_K68Q,A_S71A,A_H74M,A_R75G,A_H145Q,A_K146I,A_A149S,A_A150K,A_H151N,A_A153I,A_R157L,A_A158D","2PYE:A, B, C, D, E:D_D98G, D_L96T, D_L97S, D_T100S, E_L95V, E_T53I:PMID=17644531",0.47467765808105433
"2pye_A_P57D,A_E58D,A_Y59W,A_W60M,A_D61N,A_G62A,A_R65L,A_K66T,A_V67A,A_K68Q,A_H70L,A_S71R,A_H74M,A_R75A,A_H145S,A_K146L,A_A149S,A_A150S,A_H151S,A_A153R,A_E154D,A_A158H,A_G162T_D, E_A, B, C",-6.124384880065918,-7.118305397033692,"A_P57D,A_E58D,A_Y59W,A_W60M,A_D61N,A_G62A,A_R65L,A_K66T,A_V67A,A_K68Q,A_H70L,A_S71R,A_H74M,A_R75A,A_H145S,A_K146L,A_A149S,A_A150S,A_H151S,A_A153R,A_E154D,A_A158H,A_G162T","2PYE:A, B, C, D, E:D_D98G, D_L96T, D_L97S, D_T100S, E_L95V, E_T53I:PMID=17644531",0.9939205169677736
"2pye_A_S42G,A_Y59F,A_W60F,A_D61A,A_E63S,A_R65T,A_K66S,A_V67L,A_K68H,A_A69S,A_H70W,A_S71Y,A_Q72S,A_H74Y,A_R75A,A_H145E,A_K146R,A_A149Q,A_H151E,A_A153L,A_E154L,A_A158E_D, E_A, B, C",-6.124384880065918,-7.616390419006348,"A_S42G,A_Y59F,A_W60F,A_D61A,A_E63S,A_R65T,A_K66S,A_V67L,A_K68H,A_A69S,A_H70W,A_S71Y,A_Q72S,A_H74Y,A_R75A,A_H145E,A_K146R,A_A149Q,A_H151E,A_A153L,A_E154L,A_A158E","2PYE:A, B, C, D, E:D_D98G, D_L96T, D_L97S, D_T100S, E_L95V, E_T53I:PMID=17644531",1.4920055389404299
"2pye_A_S42T,A_E58D,A_Y59W,A_G62C,A_R65K,A_K66A,A_H70W,A_S71R,A_H74T,A_R75E,A_H145Q,A_K146R,A_A149S,A_A150E,A_H151K,A_A153R,A_E154I,A_A158E_D, E_A, B, C",-6.124384880065918,-7.131021976470947,"A_S42T,A_E58D,A_Y59W,A_G62C,A_R65K,A_K66A,A_H70W,A_S71R,A_H74T,A_R75E,A_H145Q,A_K146R,A_A149S,A_A150E,A_H151K,A_A153R,A_E154I,A_A158E","2PYE:A, B, C, D, E:D_D98G, D_L96T, D_L97S, D_T100S, E_L95V, E_T53I:PMID=17644531",1.0066370964050293
"2pye_A_S42T,A_Y59W,A_W60L,A_D61T,A_G62S,A_R65L,A_K66N,A_K68Q,A_H70W,A_S71R,A_H74F,A_R75V,A_H145S,A_K146I,A_A149H,A_A150S,A_H151E,A_A153Q,A_E154Q,A_A158E,A_G162N_D, E_A, B, C",-6.124384880065918,-7.115843677520752,"A_S42T,A_Y59W,A_W60L,A_D61T,A_G62S,A_R65L,A_K66N,A_K68Q,A_H70W,A_S71R,A_H74F,A_R75V,A_H145S,A_K146I,A_A149H,A_A150S,A_H151E,A_A153Q,A_E154Q,A_A158E,A_G162N","2PYE:A, B, C, D, E:D_D98G, D_L96T, D_L97S, D_T100S, E_L95V, E_T53I:PMID=17644531",0.9914587974548343
"2qj9_A_K1L,A_S2P,A_A42P,A_L45M,A_N46H,A_S47P,A_N49Q,A_A51S,A_Q54R,A_N58H,A_S59Y,A_V60L,A_N61Q,B_S13E,B_D14E,B_V15L,B_W17Y,B_D19Q,B_L81K,B_D82T,B_N91T,B_D94N_C_A, B",-11.335994720458984,-10.02558479309082,"A_K1L,A_S2P,A_A42P,A_L45M,A_N46H,A_S47P,A_N49Q,A_A51S,A_Q54R,A_N58H,A_S59Y,A_V60L,A_N61Q,B_S13E,B_D14E,B_V15L,B_W17Y,B_D19Q,B_L81K,B_D82T,B_N91T,B_D94N","2QJ9:A, B, C:C_A30T, C_A43T, C_D15E, C_G11H, C_I31M, C_K48G, C_M47L, C_Y49L:PMID=18160401",-1.3104099273681644
"2qj9_A_K1L,A_S2T,A_P40N,A_A42S,A_D43R,A_L45M,A_S47A,A_Q54L,A_N58H,A_S59E,A_V60K,A_N61Y,B_D11H,B_F12M,B_S13D,B_D14E,B_W17L,B_D19E,B_L81K,B_N91R,B_Y92V,B_D94K_C_A, B",-11.335994720458984,-10.030442428588866,"A_K1L,A_S2T,A_P40N,A_A42S,A_D43R,A_L45M,A_S47A,A_Q54L,A_N58H,A_S59E,A_V60K,A_N61Y,B_D11H,B_F12M,B_S13D,B_D14E,B_W17L,B_D19E,B_L81K,B_N91R,B_Y92V,B_D94K","2QJ9:A, B, C:C_A30T, C_A43T, C_D15E, C_G11H, C_I31M, C_K48G, C_M47L, C_Y49L:PMID=18160401",-1.305552291870118
"2qj9_A_K1M,A_S2F,A_P38G,A_A42P,A_D43Y,A_L45C,A_N46S,A_S47P,A_N49P,A_Q54R,A_L56I,A_N58H,A_S59Y,A_V60H,A_N61E,B_S13E,B_D14R,B_V15L,B_W17Y,B_L81E,B_D82Q,B_N91S,B_Y92I,B_D94E_C_A, B",-11.335994720458984,-10.340628623962402,"A_K1M,A_S2F,A_P38G,A_A42P,A_D43Y,A_L45C,A_N46S,A_S47P,A_N49P,A_Q54R,A_L56I,A_N58H,A_S59Y,A_V60H,A_N61E,B_S13E,B_D14R,B_V15L,B_W17Y,B_L81E,B_D82Q,B_N91S,B_Y92I,B_D94E","2QJ9:A, B, C:C_A30T, C_A43T, C_D15E, C_G11H, C_I31M, C_K48G, C_M47L, C_Y49L:PMID=18160401",-0.995366096496582
"2qj9_A_K1P,A_S2V,A_C37D,A_F39W,A_P40K,A_L41K,A_A42P,A_D43H,A_H44Y,A_L45M,A_N46K,A_N49P,A_H50G,A_A51F,A_I52V,A_Q54R,A_L56I,A_V57E,A_N58H,A_S59E,A_V60H,B_S13Q,B_D14E,B_V15T,B_W17H,B_D19Y,B_L81R,B_D82S,B_N91Q,B_Y92V,B_D94Q_C_A, B",-11.335994720458984,-9.750077247619629,"A_K1P,A_S2V,A_C37D,A_F39W,A_P40K,A_L41K,A_A42P,A_D43H,A_H44Y,A_L45M,A_N46K,A_N49P,A_H50G,A_A51F,A_I52V,A_Q54R,A_L56I,A_V57E,A_N58H,A_S59E,A_V60H,B_S13Q,B_D14E,B_V15T,B_W17H,B_D19Y,B_L81R,B_D82S,B_N91Q,B_Y92V,B_D94Q","2QJ9:A, B, C:C_A30T, C_A43T, C_D15E, C_G11H, C_I31M, C_K48G, C_M47L, C_Y49L:PMID=18160401",-1.5859174728393555
"2qj9_A_K1S,A_S2E,A_F39W,A_A42P,A_D43H,A_L45M,A_N46F,A_S47A,A_T48A,A_I52L,A_Q54R,A_L56I,A_N58H,A_V60H,B_F12H,B_D14S,B_V15L,B_W17L,B_D19E,B_L81R,B_N91T,B_Y92V,B_D94Q_C_A, B",-11.335994720458984,-9.93178596496582,"A_K1S,A_S2E,A_F39W,A_A42P,A_D43H,A_L45M,A_N46F,A_S47A,A_T48A,A_I52L,A_Q54R,A_L56I,A_N58H,A_V60H,B_F12H,B_D14S,B_V15L,B_W17L,B_D19E,B_L81R,B_N91T,B_Y92V,B_D94Q","2QJ9:A, B, C:C_A30T, C_A43T, C_D15E, C_G11H, C_I31M, C_K48G, C_M47L, C_Y49L:PMID=18160401",-1.4042087554931637
"2qj9_A_K1S,A_S2Q,A_F39Y,A_D43S,A_L45M,A_N46I,A_S47A,A_Q54R,A_L56I,A_V57R,A_N58H,A_S59F,A_V60H,B_S13R,B_V15L,B_W17Y,B_L81K,B_N91E,B_Y92I,B_D94E_C_A, B",-11.335994720458984,-10.971344184875488,"A_K1S,A_S2Q,A_F39Y,A_D43S,A_L45M,A_N46I,A_S47A,A_Q54R,A_L56I,A_V57R,A_N58H,A_S59F,A_V60H,B_S13R,B_V15L,B_W17Y,B_L81K,B_N91E,B_Y92I,B_D94E","2QJ9:A, B, C:C_A30T, C_A43T, C_D15E, C_G11H, C_I31M, C_K48G, C_M47L, C_Y49L:PMID=18160401",-0.3646505355834968
"2qj9_A_K1T,A_S2E,A_F39W,A_P40G,A_L41I,A_A42P,A_D43E,A_L45M,A_N46S,A_S47A,A_H50W,A_I52V,A_Q54R,A_L56I,A_N58H,A_S59W,A_V60H,A_N61D,B_S13E,B_V15L,B_W17F,B_D19T,B_L81K,B_D82S,B_N91T,B_Y92V,B_D94N_C_A, B",-11.335994720458984,-9.488192749023437,"A_K1T,A_S2E,A_F39W,A_P40G,A_L41I,A_A42P,A_D43E,A_L45M,A_N46S,A_S47A,A_H50W,A_I52V,A_Q54R,A_L56I,A_N58H,A_S59W,A_V60H,A_N61D,B_S13E,B_V15L,B_W17F,B_D19T,B_L81K,B_D82S,B_N91T,B_Y92V,B_D94N","2QJ9:A, B, C:C_A30T, C_A43T, C_D15E, C_G11H, C_I31M, C_K48G, C_M47L, C_Y49L:PMID=18160401",-1.8478019714355476
"2qj9_A_S2E,A_F39Y,A_A42P,A_D43T,A_H44W,A_L45M,A_S47P,A_Q54R,A_L56I,A_V57E,A_N58H,A_S59H,A_V60R,B_D11E,B_S13E,B_D14E,B_V15T,B_G16D,B_W17T,B_D19E,B_L81K,B_Y92I,B_D94E_C_A, B",-11.335994720458984,-10.567254447937012,"A_S2E,A_F39Y,A_A42P,A_D43T,A_H44W,A_L45M,A_S47P,A_Q54R,A_L56I,A_V57E,A_N58H,A_S59H,A_V60R,B_D11E,B_S13E,B_D14E,B_V15T,B_G16D,B_W17T,B_D19E,B_L81K,B_Y92I,B_D94E","2QJ9:A, B, C:C_A30T, C_A43T, C_D15E, C_G11H, C_I31M, C_K48G, C_M47L, C_Y49L:PMID=18160401",-0.7687402725219723
"2ypv_H_S30A,H_Y32R,H_N33L,H_M34I,H_G49T,H_I51G,H_Y55T,H_T57Q,H_I58D,H_N59S,H_R98C,H_D99Q,H_Y101N,H_G102A,H_S103L,H_K218P,L_S26P,L_Q27E,L_I29V,L_N31D,L_D92A,L_E93Y,L_F94T_A_H, L",-14.35500717163086,-10.35986499786377,"H_S30A,H_Y32R,H_N33L,H_M34I,H_G49T,H_I51G,H_Y55T,H_T57Q,H_I58D,H_N59S,H_R98C,H_D99Q,H_Y101N,H_G102A,H_S103L,H_K218P,L_S26P,L_Q27E,L_I29V,L_N31D,L_D92A,L_E93Y,L_F94T","2YPV:A, H, L::PMID=23396847",-3.995142173767089
"2ypv_H_S30E,H_Y32H,H_N33F,H_M34V,H_I51G,H_Y55T,H_T57E,H_N59S,H_R98H,H_Y100R,H_Y101F,H_S103M,H_K218D,L_Q27R,L_I29V,L_D92A_A_H, L",-14.35500717163086,-10.51886157989502,"H_S30E,H_Y32H,H_N33F,H_M34V,H_I51G,H_Y55T,H_T57E,H_N59S,H_R98H,H_Y100R,H_Y101F,H_S103M,H_K218D,L_Q27R,L_I29V,L_D92A","2YPV:A, H, L::PMID=23396847",-3.836145591735839
"2ypv_H_S30K,H_D31N,H_Y32F,H_N33F,H_M34V,H_I51S,H_Y55T,H_T57L,H_I58E,H_N59A,H_D99S,H_Y100E,H_G102E,H_S103C,H_S104G,H_K218D,L_Q27M,L_I29C,L_N31K,L_S67D,L_D92S,L_E93L_A_H, L",-14.35500717163086,-10.95435447692871,"H_S30K,H_D31N,H_Y32F,H_N33F,H_M34V,H_I51S,H_Y55T,H_T57L,H_I58E,H_N59A,H_D99S,H_Y100E,H_G102E,H_S103C,H_S104G,H_K218D,L_Q27M,L_I29C,L_N31K,L_S67D,L_D92S,L_E93L","2YPV:A, H, L::PMID=23396847",-3.400652694702149
"2ypv_H_S30L,H_D31S,H_Y32E,H_N33F,H_M34I,H_Y55N,H_G56S,H_T57Q,H_I58V,H_N59Y,H_R98I,H_Y100E,H_Y101H,H_S103L,H_K218D,L_Q27R,L_I29T,L_N31R,L_S67E,L_Q90E,L_E93Q,L_F94W_A_H, L",-14.35500717163086,-11.143360328674316,"H_S30L,H_D31S,H_Y32E,H_N33F,H_M34I,H_Y55N,H_G56S,H_T57Q,H_I58V,H_N59Y,H_R98I,H_Y100E,H_Y101H,H_S103L,H_K218D,L_Q27R,L_I29T,L_N31R,L_S67E,L_Q90E,L_E93Q,L_F94W","2YPV:A, H, L::PMID=23396847",-3.2116468429565437
"2ypv_H_S30P,H_D31S,H_Y32Q,H_N33Y,H_M34I,H_I50C,H_Y55T,H_T57A,H_I58K,H_Y100K,H_Y101N,H_S103L,H_K218D,L_Q27R,L_I29V,L_N31E,L_S67M,L_D92A,L_F94W,L_P95D_A_H, L",-14.35500717163086,-10.705637359619141,"H_S30P,H_D31S,H_Y32Q,H_N33Y,H_M34I,H_I50C,H_Y55T,H_T57A,H_I58K,H_Y100K,H_Y101N,H_S103L,H_K218D,L_Q27R,L_I29V,L_N31E,L_S67M,L_D92A,L_F94W,L_P95D","2YPV:A, H, L::PMID=23396847",-3.6493698120117184
"2ypv_H_S30T,H_D31G,H_Y32R,H_N33F,H_M34I,H_Y55T,H_T57V,H_I58V,H_N59Q,H_Y100K,H_Y101Q,H_G102P,H_S103R,H_K218D,L_Q27E,L_I29C,L_N31R,L_S67D,L_D92A,L_E93S,L_F94W_A_H, L",-14.35500717163086,-9.710540008544921,"H_S30T,H_D31G,H_Y32R,H_N33F,H_M34I,H_Y55T,H_T57V,H_I58V,H_N59Q,H_Y100K,H_Y101Q,H_G102P,H_S103R,H_K218D,L_Q27E,L_I29C,L_N31R,L_S67D,L_D92A,L_E93S,L_F94W","2YPV:A, H, L::PMID=23396847",-4.644467163085938
"2ypv_H_S30T,H_D31Q,H_Y32H,H_N33L,H_M34V,H_G49K,H_I50T,H_Y55T,H_G56N,H_T57D,H_I58T,H_N59K,H_Y100W,H_Y101E,H_S103T,H_K218N,L_Q27E,L_I29G,L_N31K,L_S67E,L_D92M,L_E93K_A_H, L",-14.35500717163086,-10.92988166809082,"H_S30T,H_D31Q,H_Y32H,H_N33L,H_M34V,H_G49K,H_I50T,H_Y55T,H_G56N,H_T57D,H_I58T,H_N59K,H_Y100W,H_Y101E,H_S103T,H_K218N,L_Q27E,L_I29G,L_N31K,L_S67E,L_D92M,L_E93K","2YPV:A, H, L::PMID=23396847",-3.4251255035400394
"2ypv_H_S30T,H_D31S,H_Y32K,H_N33F,H_M34V,H_Y55T,H_G56N,H_T57E,H_I58V,H_N59H,H_R98V,H_Y100K,H_Y101E,H_S103M,H_K218D,L_Q27M,L_I29S,L_N31Q_A_H, L",-14.35500717163086,-12.127739715576173,"H_S30T,H_D31S,H_Y32K,H_N33F,H_M34V,H_Y55T,H_G56N,H_T57E,H_I58V,H_N59H,H_R98V,H_Y100K,H_Y101E,H_S103M,H_K218D,L_Q27M,L_I29S,L_N31Q","2YPV:A, H, L::PMID=23396847",-2.227267456054687
"3eqy_A_T24S,A_V25P,A_M29L,A_Q40K,A_Y42H,A_D43A,A_A44P,A_A45F,A_A46K,A_Q47G,A_M49L,A_V68L,A_K69R,A_D70Y_C_A",-9.78646183013916,-9.388703346252441,"A_T24S,A_V25P,A_M29L,A_Q40K,A_Y42H,A_D43A,A_A44P,A_A45F,A_A46K,A_Q47G,A_M49L,A_V68L,A_K69R,A_D70Y","3EQY:A, C:C_E5A:PMID=20226197",-0.39775848388671875
"3eqy_A_V25M,A_I36L,A_Q40G,A_L41K,A_D43N,A_A44P,A_A45H,A_A46R,A_H48S,A_M49L,A_V68E,A_K69M,A_D70N,A_M77F_C_A",-9.78646183013916,-9.33310317993164,"A_V25M,A_I36L,A_Q40G,A_L41K,A_D43N,A_A44P,A_A45H,A_A46R,A_H48S,A_M49L,A_V68E,A_K69M,A_D70N,A_M77F","3EQY:A, C:C_E5A:PMID=20226197",-0.45335865020751953
"3eqy_A_V25M,A_M29V,A_Q40K,A_D43N,A_A44P,A_A45M,A_A46K,A_H48S,A_M49L,A_V68I,A_K69T,A_D70K,A_L74I,A_Y75F_C_A",-9.78646183013916,-9.804351425170898,"A_V25M,A_M29V,A_Q40K,A_D43N,A_A44P,A_A45M,A_A46K,A_H48S,A_M49L,A_V68I,A_K69T,A_D70K,A_L74I,A_Y75F","3EQY:A, C:C_E5A:PMID=20226197",0.017889595031737926
"3eqy_A_V25M,A_Q40C,A_Y42H,A_A44P,A_A45C,A_A46D,A_H48S,A_M49N,A_V68I,A_K69E,A_D70I,A_P73V,A_M77V,A_L78M_C_A",-9.78646183013916,-9.226608276367188,"A_V25M,A_Q40C,A_Y42H,A_A44P,A_A45C,A_A46D,A_H48S,A_M49N,A_V68I,A_K69E,A_D70I,A_P73V,A_M77V,A_L78M","3EQY:A, C:C_E5A:PMID=20226197",-0.5598535537719727
"3eqy_A_V25M,A_Q40K,A_D43N,A_A44H,A_A45H,A_A46E,A_M49L,A_V68L,A_D70N,A_P71S,A_P73C_C_A",-9.78646183013916,-9.736834716796874,"A_V25M,A_Q40K,A_D43N,A_A44H,A_A45H,A_A46E,A_M49L,A_V68L,A_D70N,A_P71S,A_P73C","3EQY:A, C:C_E5A:PMID=20226197",-0.04962711334228587
"3eqy_A_V25R,A_V28M,A_Y31F,A_Q40E,A_D43N,A_A44P,A_A45H,A_A46F,A_H48S,A_M49R,A_V68L,A_K69S,A_D70E,A_P73I,A_Y75F,A_M77V_C_A",-9.78646183013916,-9.48705596923828,"A_V25R,A_V28M,A_Y31F,A_Q40E,A_D43N,A_A44P,A_A45H,A_A46F,A_H48S,A_M49R,A_V68L,A_K69S,A_D70E,A_P73I,A_Y75F,A_M77V","3EQY:A, C:C_E5A:PMID=20226197",-0.2994058609008796
"3eqy_A_V25S,A_I36C,A_Q40E,A_Y42H,A_A45N,A_A46E,A_H48C,A_M49K,A_V68L,A_K69L,A_D70R,A_P73K,A_L78W_C_A",-9.78646183013916,-9.299910545349121,"A_V25S,A_I36C,A_Q40E,A_Y42H,A_A45N,A_A46E,A_H48C,A_M49K,A_V68L,A_K69L,A_D70R,A_P73K,A_L78W","3EQY:A, C:C_E5A:PMID=20226197",-0.48655128479003906
"3eqy_A_Y31W,A_Y35P,A_Q40N,A_A44S,A_A45N,A_A46R,A_M49H,A_V68L,A_K69T,A_D70Q,A_Y75F_C_A",-9.78646183013916,-9.313912391662598,"A_Y31W,A_Y35P,A_Q40N,A_A44S,A_A45N,A_A46R,A_M49H,A_V68L,A_K69T,A_D70Q,A_Y75F","3EQY:A, C:C_E5A:PMID=20226197",-0.4725494384765625
"3g6d_A_L10E,A_I14G,A_N19D,A_I20V,A_Q22E,A_N23T,A_Q24E,A_K25P,A_A26T,A_V92E,A_A93S,A_V96S,A_L103I,A_K104L,A_K105D,A_L106K,A_F107Y,A_R108C,A_E109S_H, L_A",-14.765663146972656,-12.275702667236327,"A_L10E,A_I14G,A_N19D,A_I20V,A_Q22E,A_N23T,A_Q24E,A_K25P,A_A26T,A_V92E,A_A93S,A_V96S,A_L103I,A_K104L,A_K105D,A_L106K,A_F107Y,A_R108C,A_E109S","3G6D:A, H, L::PMID=19361524",-2.489960479736329
"3g6d_A_L10E,A_L13F,A_V18R,A_N19F,A_I20V,A_T21C,A_Q22E,A_N23A,A_Q24I,A_K25P,A_A26S,A_A93D,A_V96M,A_K104R,A_K105N,A_L106S,A_F107Y,A_E109H_H, L_A",-14.765663146972656,-12.194975852966309,"A_L10E,A_L13F,A_V18R,A_N19F,A_I20V,A_T21C,A_Q22E,A_N23A,A_Q24I,A_K25P,A_A26S,A_A93D,A_V96M,A_K104R,A_K105N,A_L106S,A_F107Y,A_E109H","3G6D:A, H, L::PMID=19361524",-2.5706872940063477
"3g6d_A_L10E,A_L13G,A_I14M,A_V18F,A_N19A,A_I20N,A_T21D,A_N23T,A_Q24K,A_A26S,A_A93G,A_V96L,A_L103W,A_K104R,A_K105S,A_L106N,A_F107Y,A_R108E,A_E109H_H, L_A",-14.765663146972656,-12.184089279174804,"A_L10E,A_L13G,A_I14M,A_V18F,A_N19A,A_I20N,A_T21D,A_N23T,A_Q24K,A_A26S,A_A93G,A_V96L,A_L103W,A_K104R,A_K105S,A_L106N,A_F107Y,A_R108E,A_E109H","3G6D:A, H, L::PMID=19361524",-2.581573867797852
"3g6d_A_V4A,A_P5T,A_I14M,A_V18F,A_N19Q,A_T21C,A_Q22E,A_N23A,A_Q24A,A_K25T,A_A26R,A_V92L,A_A93G,A_V96L,A_K104R,A_K105D,A_L106V,A_F107Y_H, L_A",-14.765663146972656,-12.108781242370606,"A_V4A,A_P5T,A_I14M,A_V18F,A_N19Q,A_T21C,A_Q22E,A_N23A,A_Q24A,A_K25T,A_A26R,A_V92L,A_A93G,A_V96L,A_K104R,A_K105D,A_L106V,A_F107Y","3G6D:A, H, L::PMID=19361524",-2.6568819046020504
"3g6d_A_V4G,A_L10T,A_V18F,A_N19D,A_I20V,A_Q22F,A_N23A,A_Q24T,A_K25T,A_A26E,A_A93S,A_F95Y,A_V96L,A_K104R,A_K105H,A_F107Y,A_E109G_H, L_A",-14.765663146972656,-12.479579162597656,"A_V4G,A_L10T,A_V18F,A_N19D,A_I20V,A_Q22F,A_N23A,A_Q24T,A_K25T,A_A26E,A_A93S,A_F95Y,A_V96L,A_K104R,A_K105H,A_F107Y,A_E109G","3G6D:A, H, L::PMID=19361524",-2.2860839843750007
"3g6d_A_V4I,A_I14Y,A_L17F,A_V18R,A_N19Q,A_I20R,A_T21V,A_Q22E,A_N23T,A_Q24T,A_K25Q,A_A26T,A_A93I,A_V96L,A_K104S,A_K105N,A_F107Y,A_E109R_H, L_A",-14.765663146972656,-11.711106109619141,"A_V4I,A_I14Y,A_L17F,A_V18R,A_N19Q,A_I20R,A_T21V,A_Q22E,A_N23T,A_Q24T,A_K25Q,A_A26T,A_A93I,A_V96L,A_K104S,A_K105N,A_F107Y,A_E109R","3G6D:A, H, L::PMID=19361524",-3.054557037353515
"3g6d_A_V4I,A_L10E,A_L13H,A_I14V,A_V18D,A_N19R,A_T21C,A_Q22S,A_N23T,A_Q24E,A_K25N,A_A26K,A_A93R,A_L103E,A_K104R,A_K105R,A_L106K,A_F107Y,A_R108Q,A_E109N_H, L_A",-14.765663146972656,-11.53389949798584,"A_V4I,A_L10E,A_L13H,A_I14V,A_V18D,A_N19R,A_T21C,A_Q22S,A_N23T,A_Q24E,A_K25N,A_A26K,A_A93R,A_L103E,A_K104R,A_K105R,A_L106K,A_F107Y,A_R108Q,A_E109N","3G6D:A, H, L::PMID=19361524",-3.231763648986817
"3g6d_A_V4T,A_L10E,A_I14M,A_V18Y,A_I20R,A_T21N,A_N23T,A_Q24A,A_K25S,A_A26D,A_A93R,A_V96S,A_K104N,A_K105N,A_L106K,A_F107Y,A_R108Y,A_E109G_H, L_A",-14.765663146972656,-12.697057914733886,"A_V4T,A_L10E,A_I14M,A_V18Y,A_I20R,A_T21N,A_N23T,A_Q24A,A_K25S,A_A26D,A_A93R,A_V96S,A_K104N,A_K105N,A_L106K,A_F107Y,A_R108Y,A_E109G","3G6D:A, H, L::PMID=19361524",-2.0686052322387702
"3knb_B_S12F,B_C15D,B_R18V,B_F19Y,B_E48S,B_V83S,B_V85T,B_R87T,B_R89S,B_A91N,B_A92N,B_E94S,B_Y96S,B_A98T,B_A100E_A_B",-8.221684455871582,-7.277360153198242,"B_S12F,B_C15D,B_R18V,B_F19Y,B_E48S,B_V83S,B_V85T,B_R87T,B_R89S,B_A91N,B_A92N,B_E94S,B_Y96S,B_A98T,B_A100E","3KNB:A, B::PMID=20489725",-0.9443243026733397
"3knb_B_S12F,B_C15S,B_R18I,B_F19H,B_R21K,B_E48S,B_G82S,B_R87T,B_R89V,B_A92N,B_E94S,B_Y96F,B_A100E_A_B",-8.221684455871582,-7.196696662902832,"B_S12F,B_C15S,B_R18I,B_F19H,B_R21K,B_E48S,B_G82S,B_R87T,B_R89V,B_A92N,B_E94S,B_Y96F,B_A100E","3KNB:A, B::PMID=20489725",-1.0249877929687496
"3knb_B_S12K,B_P13I,B_C15E,B_R18Q,B_F19V,B_E48S,B_K49R,B_G50E,B_V83S,B_Y84I,B_A88N,B_R89A,B_A91E,B_A92N,B_E94T,B_Y96L,B_A97C,B_A100Q_A_B",-8.221684455871582,-7.200726127624511,"B_S12K,B_P13I,B_C15E,B_R18Q,B_F19V,B_E48S,B_K49R,B_G50E,B_V83S,B_Y84I,B_A88N,B_R89A,B_A91E,B_A92N,B_E94T,B_Y96L,B_A97C,B_A100Q","3KNB:A, B::PMID=20489725",-1.0209583282470707
"3knb_B_S12L,B_C15K,B_R18V,B_R21H,B_E48A,B_V83D,B_V85T,B_R87M,B_R89A,B_A91V,B_A92R,B_E94K,B_A100R_A_B",-8.221684455871582,-8.093525314331055,"B_S12L,B_C15K,B_R18V,B_R21H,B_E48A,B_V83D,B_V85T,B_R87M,B_R89A,B_A91V,B_A92R,B_E94K,B_A100R","3KNB:A, B::PMID=20489725",-0.128159141540527
"3knb_B_S12M,B_C15A,B_R18V,B_F19V,B_E48A,B_G50W,B_V85E,B_C86L,B_R87T,B_R89Q,B_A91D,B_A92N,B_E94T,B_Y96E,B_A97S,B_A98V,B_A100Y_A_B",-8.221684455871582,-6.611739444732666,"B_S12M,B_C15A,B_R18V,B_F19V,B_E48A,B_G50W,B_V85E,B_C86L,B_R87T,B_R89Q,B_A91D,B_A92N,B_E94T,B_Y96E,B_A97S,B_A98V,B_A100Y","3KNB:A, B::PMID=20489725",-1.6099450111389162
"3knb_B_S12R,B_C15M,B_R18V,B_F19Y,B_E48S,B_G50R,B_A81S,B_V83T,B_V85M,B_R87T,B_R89V,B_A91S,B_A92R,B_G93M,B_E94V,B_A99Y,B_A100R_A_B",-8.221684455871582,-7.985248470306397,"B_S12R,B_C15M,B_R18V,B_F19Y,B_E48S,B_G50R,B_A81S,B_V83T,B_V85M,B_R87T,B_R89V,B_A91S,B_A92R,B_G93M,B_E94V,B_A99Y,B_A100R","3KNB:A, B::PMID=20489725",-0.2364359855651852
"3knb_B_S12R,B_C15R,B_R18V,B_F19V,B_E48S,B_G50E,B_V83G,B_V85T,B_R87C,B_R89P,B_A91Q,B_A92R,B_E94S,B_Y96F,B_A97M,B_A100R_A_B",-8.221684455871582,-6.86801815032959,"B_S12R,B_C15R,B_R18V,B_F19V,B_E48S,B_G50E,B_V83G,B_V85T,B_R87C,B_R89P,B_A91Q,B_A92R,B_E94S,B_Y96F,B_A97M,B_A100R","3KNB:A, B::PMID=20489725",-1.3536663055419922
"3knb_B_S12V,B_C15R,B_R18V,B_F19V,B_R21D,B_E48G,B_K49H,B_G50L,B_A81W,B_V83E,B_V85E,B_R87T,B_N90D,B_A91D,B_A92I,B_G93I,B_E94G,B_Y96F,B_A100R_A_B",-8.221684455871582,-7.442170715332031,"B_S12V,B_C15R,B_R18V,B_F19V,B_R21D,B_E48G,B_K49H,B_G50L,B_A81W,B_V83E,B_V85E,B_R87T,B_N90D,B_A91D,B_A92I,B_G93I,B_E94G,B_Y96F,B_A100R","3KNB:A, B::PMID=20489725",-0.7795137405395511
"3q3j_A_E60A,A_W61Y,A_R62L,A_Q63R,A_G64D,A_I66E,A_A67S,A_R68K,A_V69L,A_E74F,A_I76C,A_L83P,A_M87S,A_H88W_B_A",-6.820855617523193,-7.417803859710693,"A_E60A,A_W61Y,A_R62L,A_Q63R,A_G64D,A_I66E,A_A67S,A_R68K,A_V69L,A_E74F,A_I76C,A_L83P,A_M87S,A_H88W","3Q3J:A, B:B_Y100F:PMID=21610070",0.5969482421874996
"3q3j_A_E60I,A_W61F,A_R62Y,A_Q63K,A_R65K,A_I66A,A_A67D,A_R68A,A_V69L,A_E74N,A_T78S,A_L83P,A_M87S,A_H88Y,A_Q90R_B_A",-6.820855617523193,-7.367674255371094,"A_E60I,A_W61F,A_R62Y,A_Q63K,A_R65K,A_I66A,A_A67D,A_R68A,A_V69L,A_E74N,A_T78S,A_L83P,A_M87S,A_H88Y,A_Q90R","3Q3J:A, B:B_Y100F:PMID=21610070",0.5468186378479007
"3q3j_A_E60L,A_W61L,A_R62L,A_Q63R,A_R65K,A_I66D,A_R68Q,A_V69L,A_E74Y,A_D75G,A_I76G,A_T77W,A_L83K,A_M87Q,A_Q90N_B_A",-6.820855617523193,-7.156943416595459,"A_E60L,A_W61L,A_R62L,A_Q63R,A_R65K,A_I66D,A_R68Q,A_V69L,A_E74Y,A_D75G,A_I76G,A_T77W,A_L83K,A_M87Q,A_Q90N","3Q3J:A, B:B_Y100F:PMID=21610070",0.33608779907226527
"3q3j_A_E60M,A_W61L,A_R62L,A_Q63E,A_R65L,A_I66F,A_A67S,A_R68K,A_V69K,A_V70I,A_D75N,A_I76V,A_M87H,A_H88N,A_V91I_B_A",-6.820855617523193,-7.0466453552246096,"A_E60M,A_W61L,A_R62L,A_Q63E,A_R65L,A_I66F,A_A67S,A_R68K,A_V69K,A_V70I,A_D75N,A_I76V,A_M87H,A_H88N,A_V91I","3Q3J:A, B:B_Y100F:PMID=21610070",0.2257897377014162
"3q3j_A_E60M,A_W61L,A_R62L,A_Q63S,A_G64A,A_R65L,A_R68H,A_V70R,A_E74D,A_I76L,A_L83C,A_M87R,A_Q90R_B_A",-6.820855617523193,-6.657206344604492,"A_E60M,A_W61L,A_R62L,A_Q63S,A_G64A,A_R65L,A_R68H,A_V70R,A_E74D,A_I76L,A_L83C,A_M87R,A_Q90R","3Q3J:A, B:B_Y100F:PMID=21610070",-0.16364927291870135
"3q3j_A_E60Q,A_W61V,A_R62I,A_Q63N,A_R65S,A_I66E,A_I76L,A_L83K,A_M87A,A_Q90N_B_A",-6.820855617523193,-6.964703559875488,"A_E60Q,A_W61V,A_R62I,A_Q63N,A_R65S,A_I66E,A_I76L,A_L83K,A_M87A,A_Q90N","3Q3J:A, B:B_Y100F:PMID=21610070",0.14384794235229492
"3q3j_A_E60V,A_W61L,A_R62I,A_Q63R,A_R65E,A_I66V,A_R68K,A_V70I,A_I76Q,A_L83S,A_M87S,A_H88Y,A_Q90H_B_A",-6.820855617523193,-7.063030815124511,"A_E60V,A_W61L,A_R62I,A_Q63R,A_R65E,A_I66V,A_R68K,A_V70I,A_I76Q,A_L83S,A_M87S,A_H88Y,A_Q90H","3Q3J:A, B:B_Y100F:PMID=21610070",0.242175197601318
"3q3j_A_E60W,A_R62K,A_Q63K,A_R65L,A_I66S,A_R68S,A_V69I,A_V70M,A_E74I,A_D75N,A_I76R,A_T77W,A_M87Q,A_Y89Q,A_Q90N_B_A",-6.820855617523193,-6.735810375213623,"A_E60W,A_R62K,A_Q63K,A_R65L,A_I66S,A_R68S,A_V69I,A_V70M,A_E74I,A_D75N,A_I76R,A_T77W,A_M87Q,A_Y89Q,A_Q90N","3Q3J:A, B:B_Y100F:PMID=21610070",-0.08504524230957067
"3sgb_E_I7Q,E_S10Q,E_T11Q,E_R13M,E_S102A,E_N119F,E_Y120F,E_E137Q,E_P138A,E_D140R,E_S156G_I_E",-8.340642929077148,-11.98347282409668,"E_I7Q,E_S10Q,E_T11Q,E_R13M,E_S102A,E_N119F,E_Y120F,E_E137Q,E_P138A,E_D140R,E_S156G","3SGB:E, I:I_L12K, I_T11P:PMID=Stephen Ming-teh Lu, PhD Thesis, Purdue University, 2000",3.6428298950195312
"3sgb_E_I7V,E_S10A,E_T11I,E_R13Q,E_S102A,E_N119D,E_Y120L,E_A136G,E_E137Q,E_P138A,E_S141A,E_S156Q,E_G157S_I_E",-8.340642929077148,-11.268969535827637,"E_I7V,E_S10A,E_T11I,E_R13Q,E_S102A,E_N119D,E_Y120L,E_A136G,E_E137Q,E_P138A,E_S141A,E_S156Q,E_G157S","3SGB:E, I:I_L12K, I_T11P:PMID=Stephen Ming-teh Lu, PhD Thesis, Purdue University, 2000",2.9283266067504883
"3sgb_E_I7V,E_S10A,E_T11V,E_S102V,E_T117A,E_Y120F,E_A136M,E_P138S,E_S141A,E_T155S,E_S156T,E_S159K,E_T167F,E_T168S_I_E",-8.340642929077148,-11.958691787719726,"E_I7V,E_S10A,E_T11V,E_S102V,E_T117A,E_Y120F,E_A136M,E_P138S,E_S141A,E_T155S,E_S156T,E_S159K,E_T167F,E_T168S","3SGB:E, I:I_L12K, I_T11P:PMID=Stephen Ming-teh Lu, PhD Thesis, Purdue University, 2000",3.6180488586425774
"3sgb_E_I7V,E_S10N,E_T11M,E_R13K,E_N62H,E_N119D,E_Y120F,E_E137M,E_P138A,E_S141A,E_T155D,E_G158E,E_T168S_I_E",-8.340642929077148,-11.635321044921875,"E_I7V,E_S10N,E_T11M,E_R13K,E_N62H,E_N119D,E_Y120F,E_E137M,E_P138A,E_S141A,E_T155D,E_G158E,E_T168S","3SGB:E, I:I_L12K, I_T11P:PMID=Stephen Ming-teh Lu, PhD Thesis, Purdue University, 2000",3.294678115844727
"3sgb_E_I7V,E_S10W,E_T11R,E_T30M,E_H33S,E_N62K,E_S102Q,E_T117E,E_V118I,E_N119D,E_Y120L,E_E137T,E_P138A,E_T155C,E_S156T,E_G157A,E_S159N_I_E",-8.340642929077148,-11.717372131347656,"E_I7V,E_S10W,E_T11R,E_T30M,E_H33S,E_N62K,E_S102Q,E_T117E,E_V118I,E_N119D,E_Y120L,E_E137T,E_P138A,E_T155C,E_S156T,E_G157A,E_S159N","3SGB:E, I:I_L12K, I_T11P:PMID=Stephen Ming-teh Lu, PhD Thesis, Purdue University, 2000",3.376729202270507
"3sgb_E_I7V,E_T11S,E_G12I,E_R13Q,E_N62A,E_N119D,E_Y120F,E_C135P,E_A136D,E_P138S,E_S141A,E_T155V,E_S156T,E_S159R,E_T167E_I_E",-8.340642929077148,-11.631079864501952,"E_I7V,E_T11S,E_G12I,E_R13Q,E_N62A,E_N119D,E_Y120F,E_C135P,E_A136D,E_P138S,E_S141A,E_T155V,E_S156T,E_S159R,E_T167E","3SGB:E, I:I_L12K, I_T11P:PMID=Stephen Ming-teh Lu, PhD Thesis, Purdue University, 2000",3.290436935424804
"3sgb_E_I7W,E_S10E,E_T11S,E_R13K,E_H33R,E_N62S,E_S102A,E_N119D,E_Y120F,E_E137C,E_P138S,E_S141F,E_T155N,E_S156C_I_E",-8.340642929077148,-11.981521034240723,"E_I7W,E_S10E,E_T11S,E_R13K,E_H33R,E_N62S,E_S102A,E_N119D,E_Y120F,E_E137C,E_P138S,E_S141F,E_T155N,E_S156C","3SGB:E, I:I_L12K, I_T11P:PMID=Stephen Ming-teh Lu, PhD Thesis, Purdue University, 2000",3.6408781051635746
"3sgb_E_S10N,E_T11K,E_G12W,E_N62K,E_S102A,E_N119D,E_Y120F,E_E137Q,E_P138A,E_S156C,E_S159V,E_G165S,E_T167E_I_E",-8.340642929077148,-12.480058860778808,"E_S10N,E_T11K,E_G12W,E_N62K,E_S102A,E_N119D,E_Y120F,E_E137Q,E_P138A,E_S156C,E_S159V,E_G165S,E_T167E","3SGB:E, I:I_L12K, I_T11P:PMID=Stephen Ming-teh Lu, PhD Thesis, Purdue University, 2000",4.1394159317016594
"4dm8_C_K631N,C_R635E,C_Q638Y_A_C",-7.944808006286621,-7.830894660949707,"C_K631N,C_R635E,C_Q638Y","4DM8:A, C::PMID=22355136",-0.11391334533691388
"4dm8_C_K631S,C_I632E,C_L636M,C_Q638M_A_C",-7.944808006286621,-7.941641902923584,"C_K631S,C_I632E,C_L636M,C_Q638M","4DM8:A, C::PMID=22355136",-0.0031661033630374646
"4dm8_C_K631S,C_I632L,C_R635K,C_Q638N_A_C",-7.944808006286621,-8.07813024520874,"C_K631S,C_I632L,C_R635K,C_Q638N","4DM8:A, C::PMID=22355136",0.13332223892211914
"4dm8_C_K631S,C_I632L,C_R635L,C_L637I,C_Q638S_A_C",-7.944808006286621,-8.17076244354248,"C_K631S,C_I632L,C_R635L,C_L637I,C_Q638S","4DM8:A, C::PMID=22355136",0.22595443725585973
"4dm8_C_K631S,C_I632S,C_R635D,C_Q638S_A_C",-7.944808006286621,-8.330708122253418,"C_K631S,C_I632S,C_R635D,C_Q638S","4DM8:A, C::PMID=22355136",0.3859001159667965
"4dm8_C_K631S,C_R635D,C_Q638F_A_C",-7.944808006286621,-8.117711448669434,"C_K631S,C_R635D,C_Q638F","4DM8:A, C::PMID=22355136",0.17290344238281286
"4dm8_C_K631S,C_R635E,C_Q638S_A_C",-7.944808006286621,-8.22488193511963,"C_K631S,C_R635E,C_Q638S","4DM8:A, C::PMID=22355136",0.2800739288330085
"4dm8_C_K631S,C_R635K,C_Q638A_A_C",-7.944808006286621,-8.01889762878418,"C_K631S,C_R635K,C_Q638A","4DM8:A, C::PMID=22355136",0.07408962249755824
"4gxu_U_F27A,U_S30D,U_S31M,U_Y32F,U_Y53A,U_Y104C,U_Y105A,U_D106N,U_H107W,U_I108K,U_Y110F,V_S53H,V_L54D,V_N55T,V_Q56E,V_S66Q_I_U, V",-11.192771911621094,-10.764884185791015,"U_F27A,U_S30D,U_S31M,U_Y32F,U_Y53A,U_Y104C,U_Y105A,U_D106N,U_H107W,U_I108K,U_Y110F,V_S53H,V_L54D,V_N55T,V_Q56E,V_S66Q","4GXU:I, U, V::PMID=23236279",-0.42788772583007884
"4gxu_U_F27T,U_T28P,U_S30D,U_S31Q,U_Y32W,U_Y53S,U_D54N,U_M102T,U_Y104D,U_Y105H,U_D106E,U_H107V,U_I108L,U_G109S,U_S111C,V_Y34F,V_I51C,V_Y52F,V_S53G,V_L54D,V_N55T,V_Q56N,V_R57N_I_U, V",-11.192771911621094,-10.438002777099609,"U_F27T,U_T28P,U_S30D,U_S31Q,U_Y32W,U_Y53S,U_D54N,U_M102T,U_Y104D,U_Y105H,U_D106E,U_H107V,U_I108L,U_G109S,U_S111C,V_Y34F,V_I51C,V_Y52F,V_S53G,V_L54D,V_N55T,V_Q56N,V_R57N","4GXU:I, U, V::PMID=23236279",-0.7547691345214851
"4gxu_U_T28A,U_S30E,U_S31R,U_Y32W,U_Y53A,U_M102E,U_Y105H,U_D106T,U_Y110T,U_S111A,V_I51G,V_S53V,V_L54D,V_N55T,V_Q56S,V_S66Q_I_U, V",-11.192771911621094,-10.473976135253906,"U_T28A,U_S30E,U_S31R,U_Y32W,U_Y53A,U_M102E,U_Y105H,U_D106T,U_Y110T,U_S111A,V_I51G,V_S53V,V_L54D,V_N55T,V_Q56S,V_S66Q","4GXU:I, U, V::PMID=23236279",-0.7187957763671875
"4gxu_U_T28E,U_S30Q,U_S31Q,U_Y32W,U_Y53A,U_L101F,U_M102Q,U_D103S,U_H107W,U_I108Y,U_Y110V,U_S111A,V_L54D,V_N55T,V_S66K_I_U, V",-11.192771911621094,-10.388277816772462,"U_T28E,U_S30Q,U_S31Q,U_Y32W,U_Y53A,U_L101F,U_M102Q,U_D103S,U_H107W,U_I108Y,U_Y110V,U_S111A,V_L54D,V_N55T,V_S66K","4GXU:I, U, V::PMID=23236279",-0.8044940948486321
"4gxu_U_T28M,U_S30D,U_S31R,U_Y32H,U_M102R,U_Y105H,U_D106E,U_H107W,U_I108R,U_S111A,V_L54D,V_N55D,V_Q56P,V_R57G,V_S66A_I_U, V",-11.192771911621094,-10.239604568481445,"U_T28M,U_S30D,U_S31R,U_Y32H,U_M102R,U_Y105H,U_D106E,U_H107W,U_I108R,U_S111A,V_L54D,V_N55D,V_Q56P,V_R57G,V_S66A","4GXU:I, U, V::PMID=23236279",-0.9531673431396488
"4gxu_U_T28P,U_S30D,U_S31Q,U_Y32W,U_Y53A,U_L101H,U_M102Q,U_Y104W,U_H107F,U_I108L,U_Y110N,U_S111A,V_Y52H,V_S53E,V_L54N,V_N55D,V_R57L_I_U, V",-11.192771911621094,-10.356307792663575,"U_T28P,U_S30D,U_S31Q,U_Y32W,U_Y53A,U_L101H,U_M102Q,U_Y104W,U_H107F,U_I108L,U_Y110N,U_S111A,V_Y52H,V_S53E,V_L54N,V_N55D,V_R57L","4GXU:I, U, V::PMID=23236279",-0.8364641189575188
"4gxu_U_T28P,U_S30E,U_S31R,U_Y53A,U_L101G,U_M102E,U_Y105K,U_D106I,U_H107Y,U_I108T,U_S111M,V_I51L,V_L54D,V_N55S,V_Q56L,V_S66T_I_U, V",-11.192771911621094,-10.64799919128418,"U_T28P,U_S30E,U_S31R,U_Y53A,U_L101G,U_M102E,U_Y105K,U_D106I,U_H107Y,U_I108T,U_S111M,V_I51L,V_L54D,V_N55S,V_Q56L,V_S66T","4GXU:I, U, V::PMID=23236279",-0.5447727203369137
"4gxu_U_T28Q,U_S30E,U_S31N,U_Y32F,U_Y53A,U_L101S,U_M102Q,U_Y104M,U_Y105H,U_D106T,U_H107S,U_I108L,U_S111A,V_I51V,V_Y52H,V_L54D,V_N55T,V_Q56L,V_R57W,V_P58K,V_S66Q_I_U, V",-11.192771911621094,-10.604485702514648,"U_T28Q,U_S30E,U_S31N,U_Y32F,U_Y53A,U_L101S,U_M102Q,U_Y104M,U_Y105H,U_D106T,U_H107S,U_I108L,U_S111A,V_I51V,V_Y52H,V_L54D,V_N55T,V_Q56L,V_R57W,V_P58K,V_S66Q","4GXU:I, U, V::PMID=23236279",-0.588286209106446
"4jpk_H_E46V,H_M48L,H_W50N,H_N54S,H_N59V,H_Y60L,H_Q62K,H_K63Q,H_F64W,H_Q65I,H_V68L,H_T69L,H_S102P,H_D103N,H_Y104H,H_N105S,L_E1S,L_I2L,L_S28G,L_Q89V,L_E92R_A_H, L",-10.073107719421387,-7.863263034820557,"H_E46V,H_M48L,H_W50N,H_N54S,H_N59V,H_Y60L,H_Q62K,H_K63Q,H_F64W,H_Q65I,H_V68L,H_T69L,H_S102P,H_D103N,H_Y104H,H_N105S,L_E1S,L_I2L,L_S28G,L_Q89V,L_E92R","4JPK:A, H, L:A_T35S:PMID=23539181",-2.2098446846008297
"4jpk_H_L45F,H_M48I,H_W50N,H_N52D,H_P53V,H_N54K,H_G56A,H_Y60V,H_K63E,H_F64W,H_Q65E,H_V68H,H_T69K,H_S102T,H_D103H,H_Y104D,H_N105L,L_E1R,L_I2K,L_S28R,L_Q89N,L_Q90C,L_Y91W,L_E92D_A_H, L",-10.073107719421387,-8.61617021560669,"H_L45F,H_M48I,H_W50N,H_N52D,H_P53V,H_N54K,H_G56A,H_Y60V,H_K63E,H_F64W,H_Q65E,H_V68H,H_T69K,H_S102T,H_D103H,H_Y104D,H_N105L,L_E1R,L_I2K,L_S28R,L_Q89N,L_Q90C,L_Y91W,L_E92D","4JPK:A, H, L:A_T35S:PMID=23539181",-1.4569375038146966
"4jpk_H_L45F,H_M48V,H_W50Y,H_N54D,H_Y60M,H_A61H,H_Q62S,H_K63S,H_F64Y,H_T69A,H_T71S,H_S102Q,H_D103N,H_Y104N,H_N105Q,L_E1Q,L_I2L,L_S28G,L_Q90R,L_E92H_A_H, L",-10.073107719421387,-8.828516387939453,"H_L45F,H_M48V,H_W50Y,H_N54D,H_Y60M,H_A61H,H_Q62S,H_K63S,H_F64Y,H_T69A,H_T71S,H_S102Q,H_D103N,H_Y104N,H_N105Q,L_E1Q,L_I2L,L_S28G,L_Q90R,L_E92H","4JPK:A, H, L:A_T35S:PMID=23539181",-1.2445913314819332
"4jpk_H_W47H,H_M48L,H_W50Y,H_I51P,H_N54S,H_N59Q,H_Y60V,H_Q62E,H_K63D,H_F64Y,H_Q65E,H_V68M,H_T69R,H_S102R,H_D103Q,H_Y104N,L_E1M,L_I2L,L_S28I,L_Q89R,L_G208V_A_H, L",-10.073107719421387,-7.730901145935059,"H_W47H,H_M48L,H_W50Y,H_I51P,H_N54S,H_N59Q,H_Y60V,H_Q62E,H_K63D,H_F64Y,H_Q65E,H_V68M,H_T69R,H_S102R,H_D103Q,H_Y104N,L_E1M,L_I2L,L_S28I,L_Q89R,L_G208V","4JPK:A, H, L:A_T35S:PMID=23539181",-2.3422065734863278
"4jpk_H_W50T,H_N54A,H_G57F,H_T58Q,H_Y60V,H_K63G,H_F64Y,H_Q65R,H_T69H,H_M70L,H_T71P,H_S102R,H_D103S,H_Y104K,H_N105Q,L_E1P,L_I2L,L_S28G,L_Q89R,L_Q90M,L_E92D,L_G208L_A_H, L",-10.073107719421387,-8.738124179840089,"H_W50T,H_N54A,H_G57F,H_T58Q,H_Y60V,H_K63G,H_F64Y,H_Q65R,H_T69H,H_M70L,H_T71P,H_S102R,H_D103S,H_Y104K,H_N105Q,L_E1P,L_I2L,L_S28G,L_Q89R,L_Q90M,L_E92D,L_G208L","4JPK:A, H, L:A_T35S:PMID=23539181",-1.3349835395812981
"4jpk_H_Y32F,H_L45Y,H_E46Q,H_M48L,H_W50N,H_N52D,H_N54S,H_T58N,H_N59E,H_Y60L,H_Q62E,H_K63E,H_F64Y,H_Q65I,H_V68L,H_T69R,H_D103R,H_Y104K,H_N105Q,L_E1A,L_I2T,L_S28G,L_Q89R,L_Y91N_A_H, L",-10.073107719421387,-7.943462371826172,"H_Y32F,H_L45Y,H_E46Q,H_M48L,H_W50N,H_N52D,H_N54S,H_T58N,H_N59E,H_Y60L,H_Q62E,H_K63E,H_F64Y,H_Q65I,H_V68L,H_T69R,H_D103R,H_Y104K,H_N105Q,L_E1A,L_I2T,L_S28G,L_Q89R,L_Y91N","4JPK:A, H, L:A_T35S:PMID=23539181",-2.129645347595215
"4jpk_H_Y32R,H_M48L,H_I51V,H_P53G,H_N54A,H_Y60V,H_Q62S,H_F64Y,H_Q65M,H_T69L,H_S102G,H_Y104R,H_N105M,L_E1A,L_I2L,L_S28V,L_Q89R,L_E92D_A_H, L",-10.073107719421387,-8.599303817749023,"H_Y32R,H_M48L,H_I51V,H_P53G,H_N54A,H_Y60V,H_Q62S,H_F64Y,H_Q65M,H_T69L,H_S102G,H_Y104R,H_N105M,L_E1A,L_I2L,L_S28V,L_Q89R,L_E92D","4JPK:A, H, L:A_T35S:PMID=23539181",-1.4738039016723636
"4jpk_H_Y32W,H_M48L,H_W50R,H_I51V,H_N54E,H_G56K,H_G57D,H_N59A,H_Y60V,H_Q62N,H_F64Y,H_Q65I,H_T69K,H_S102G,H_D103K,H_N105E,L_E1M,L_I2L,L_S28E,L_Q89K,L_Q90R,L_G208Y_A_H, L",-10.073107719421387,-7.492720317840576,"H_Y32W,H_M48L,H_W50R,H_I51V,H_N54E,H_G56K,H_G57D,H_N59A,H_Y60V,H_Q62N,H_F64Y,H_Q65I,H_T69K,H_S102G,H_D103K,H_N105E,L_E1M,L_I2L,L_S28E,L_Q89K,L_Q90R,L_G208Y","4JPK:A, H, L:A_T35S:PMID=23539181",-2.5803874015808104
"4m62_I_S30A,I_S31I,I_Y32R,I_I54V,I_F55L,I_T57A,I_A58P,I_D73R,I_K74L,I_R98L,I_G100M,I_S104P,I_W106D,I_L107H,I_K109I,I_I111V,M_S32R,M_S94R,M_S95W,M_P96A_T_I, M",-11.718320846557617,-9.673855972290038,"I_S30A,I_S31I,I_Y32R,I_I54V,I_F55L,I_T57A,I_A58P,I_D73R,I_K74L,I_R98L,I_G100M,I_S104P,I_W106D,I_L107H,I_K109I,I_I111V,M_S32R,M_S94R,M_S95W,M_P96A","4M62:I, M, T::PMID=TBD",-2.044464874267579
"4m62_I_S30A,I_S31T,I_I54L,I_G56K,I_T57R,I_A58V,I_K74M,I_R98M,I_S104P,I_W106R,I_L107E,I_K109N,M_S32N,M_Q91S,M_G93D,M_S94Q_T_I, M",-11.718320846557617,-10.59109115600586,"I_S30A,I_S31T,I_I54L,I_G56K,I_T57R,I_A58V,I_K74M,I_R98M,I_S104P,I_W106R,I_L107E,I_K109N,M_S32N,M_Q91S,M_G93D,M_S94Q","4M62:I, M, T::PMID=TBD",-1.1272296905517578
"4m62_I_S30D,I_S31T,I_I51V,I_T57R,I_K74A,I_R98K,I_S104I,I_W106N,I_L107A,I_K109Q,M_S32A,M_Q91M,M_Y92F,M_G93N,M_S95A,M_P96I_T_I, M",-11.718320846557617,-10.823311042785644,"I_S30D,I_S31T,I_I51V,I_T57R,I_K74A,I_R98K,I_S104I,I_W106N,I_L107A,I_K109Q,M_S32A,M_Q91M,M_Y92F,M_G93N,M_S95A,M_P96I","4M62:I, M, T::PMID=TBD",-0.8950098037719734
"4m62_I_S30D,I_S31V,I_F55L,I_T57H,I_K74A,I_R98K,I_G100I,I_W106D,I_L107V,I_I111T,M_S32H,M_Q91R,M_G93D,M_S94Q,M_S95A_T_I, M",-11.718320846557617,-10.420930290222168,"I_S30D,I_S31V,I_F55L,I_T57H,I_K74A,I_R98K,I_G100I,I_W106D,I_L107V,I_I111T,M_S32H,M_Q91R,M_G93D,M_S94Q,M_S95A","4M62:I, M, T::PMID=TBD",-1.2973905563354489
"4m62_I_S30E,I_S31H,I_I54L,I_G56N,I_T57K,I_K74Q,I_R98K,I_S104T,I_G105V,I_W106A,I_L107Q,I_I111V,M_S32Q,M_Q91T,M_G93Q,M_S94A_T_I, M",-11.718320846557617,-10.28439121246338,"I_S30E,I_S31H,I_I54L,I_G56N,I_T57K,I_K74Q,I_R98K,I_S104T,I_G105V,I_W106A,I_L107Q,I_I111V,M_S32Q,M_Q91T,M_G93Q,M_S94A","4M62:I, M, T::PMID=TBD",-1.4339296340942376
"4m62_I_S30M,I_S31T,I_Y32R,I_G50S,I_I52V,I_P53F,I_F55D,I_G56M,I_T57F,I_K74P,I_R98Y,I_S104P,I_W106N,I_L107S,I_K109L,I_I111V,M_Q91R,M_G93D,M_S94Q,M_S95A_T_I, M",-11.718320846557617,-10.005005645751954,"I_S30M,I_S31T,I_Y32R,I_G50S,I_I52V,I_P53F,I_F55D,I_G56M,I_T57F,I_K74P,I_R98Y,I_S104P,I_W106N,I_L107S,I_K109L,I_I111V,M_Q91R,M_G93D,M_S94Q,M_S95A","4M62:I, M, T::PMID=TBD",-1.7133152008056634
"4m62_I_S31T,I_Y32C,I_G49D,I_I54V,I_F55L,I_G56K,I_T57K,I_K74S,I_R98K,I_W106N,I_L107S,I_K109L,I_G112R,M_Q91R,M_G93E,M_S95D_T_I, M",-11.718320846557617,-9.877635955810547,"I_S31T,I_Y32C,I_G49D,I_I54V,I_F55L,I_G56K,I_T57K,I_K74S,I_R98K,I_W106N,I_L107S,I_K109L,I_G112R,M_Q91R,M_G93E,M_S95D","4M62:I, M, T::PMID=TBD",-1.8406848907470703
"4m62_I_S31T,I_Y32K,I_I52V,I_I54L,I_T57S,I_A58P,I_K74L,I_R98K,I_S104P,I_W106D,I_L107S,I_I111Q,M_S32N,M_Q91T,M_G93A,M_S94E,M_S95T_T_I, M",-11.718320846557617,-10.220774459838868,"I_S31T,I_Y32K,I_I52V,I_I54L,I_T57S,I_A58P,I_K74L,I_R98K,I_S104P,I_W106D,I_L107S,I_I111Q,M_S32N,M_Q91T,M_G93A,M_S94E,M_S95T","4M62:I, M, T::PMID=TBD",-1.4975463867187493
"4nkq_C_E1A,C_H2M,C_V3E,C_N4I,C_A5V,C_I6L,C_Q7N,C_A9S,C_R10M,C_R11A,C_N14D,C_E32K,C_M33K,C_F34I,C_D35Y,C_L36M,C_K98R,C_L102R,C_I104L_A, B_C",-12.23194408416748,-10.7626220703125,"C_E1A,C_H2M,C_V3E,C_N4I,C_A5V,C_I6L,C_Q7N,C_A9S,C_R10M,C_R11A,C_N14D,C_E32K,C_M33K,C_F34I,C_D35Y,C_L36M,C_K98R,C_L102R,C_I104L","4NKQ:A, B, C:B_D176E:PMID=27396825",-1.4693220138549812
"4nkq_C_E1D,C_H2E,C_V3R,C_N4S,C_Q7E,C_R10L,C_R11V,C_N14Q,C_E32I,C_M33A,C_F34L,C_D35S,C_Q37I,C_K98L,C_F100T,C_L102T,C_I104T,C_P105G_A, B_C",-12.23194408416748,-11.170656776428222,"C_E1D,C_H2E,C_V3R,C_N4S,C_Q7E,C_R10L,C_R11V,C_N14Q,C_E32I,C_M33A,C_F34L,C_D35S,C_Q37I,C_K98L,C_F100T,C_L102T,C_I104T,C_P105G","4NKQ:A, B, C:B_D176E:PMID=27396825",-1.0612873077392582
"4nkq_C_E1D,C_H2F,C_V3R,C_A5G,C_I6V,C_Q7H,C_A9W,C_R10L,C_R11E,C_N14R,C_E32S,C_M33R,C_L36N,C_Q37D,C_K98Y,C_L102T,C_I104A_A, B_C",-12.23194408416748,-10.755060958862305,"C_E1D,C_H2F,C_V3R,C_A5G,C_I6V,C_Q7H,C_A9W,C_R10L,C_R11E,C_N14R,C_E32S,C_M33R,C_L36N,C_Q37D,C_K98Y,C_L102T,C_I104A","4NKQ:A, B, C:B_D176E:PMID=27396825",-1.476883125305175
"4nkq_C_E1L,C_H2L,C_V3R,C_N4M,C_A5S,C_I6V,C_Q7L,C_R10D,C_R11G,C_E32F,C_M33R,C_F34Y,C_D35N,C_L36I,C_Q37I,C_K98R,C_L101S,C_L102K,C_I104E_A, B_C",-12.23194408416748,-10.576689147949219,"C_E1L,C_H2L,C_V3R,C_N4M,C_A5S,C_I6V,C_Q7L,C_R10D,C_R11G,C_E32F,C_M33R,C_F34Y,C_D35N,C_L36I,C_Q37I,C_K98R,C_L101S,C_L102K,C_I104E","4NKQ:A, B, C:B_D176E:PMID=27396825",-1.6552549362182614
"4nkq_C_E1M,C_H2V,C_V3Q,C_N4D,C_I6L,C_Q7N,C_R10L,C_R11T,C_N14D,C_E32K,C_M33Q,C_F34I,C_D35F,C_Q37N,C_K98H,C_I104L,C_P105Q_A, B_C",-12.23194408416748,-11.354119300842285,"C_E1M,C_H2V,C_V3Q,C_N4D,C_I6L,C_Q7N,C_R10L,C_R11T,C_N14D,C_E32K,C_M33Q,C_F34I,C_D35F,C_Q37N,C_K98H,C_I104L,C_P105Q","4NKQ:A, B, C:B_D176E:PMID=27396825",-0.8778247833251953
"4nkq_C_E1P,C_H2K,C_V3M,C_A5Q,C_I6C,C_Q7L,C_R10H,C_R11Q,C_N14V,C_E32V,C_M33P,C_F34Y,C_D35H,C_L36H,C_Q37S,C_K98H,C_F100W,C_L102K,C_I104Y_A, B_C",-12.23194408416748,-11.330945587158203,"C_E1P,C_H2K,C_V3M,C_A5Q,C_I6C,C_Q7L,C_R10H,C_R11Q,C_N14V,C_E32V,C_M33P,C_F34Y,C_D35H,C_L36H,C_Q37S,C_K98H,C_F100W,C_L102K,C_I104Y","4NKQ:A, B, C:B_D176E:PMID=27396825",-0.9009984970092777
"4nkq_C_E1R,C_H2L,C_V3E,C_N4G,C_A5C,C_I6K,C_Q7D,C_A9S,C_R10L,C_R11K,C_N14R,C_E32L,C_M33E,C_F34Y,C_D35L,C_L36D,C_K98L,C_L102E,C_I104L,C_P105E_A, B_C",-12.23194408416748,-10.65750732421875,"C_E1R,C_H2L,C_V3E,C_N4G,C_A5C,C_I6K,C_Q7D,C_A9S,C_R10L,C_R11K,C_N14R,C_E32L,C_M33E,C_F34Y,C_D35L,C_L36D,C_K98L,C_L102E,C_I104L,C_P105E","4NKQ:A, B, C:B_D176E:PMID=27396825",-1.5744367599487301
"4nkq_C_H2L,C_V3E,C_N4H,C_I6R,C_R10Q,C_N14R,C_E32F,C_M33V,C_F34L,C_D35T,C_L36H,C_Q37D,C_K98W,C_F100D,C_L102S,C_I104S_A, B_C",-12.23194408416748,-11.291566467285156,"C_H2L,C_V3E,C_N4H,C_I6R,C_R10Q,C_N14R,C_E32F,C_M33V,C_F34L,C_D35T,C_L36H,C_Q37D,C_K98W,C_F100D,C_L102S,C_I104S","4NKQ:A, B, C:B_D176E:PMID=27396825",-0.9403776168823246
"5k39_A_A32G,A_L77D,A_T78V,A_V80S,A_A91S,A_S92R,A_C93K,A_V95T,A_Y96D,A_T132S,A_R133Y,A_F134Y,A_T142V,A_L143I,A_I145V,A_D146G,A_W147D,A_Y148Q,A_G149Q_B_A",-7.895566463470459,-9.664178276062012,"A_A32G,A_L77D,A_T78V,A_V80S,A_A91S,A_S92R,A_C93K,A_V95T,A_Y96D,A_T132S,A_R133Y,A_F134Y,A_T142V,A_L143I,A_I145V,A_D146G,A_W147D,A_Y148Q,A_G149Q","5K39:A, B:B_F142A:PMID=27924829",1.768611812591553
"5k39_A_A32S,A_L77P,A_T78K,A_V80K,A_Y90W,A_A91C,A_S92R,A_C93I,A_V95T,A_Y96N,A_R133Q,A_F134Y,A_T142V,A_I145V,A_W147D,A_Y148N,A_G149E,A_Q150N_B_A",-7.895566463470459,-10.257938957214355,"A_A32S,A_L77P,A_T78K,A_V80K,A_Y90W,A_A91C,A_S92R,A_C93I,A_V95T,A_Y96N,A_R133Q,A_F134Y,A_T142V,A_I145V,A_W147D,A_Y148N,A_G149E,A_Q150N","5K39:A, B:B_F142A:PMID=27924829",2.362372493743896
"5k39_A_I34G,A_L77D,A_T78I,A_V80R,A_A91C,A_S92R,A_C93I,A_V95M,A_Y96D,A_T132S,A_R133Q,A_F134Y,A_T135S,A_T142V,A_L143I,A_I145V,A_W147D,A_Y148F,A_Q150E_B_A",-7.895566463470459,-9.837576103210449,"A_I34G,A_L77D,A_T78I,A_V80R,A_A91C,A_S92R,A_C93I,A_V95M,A_Y96D,A_T132S,A_R133Q,A_F134Y,A_T135S,A_T142V,A_L143I,A_I145V,A_W147D,A_Y148F,A_Q150E","5K39:A, B:B_F142A:PMID=27924829",1.9420096397399895
"5k39_A_I34V,A_L76M,A_L77S,A_T78K,A_V80K,A_A91T,A_S92R,A_V95T,A_Y96N,A_T132S,A_R133W,A_F134S,A_T142V,A_L143V,A_W147A,A_Y148R,A_Q150K_B_A",-7.895566463470459,-10.124041175842285,"A_I34V,A_L76M,A_L77S,A_T78K,A_V80K,A_A91T,A_S92R,A_V95T,A_Y96N,A_T132S,A_R133W,A_F134S,A_T142V,A_L143V,A_W147A,A_Y148R,A_Q150K","5K39:A, B:B_F142A:PMID=27924829",2.228474712371826
"5k39_A_I34V,A_L77P,A_T78H,A_V80K,A_N81S,A_Y90F,A_A91F,A_S92R,A_C93S,A_Y94F,A_V95S,A_T132S,A_R133E,A_F134Y,A_T142V,A_L143I,A_I145W,A_W147D,A_Y148L,A_G149A,A_Q150R_B_A",-7.895566463470459,-10.214047241210938,"A_I34V,A_L77P,A_T78H,A_V80K,A_N81S,A_Y90F,A_A91F,A_S92R,A_C93S,A_Y94F,A_V95S,A_T132S,A_R133E,A_F134Y,A_T142V,A_L143I,A_I145W,A_W147D,A_Y148L,A_G149A,A_Q150R","5K39:A, B:B_F142A:PMID=27924829",2.3184807777404792
"5k39_A_L77A,A_T78K,A_V80R,A_A91E,A_S92R,A_C93I,A_V95T,A_Y96F,A_T132S,A_R133Y,A_F134Y,A_T142V,A_L143M,A_V144A,A_W147D,A_Y148Q,A_Q150R_B_A",-7.895566463470459,-9.862610626220704,"A_L77A,A_T78K,A_V80R,A_A91E,A_S92R,A_C93I,A_V95T,A_Y96F,A_T132S,A_R133Y,A_F134Y,A_T142V,A_L143M,A_V144A,A_W147D,A_Y148Q,A_Q150R","5K39:A, B:B_F142A:PMID=27924829",1.9670441627502449
"5k39_A_L77D,A_T78K,A_A79T,A_V80R,A_N89Y,A_A91T,A_S92R,A_C93I,A_V95T,A_Y96D,A_T132S,A_R133W,A_T142V,A_L143I,A_I145V,A_W147D,A_Y148E,A_G149K,A_Q150K_B_A",-7.895566463470459,-9.86710433959961,"A_L77D,A_T78K,A_A79T,A_V80R,A_N89Y,A_A91T,A_S92R,A_C93I,A_V95T,A_Y96D,A_T132S,A_R133W,A_T142V,A_L143I,A_I145V,A_W147D,A_Y148E,A_G149K,A_Q150K","5K39:A, B:B_F142A:PMID=27924829",1.971537876129151
"5k39_A_Q35E,A_L76F,A_L77N,A_T78Q,A_A79I,A_V80Y,A_N89H,A_A91Y,A_S92K,A_C93I,A_V95S,A_Y96D,A_R133Y,A_T142V,A_L143R,A_V144I,A_I145V,A_W147N,A_Y148E,A_Q150N_B_A",-7.895566463470459,-9.932778549194335,"A_Q35E,A_L76F,A_L77N,A_T78Q,A_A79I,A_V80Y,A_N89H,A_A91Y,A_S92K,A_C93I,A_V95S,A_Y96D,A_R133Y,A_T142V,A_L143R,A_V144I,A_I145V,A_W147N,A_Y148E,A_Q150N","5K39:A, B:B_F142A:PMID=27924829",2.0372120857238762
"6cwt_C_V49L,C_E50A,C_I52L,C_I54R,C_I55V,C_N56D,C_R99A,C_T100S,C_R101S,C_V103F,D_S29D,D_G31H,D_N32A,D_A33S,D_S50R,D_A51S,D_G52T,D_S53G,D_N54V,D_L55A,D_R64L,D_S68T,D_Y93R,D_S94D,D_A95C_F_C, D",-15.959397315979004,-10.661326026916504,"C_V49L,C_E50A,C_I52L,C_I54R,C_I55V,C_N56D,C_R99A,C_T100S,C_R101S,C_V103F,D_S29D,D_G31H,D_N32A,D_A33S,D_S50R,D_A51S,D_G52T,D_S53G,D_N54V,D_L55A,D_R64L,D_S68T,D_Y93R,D_S94D,D_A95C","6CWT:C, D, F::PMID=TBD",-5.2980712890625
"6cwt_C_V49L,C_E50K,C_Y51W,C_I52L,C_I54Q,C_I55V,C_N56S,C_A98S,C_R99F,C_T100A,C_R101S,D_S29N,D_G31Y,D_N32R,D_A33S,D_I49V,D_S50K,D_A51S,D_S53G,D_N54Y,D_L55N,D_R64Q,D_S66A,D_S68Y,D_Y93Q,D_A95N_F_C, D",-15.959397315979004,-11.113654708862304,"C_V49L,C_E50K,C_Y51W,C_I52L,C_I54Q,C_I55V,C_N56S,C_A98S,C_R99F,C_T100A,C_R101S,D_S29N,D_G31Y,D_N32R,D_A33S,D_I49V,D_S50K,D_A51S,D_S53G,D_N54Y,D_L55N,D_R64Q,D_S66A,D_S68Y,D_Y93Q,D_A95N","6CWT:C, D, F::PMID=TBD",-4.8457426071167
"6cwt_C_V49L,C_I52L,C_I55V,C_N56S,C_R99F,C_T100A,C_R101N,C_V103H,D_S29N,D_I30V,D_G31H,D_N32H,D_A33S,D_I49L,D_S50K,D_A51S,D_G52N,D_S53E,D_N54D,D_L55I,D_R64Q,D_S68Y,D_G91S,D_T92A,D_Y93L,D_A95T,D_I96V_F_C, D",-15.959397315979004,-10.83447723388672,"C_V49L,C_I52L,C_I55V,C_N56S,C_R99F,C_T100A,C_R101N,C_V103H,D_S29N,D_I30V,D_G31H,D_N32H,D_A33S,D_I49L,D_S50K,D_A51S,D_G52N,D_S53E,D_N54D,D_L55I,D_R64Q,D_S68Y,D_G91S,D_T92A,D_Y93L,D_A95T,D_I96V","6CWT:C, D, F::PMID=TBD",-5.1249200820922844
"6cwt_C_V49L,C_I54K,C_N56D,C_R99F,C_T100A,C_R101D,C_V103Y,D_S29N,D_G31Y,D_N32G,D_A33S,D_I49L,D_S50R,D_A51G,D_G52V,D_S53H,D_L55T,D_S66A,D_S68V,D_Y93K,D_A95C,D_I96L_F_C, D",-15.959397315979004,-10.360611534118652,"C_V49L,C_I54K,C_N56D,C_R99F,C_T100A,C_R101D,C_V103Y,D_S29N,D_G31Y,D_N32G,D_A33S,D_I49L,D_S50R,D_A51G,D_G52V,D_S53H,D_L55T,D_S66A,D_S68V,D_Y93K,D_A95C,D_I96L","6CWT:C, D, F::PMID=TBD",-5.598785781860352
"6cwt_C_V49L,C_Y51F,C_I52L,C_I54L,C_N56S,C_R99F,C_T100S,C_R101Y,C_V103G,D_S29E,D_G31W,D_N32Q,D_A33S,D_I49L,D_A51C,D_G52S,D_S53K,D_N54T,D_L55R,D_R64T,D_S68I,D_G91L,D_T92A,D_Y93K,D_A95N,D_I96A_F_C, D",-15.959397315979004,-10.732124519348144,"C_V49L,C_Y51F,C_I52L,C_I54L,C_N56S,C_R99F,C_T100S,C_R101Y,C_V103G,D_S29E,D_G31W,D_N32Q,D_A33S,D_I49L,D_A51C,D_G52S,D_S53K,D_N54T,D_L55R,D_R64T,D_S68I,D_G91L,D_T92A,D_Y93K,D_A95N,D_I96A","6CWT:C, D, F::PMID=TBD",-5.22727279663086
"6cwt_C_V49L,C_Y51F,C_I52L,C_I55V,C_N56D,C_C97V,C_A98S,C_R99W,C_T100A,C_G102A,C_V103N,D_S29E,D_I30C,D_G31Y,D_I49L,D_S50T,D_A51G,D_G52R,D_S53E,D_N54A,D_L55R,D_R64V,D_S68D,D_G91W,D_Y93L,D_I96V_F_C, D",-15.959397315979004,-10.224793624877929,"C_V49L,C_Y51F,C_I52L,C_I55V,C_N56D,C_C97V,C_A98S,C_R99W,C_T100A,C_G102A,C_V103N,D_S29E,D_I30C,D_G31Y,D_I49L,D_S50T,D_A51G,D_G52R,D_S53E,D_N54A,D_L55R,D_R64V,D_S68D,D_G91W,D_Y93L,D_I96V","6CWT:C, D, F::PMID=TBD",-5.734603691101075
"6cwt_C_V49L,C_Y51W,C_I52H,C_I54R,C_N56S,C_R99Q,C_T100A,C_R101S,C_V103E,D_S29G,D_I30V,D_G31D,D_N32H,D_A33C,D_I49E,D_S50E,D_G52E,D_S53G,D_N54V,D_R64V,D_S68T,D_Y93W,D_S94D,D_A95C,D_I96V_F_C, D",-15.959397315979004,-11.34034538269043,"C_V49L,C_Y51W,C_I52H,C_I54R,C_N56S,C_R99Q,C_T100A,C_R101S,C_V103E,D_S29G,D_I30V,D_G31D,D_N32H,D_A33C,D_I49E,D_S50E,D_G52E,D_S53G,D_N54V,D_R64V,D_S68T,D_Y93W,D_S94D,D_A95C,D_I96V","6CWT:C, D, F::PMID=TBD",-4.619051933288574
"6cwt_C_V49P,C_E50D,C_Y51F,C_I55V,C_N56S,C_A98G,C_R99F,C_T100A,C_R101S,C_G102C,C_V103E,C_H218S,D_S29D,D_G31Y,D_N32Q,D_A33S,D_I49L,D_S50R,D_A51S,D_G52S,D_S53G,D_N54V,D_L55R,D_R64K,D_S68G,D_Y93L,D_A95S,D_I96D_F_C, D",-15.959397315979004,-10.472843551635743,"C_V49P,C_E50D,C_Y51F,C_I55V,C_N56S,C_A98G,C_R99F,C_T100A,C_R101S,C_G102C,C_V103E,C_H218S,D_S29D,D_G31Y,D_N32Q,D_A33S,D_I49L,D_S50R,D_A51S,D_G52S,D_S53G,D_N54V,D_L55R,D_R64K,D_S68G,D_Y93L,D_A95S,D_I96D","6CWT:C, D, F::PMID=TBD",-5.486553764343261
