ID,dG_true,dG_pred,mutstr,complex_id,score
"1ao7_A_A166E_D, E_A, B, C",-4.596673011779785,-7.637615585327149,A_A166E,"1AO7:A, B, C, D, E:A_E166A, D_K66A:PMID=23736024",3.0409425735473636
"1ao7_A_A69L,A_A150P,A_A166E_D, E_A, B, C",-4.596673011779785,-6.547012996673584,"A_A69L,A_A150P,A_A166E","1AO7:A, B, C, D, E:A_E166A, D_K66A:PMID=23736024",1.950339984893799
"1ao7_A_H145R,A_A166E_D, E_A, B, C",-4.596673011779785,-8.085930728912354,"A_H145R,A_A166E","1AO7:A, B, C, D, E:A_E166A, D_K66A:PMID=23736024",3.4892577171325687
"1ao7_A_Q155P,A_L160C,A_E161R,A_A166E_D, E_A, B, C",-4.596673011779785,-7.345696449279785,"A_Q155P,A_L160C,A_E161R,A_A166E","1AO7:A, B, C, D, E:A_E166A, D_K66A:PMID=23736024",2.7490234375
"1ao7_A_Q72S,A_K146C,A_L156K,A_A166E_D, E_A, B, C",-4.596673011779785,-7.455799388885498,"A_Q72S,A_K146C,A_L156K,A_A166E","1AO7:A, B, C, D, E:A_E166A, D_K66A:PMID=23736024",2.8591263771057127
"1ao7_A_T64A,A_A166S_D, E_A, B, C",-4.596673011779785,-7.210067176818848,"A_T64A,A_A166S","1AO7:A, B, C, D, E:A_E166A, D_K66A:PMID=23736024",2.613394165039063
"1ao7_A_V67N,A_A166E_D, E_A, B, C",-4.596673011779785,-6.819999313354492,"A_V67N,A_A166E","1AO7:A, B, C, D, E:A_E166A, D_K66A:PMID=23736024",2.2233263015747067
"1b2s_A_A27K,A_F56K,A_S57Q,A_F82A,A_N84A_D_A",-13.717446327209473,-15.511517906188965,"A_A27K,A_F56K,A_S57Q,A_F82A,A_N84A","1B2S:A, D:D_A43T:PMID=7739054",1.7940715789794925
"1b2s_A_A27K,A_G34H,A_V36I,A_A37L,A_S38A,A_K39L,A_S50A,A_I55L,A_R83P,A_H102G_D_A",-13.717446327209473,-13.913128662109376,"A_A27K,A_G34H,A_V36I,A_A37L,A_S38A,A_K39L,A_S50A,A_I55L,A_R83P,A_H102G","1B2S:A, D:D_A43T:PMID=7739054",0.19568233489990305
"1b2s_A_A27K,A_K39I,A_S50A_D_A",-13.717446327209473,-16.620743370056154,"A_A27K,A_K39I,A_S50A","1B2S:A, D:D_A43T:PMID=7739054",2.903297042846681
"1b2s_A_A27K,A_K39Q,A_S50H,A_R59W_D_A",-13.717446327209473,-16.404178619384766,"A_A27K,A_K39Q,A_S50H,A_R59W","1B2S:A, D:D_A43T:PMID=7739054",2.686732292175293
"1b2s_A_A27K,A_S50A,A_S57T_D_A",-13.717446327209473,-16.702121925354003,"A_A27K,A_S50A,A_S57T","1B2S:A, D:D_A43T:PMID=7739054",2.9846755981445305
"1b2s_A_A27K,A_V36T,A_S50M,A_F56S,A_R59K,A_T100R_D_A",-13.717446327209473,-15.228033828735352,"A_A27K,A_V36T,A_S50M,A_F56S,A_R59K,A_T100R","1B2S:A, D:D_A43T:PMID=7739054",1.5105875015258796
1b2s_A_A27K_D_A,-13.717446327209473,-17.06863307952881,A_A27K,"1B2S:A, D:D_A43T:PMID=7739054",3.351186752319336
"1b2s_A_A27W,A_G34Q,A_S38K,A_F56Q,A_R83C,A_T100W,A_Y103G_D_A",-13.717446327209473,-13.843131065368652,"A_A27W,A_G34Q,A_S38K,A_F56Q,A_R83C,A_T100W,A_Y103G","1B2S:A, D:D_A43T:PMID=7739054",0.1256847381591797
"1b6c_D_Y182D,D_D183E,D_M184N,D_T185F,D_T186K,D_S189T,D_L196F,D_V197F,D_T200L,D_A202T,D_R203K,D_E238H,D_E239T,D_S241D,D_F243Q,D_R244M,D_E247D,D_T251R_C_D",-8.939197540283203,-8.903484725952149,"D_Y182D,D_D183E,D_M184N,D_T185F,D_T186K,D_S189T,D_L196F,D_V197F,D_T200L,D_A202T,D_R203K,D_E238H,D_E239T,D_S241D,D_F243Q,D_R244M,D_E247D,D_T251R","1B6C:C, D::PMID=10025408",-0.03571281433105433
"1b6c_D_Y182D,D_D183N,D_M184E,D_T185Y,D_T186V,D_S187E,D_S189W,D_P194G,D_L196F,D_V197N,D_T200R,D_R203S,D_E238D,D_E239H,D_S241M,D_F243E,D_R244T,D_I248V_C_D",-8.939197540283203,-8.456379508972168,"D_Y182D,D_D183N,D_M184E,D_T185Y,D_T186V,D_S187E,D_S189W,D_P194G,D_L196F,D_V197N,D_T200R,D_R203S,D_E238D,D_E239H,D_S241M,D_F243E,D_R244T,D_I248V","1B6C:C, D::PMID=10025408",-0.4828180313110355
"1b6c_D_Y182D,D_D183Q,D_M184D,D_T186W,D_L193G,D_L196H,D_V197Q,D_R199S,D_T200K,D_I201V,D_A202G,D_R203N,D_E238D,D_S241L,D_F243S,D_R244N,D_A246C,D_E247R,D_Y249F,D_D266F_C_D",-8.939197540283203,-8.378696727752686,"D_Y182D,D_D183Q,D_M184D,D_T186W,D_L193G,D_L196H,D_V197Q,D_R199S,D_T200K,D_I201V,D_A202G,D_R203N,D_E238D,D_S241L,D_F243S,D_R244N,D_A246C,D_E247R,D_Y249F,D_D266F","1B6C:C, D::PMID=10025408",-0.5605008125305169
"1b6c_D_Y182D,D_D183R,D_T185Y,D_T186I,D_S187P,D_L196F,D_V197A,D_R199S,D_T200L,D_R203N,D_E238H,D_S241L,D_F243R,D_R244T,D_A246G,D_E247D,D_D266Y_C_D",-8.939197540283203,-7.973494911193848,"D_Y182D,D_D183R,D_T185Y,D_T186I,D_S187P,D_L196F,D_V197A,D_R199S,D_T200L,D_R203N,D_E238H,D_S241L,D_F243R,D_R244T,D_A246G,D_E247D,D_D266Y","1B6C:C, D::PMID=10025408",-0.9657026290893551
"1b6c_D_Y182D,D_D183V,D_M184N,D_T185Y,D_T186K,D_S187P,D_L196F,D_V197E,D_R199T,D_T200K,D_R203S,D_E238D,D_S241A,D_F243K,D_R244N,D_E247D,D_Q250V,D_D266E_C_D",-8.939197540283203,-8.27717170715332,"D_Y182D,D_D183V,D_M184N,D_T185Y,D_T186K,D_S187P,D_L196F,D_V197E,D_R199T,D_T200K,D_R203S,D_E238D,D_S241A,D_F243K,D_R244N,D_E247D,D_Q250V,D_D266E","1B6C:C, D::PMID=10025408",-0.6620258331298832
"1b6c_D_Y182L,D_M184D,D_T185F,D_T186V,D_S187A,D_L195A,D_L196F,D_V197D,D_Q198D,D_R199T,D_T200K,D_R203N,D_E238D,D_E239F,D_S241I,D_W242F,D_F243S,D_R244T,D_E247N,D_Q250K,D_D266H_C_D",-8.939197540283203,-8.343898010253906,"D_Y182L,D_M184D,D_T185F,D_T186V,D_S187A,D_L195A,D_L196F,D_V197D,D_Q198D,D_R199T,D_T200K,D_R203N,D_E238D,D_E239F,D_S241I,D_W242F,D_F243S,D_R244T,D_E247N,D_Q250K,D_D266H","1B6C:C, D::PMID=10025408",-0.5952995300292976
"1b6c_D_Y182Q,D_D183R,D_M184T,D_T185I,D_S187L,D_L195A,D_L196M,D_V197E,D_Q198Y,D_R199E,D_T200R,D_E238F,D_S241H,D_F243N,D_R244T,D_A246G,D_E247D,D_Y249W,D_T251K,D_D266F_C_D",-8.939197540283203,-8.093621444702148,"D_Y182Q,D_D183R,D_M184T,D_T185I,D_S187L,D_L195A,D_L196M,D_V197E,D_Q198Y,D_R199E,D_T200R,D_E238F,D_S241H,D_F243N,D_R244T,D_A246G,D_E247D,D_Y249W,D_T251K,D_D266F","1B6C:C, D::PMID=10025408",-0.8455760955810554
"1b6c_D_Y182T,D_D183Q,D_M184L,D_T185M,D_T186V,D_V197T,D_R199S,D_T200L,D_I201V,D_A202S,D_R203N,D_E238F,D_S241M,D_F243R,D_R244T,D_Q250E,D_T251R,D_A264C,D_D266Y_C_D",-8.939197540283203,-8.568855381011963,"D_Y182T,D_D183Q,D_M184L,D_T185M,D_T186V,D_V197T,D_R199S,D_T200L,D_I201V,D_A202S,D_R203N,D_E238F,D_S241M,D_F243R,D_R244T,D_Q250E,D_T251R,D_A264C,D_D266Y","1B6C:C, D::PMID=10025408",-0.3703421592712406
"1cbw_G_F24N,G_S81G,G_W126E,G_G127S,H_N2V,H_M44T,H_P77S_I_F, G, H",-10.505681991577148,-10.220778465270996,"G_F24N,G_S81G,G_W126E,G_G127S,H_N2V,H_M44T,H_P77S","1CBW:F, G, H, I:I_R39A:PMID=8784199",-0.28490352630615234
"1cbw_G_F24Y,G_L82S,H_N2L,H_S41N,H_V65T,H_S70G_I_F, G, H",-10.505681991577148,-10.250110816955566,"G_F24Y,G_L82S,H_N2L,H_S41N,H_V65T,H_S70G","1CBW:F, G, H, I:I_R39A:PMID=8784199",-0.25557117462158274
"1cbw_G_H25A,G_N80D,G_S81Y,G_L82D,H_N2T,H_T71Y_I_F, G, H",-10.505681991577148,-11.12888832092285,"G_H25A,G_N80D,G_S81Y,G_L82D,H_N2T,H_T71Y","1CBW:F, G, H, I:I_R39A:PMID=8784199",0.6232063293457024
"1cbw_G_H25I,G_Y79F,G_L82D,H_N2Q,H_M44W,H_G45K,H_G48N,H_W67E,H_T71I_I_F, G, H",-10.505681991577148,-9.656867218017577,"G_H25I,G_Y79F,G_L82D,H_N2Q,H_M44W,H_G45K,H_G48N,H_W67E,H_T71I","1CBW:F, G, H, I:I_R39A:PMID=8784199",-0.848814773559571
"1cbw_G_L82F,H_D46W,H_S70N_I_F, G, H",-10.505681991577148,-10.25956325531006,"G_L82F,H_D46W,H_S70N","1CBW:F, G, H, I:I_R39A:PMID=8784199",-0.24611873626708913
"1cbw_G_S81G,G_L82R,G_W126D,H_N2A,H_G48A,H_I64D,H_S70D_I_F, G, H",-10.505681991577148,-9.97022819519043,"G_S81G,G_L82R,G_W126D,H_N2A,H_G48A,H_I64D,H_S70D","1CBW:F, G, H, I:I_R39A:PMID=8784199",-0.5354537963867188
"1cbw_G_S81K,G_L82K,G_W126G,H_N2E_I_F, G, H",-10.505681991577148,-10.799404525756836,"G_S81K,G_L82K,G_W126G,H_N2E","1CBW:F, G, H, I:I_R39A:PMID=8784199",0.29372253417968786
"1cbw_G_Y79L,G_S81A,G_L82N,H_N2Q,H_S70E,H_T71S_I_F, G, H",-10.505681991577148,-10.778034019470216,"G_Y79L,G_S81A,G_L82N,H_N2Q,H_S70E,H_T71S","1CBW:F, G, H, I:I_R39A:PMID=8784199",0.2723520278930671
"1cho_F_F24V,G_N2A,G_Y23V_I_E, F, G",-9.704813957214355,-13.447148895263672,"F_F24V,G_N2A,G_Y23V","1CHO:E, F, G, I:I_A12V, I_E16D, I_E40D, I_E7D, I_G29S, I_K26T, I_L45I, I_R18M:PMID=Stephen Ming-teh Lu, PhD Thesis, Purdue University, 2000",3.742334938049316
"1cho_F_Q19A,F_F24M,F_W126M,G_Y23F,G_S70A_I_E, F, G",-9.704813957214355,-13.172986793518067,"F_Q19A,F_F24M,F_W126M,G_Y23F,G_S70A","1CHO:E, F, G, I:I_A12V, I_E16D, I_E40D, I_E7D, I_G29S, I_K26T, I_L45I, I_R18M:PMID=Stephen Ming-teh Lu, PhD Thesis, Purdue University, 2000",3.4681728363037116
"1cho_F_Q19K,F_F26G,G_G68Q,G_N97T_I_E, F, G",-9.704813957214355,-12.40324764251709,"F_Q19K,F_F26G,G_G68Q,G_N97T","1CHO:E, F, G, I:I_A12V, I_E16D, I_E40D, I_E7D, I_G29S, I_K26T, I_L45I, I_R18M:PMID=Stephen Ming-teh Lu, PhD Thesis, Purdue University, 2000",2.698433685302735
"1cho_F_Q19M,F_G125C,G_S70D_I_E, F, G",-9.704813957214355,-12.105500602722168,"F_Q19M,F_G125C,G_S70D","1CHO:E, F, G, I:I_A12V, I_E16D, I_E40D, I_E7D, I_G29S, I_K26T, I_L45I, I_R18M:PMID=Stephen Ming-teh Lu, PhD Thesis, Purdue University, 2000",2.400686645507813
"1cho_F_W126M_I_E, F, G",-9.704813957214355,-13.9005558013916,F_W126M,"1CHO:E, F, G, I:I_A12V, I_E16D, I_E40D, I_E7D, I_G29S, I_K26T, I_L45I, I_R18M:PMID=Stephen Ming-teh Lu, PhD Thesis, Purdue University, 2000",4.195741844177245
"1cho_G_I64C,G_G78V_I_E, F, G",-9.704813957214355,-12.853973388671875,"G_I64C,G_G78V","1CHO:E, F, G, I:I_A12V, I_E16D, I_E40D, I_E7D, I_G29S, I_K26T, I_L45I, I_R18M:PMID=Stephen Ming-teh Lu, PhD Thesis, Purdue University, 2000",3.1491594314575195
"1cho_G_T26S,G_S42E,G_G45R,G_G78T_I_E, F, G",-9.704813957214355,-12.016767120361328,"G_T26S,G_S42E,G_G45R,G_G78T","1CHO:E, F, G, I:I_A12V, I_E16D, I_E40D, I_E7D, I_G29S, I_K26T, I_L45I, I_R18M:PMID=Stephen Ming-teh Lu, PhD Thesis, Purdue University, 2000",2.3119531631469723
"1cho_G_Y23P,G_M44G,G_N97T_I_E, F, G",-9.704813957214355,-10.65382080078125,"G_Y23P,G_M44G,G_N97T","1CHO:E, F, G, I:I_A12V, I_E16D, I_E40D, I_E7D, I_G29S, I_K26T, I_L45I, I_R18M:PMID=Stephen Ming-teh Lu, PhD Thesis, Purdue University, 2000",0.9490068435668952
"1jrh_H_G105V,H_N106P,L_E27Y,L_Y91N_I_H, L",-9.588382720947266,-9.317015457153321,"H_G105V,H_N106P,L_E27Y,L_Y91N","1JRH:H, I, L:I_W72F:PMID=9878445",-0.2713672637939446
"1jrh_H_I53V,H_P102Q_I_H, L",-9.588382720947266,-10.925115013122559,"H_I53V,H_P102Q","1JRH:H, I, L:I_W72F:PMID=9878445",1.3367322921752933
"1jrh_H_K59S,H_F103D,L_S1E,L_Y91D,L_T94S_I_H, L",-9.588382720947266,-10.036264991760254,"H_K59S,H_F103D,L_S1E,L_Y91D,L_T94S","1JRH:H, I, L:I_W72F:PMID=9878445",0.4478822708129879
"1jrh_H_M34A,H_I53T,H_A101L,H_P102T,L_Y91C,L_T94P_I_H, L",-9.588382720947266,-9.596561241149903,"H_M34A,H_I53T,H_A101L,H_P102T,L_Y91C,L_T94P","1JRH:H, I, L:I_W72F:PMID=9878445",0.00817852020263743
"1jrh_H_P102S,L_S1A,L_S26P,L_W92Y_I_H, L",-9.588382720947266,-10.414849662780762,"H_P102S,L_S1A,L_S26P,L_W92Y","1JRH:H, I, L:I_W72F:PMID=9878445",0.8264669418334964
"1jrh_H_T31G,H_Y32W,H_A101E,H_F103A_I_H, L",-9.588382720947266,-10.695336532592773,"H_T31G,H_Y32W,H_A101E,H_F103A","1JRH:H, I, L:I_W72F:PMID=9878445",1.106953811645507
"1jrh_H_Y32P,H_D57W,L_S1E,L_E27D,L_W92P_I_H, L",-9.588382720947266,-9.155337619781495,"H_Y32P,H_D57W,L_S1E,L_E27D,L_W92P","1JRH:H, I, L:I_W72F:PMID=9878445",-0.4330451011657708
"1jrh_L_K167R_I_H, L",-9.588382720947266,-10.739502906799316,L_K167R,"1JRH:H, I, L:I_W72F:PMID=9878445",1.1511201858520508
"1jtd_A_D75C,A_E78D,A_T83H,A_T88I,A_S209A_B_A",-16.12983512878418,-14.178619956970214,"A_D75C,A_E78D,A_T83H,A_T88I,A_S209A","1JTD:A, B::PMID=24947275",-1.9512151718139652
"1jtd_A_D75M,A_T88V,A_G192S,A_T243S_B_A",-16.12983512878418,-15.408046531677247,"A_D75M,A_T88V,A_G192S,A_T243S","1JTD:A, B::PMID=24947275",-0.7217885971069329
"1jtd_A_D75Y,A_M244V_B_A",-16.12983512878418,-15.575501632690429,"A_D75Y,A_M244V","1JTD:A, B::PMID=24947275",-0.5543334960937507
"1jtd_A_H86G,A_T88I,A_G210Y,A_G212F,A_S216F,A_T243S_B_A",-16.12983512878418,-14.980250930786132,"A_H86G,A_T88I,A_G210Y,A_G212F,A_S216F,A_T243S","1JTD:A, B::PMID=24947275",-1.1495841979980472
"1jtd_A_S72G,A_Q73R,A_G192D_B_A",-16.12983512878418,-14.451161956787109,"A_S72G,A_Q73R,A_G192D","1JTD:A, B::PMID=24947275",-1.6786731719970707
"1jtd_A_S72R,A_Q73E,A_T88K_B_A",-16.12983512878418,-14.899240303039551,"A_S72R,A_Q73E,A_T88K","1JTD:A, B::PMID=24947275",-1.2305948257446282
"1jtd_A_S72T,A_K85D,A_H86R,A_T88V,A_M244I_B_A",-16.12983512878418,-14.300980186462402,"A_S72T,A_K85D,A_H86R,A_T88V,A_M244I","1JTD:A, B::PMID=24947275",-1.8288549423217777
"1jtd_A_S72T,A_Q73G,A_L76H,A_E78A,A_K85Q,A_K189A_B_A",-16.12983512878418,-14.27440299987793,"A_S72T,A_Q73G,A_L76H,A_E78A,A_K85Q,A_K189A","1JTD:A, B::PMID=24947275",-1.8554321289062496
"1jtg_A_M43C,A_S73C,A_N75D,A_E213N,A_G215N_B_A",-8.595683097839355,-11.184173011779786,"A_M43C,A_S73C,A_N75D,A_E213N,A_G215N","1JTG:A, B:B_W150A:PMID=17430899",2.58848991394043
"1jtg_A_M44S,A_S73P,A_N75G,A_T103Y,A_G210H,A_R217A_B_A",-8.595683097839355,-9.760537338256835,"A_M44S,A_S73P,A_N75G,A_T103Y,A_G210H,A_R217A","1JTG:A, B:B_W150A:PMID=17430899",1.1648542404174798
"1jtg_A_N75D,A_L77A,A_L88N,A_R95K,A_S105A,A_R214G_B_A",-8.595683097839355,-10.319169235229491,"A_N75D,A_L77A,A_L88N,A_R95K,A_S105A,A_R214G","1JTG:A, B:B_W150A:PMID=17430899",1.723486137390136
"1jtg_A_N75E,A_S99C_B_A",-8.595683097839355,-11.175150680541993,"A_N75E,A_S99C","1JTG:A, B:B_W150A:PMID=17430899",2.5794675827026374
"1jtg_A_N75G,A_E79I,A_A188M_B_A",-8.595683097839355,-10.602407836914063,"A_N75G,A_E79I,A_A188M","1JTG:A, B:B_W150A:PMID=17430899",2.0067247390747074
"1jtg_A_N75P,A_C98R_B_A",-8.595683097839355,-10.724189186096192,"A_N75P,A_C98R","1JTG:A, B:B_W150A:PMID=17430899",2.1285060882568363
"1jtg_A_N75S,A_V83W,A_S99H,A_S105A,A_K189S,A_V190L,A_S209N_B_A",-8.595683097839355,-9.873847961425781,"A_N75S,A_V83W,A_S99H,A_S105A,A_K189S,A_V190L,A_S209N","1JTG:A, B:B_W150A:PMID=17430899",1.2781648635864258
"1jtg_A_S99A,A_D207W,A_T243S_B_A",-8.595683097839355,-11.70829792022705,"A_S99A,A_D207W,A_T243S","1JTG:A, B:B_W150A:PMID=17430899",3.1126148223876946
"1mhp_H_G54I,H_F99N_A_H, L",-11.13234806060791,-10.357759475708008,"H_G54I,H_F99N","1MHP:A, H, L:H_K64D:PMID=16597831",-0.7745885848999023
"1mhp_H_H56Y,H_T57R,L_G91H_A_H, L",-11.13234806060791,-10.505299758911132,"H_H56Y,H_T57R,L_G91H","1MHP:A, H, L:H_K64D:PMID=16597831",-0.627048301696778
"1mhp_H_S52V_A_H, L",-11.13234806060791,-10.109707260131836,H_S52V,"1MHP:A, H, L:H_K64D:PMID=16597831",-1.0226408004760739
"1mhp_H_T57P,H_R97N,H_G102A,L_S27Q_A_H, L",-11.13234806060791,-9.562104988098145,"H_T57P,H_R97N,H_G102A,L_S27Q","1MHP:A, H, L:H_K64D:PMID=16597831",-1.570243072509765
"1mhp_L_N92V_A_H, L",-11.13234806060791,-10.303202819824218,L_N92V,"1MHP:A, H, L:H_K64D:PMID=16597831",-0.8291452407836921
"1mhp_L_S27D_A_H, L",-11.13234806060791,-10.943678092956542,L_S27D,"1MHP:A, H, L:H_K64D:PMID=16597831",-0.1886699676513679
"1mhp_L_S90Y_A_H, L",-11.13234806060791,-10.525394821166993,L_S90Y,"1MHP:A, H, L:H_K64D:PMID=16597831",-0.6069532394409176
"1mhp__A_H, L",-11.13234806060791,-11.521019744873048,,"1MHP:A, H, L:H_K64D:PMID=16597831",0.38867168426513743
"1mi5_A_D61A,A_F67Y,A_K68E,A_E154K,A_A158G_D, E_A, C",-5.924519062042236,-5.968295669555664,"A_D61A,A_F67Y,A_K68E,A_E154K,A_A158G","1MI5:A, C, D, E:D_G96A:PMID=15640805",0.04377660751342738
"1mi5_A_D61A,A_Q65K,A_K68M,A_R75K,C_L2Y,C_G8W_D, E_A, C",-5.924519062042236,-5.932826900482178,"A_D61A,A_Q65K,A_K68M,A_R75K,C_L2Y,C_G8W","1MI5:A, C, D, E:D_G96A:PMID=15640805",0.008307838439941762
"1mi5_A_D61A_D, E_A, C",-5.924519062042236,-6.204679870605469,A_D61A,"1MI5:A, C, D, E:D_G96A:PMID=15640805",0.2801608085632328
"1mi5_A_D61E,A_I66V,A_L78I,C_G8C_D, E_A, C",-5.869715213775635,-5.711569309234619,"A_D61E,A_I66V,A_L78I,C_G8C","1MI5:A, C, D, E:E_E52A:PMID=15640805",-0.15814590454101562
"1mi5_A_D61E,A_R145Q,C_A6T,C_G8Q_D, E_A, C",-5.869715213775635,-5.087913131713867,"A_D61E,A_R145Q,C_A6T,C_G8Q","1MI5:A, C, D, E:E_E52A:PMID=15640805",-0.7818020820617679
"1mi5_A_D61N,A_T64S,A_Q65A,A_I66A,A_K68E,A_K146T,A_A150K,A_D156W,A_A158W,C_R3Q,C_G8S_D, E_A, C",-5.869715213775635,-5.683483123779297,"A_D61N,A_T64S,A_Q65A,A_I66A,A_K68E,A_K146T,A_A150K,A_D156W,A_A158W,C_R3Q,C_G8S","1MI5:A, C, D, E:E_E52A:PMID=15640805",-0.1862320899963379
"1mi5_A_D61P,A_Q65A,A_Q72E,C_F1K_D, E_A, C",-5.869715213775635,-5.834526538848877,"A_D61P,A_Q65A,A_Q72E,C_F1K","1MI5:A, C, D, E:E_E52A:PMID=15640805",-0.03518867492675781
"1mi5_A_D61Q,A_T64M,A_Q65E,A_K68Q,C_F1M_D, E_A, C",-5.869715213775635,-6.220132064819336,"A_D61Q,A_T64M,A_Q65E,A_K68Q,C_F1M","1MI5:A, C, D, E:E_E52A:PMID=15640805",0.35041685104370135
"1mi5_A_D61T,A_R62N,A_Q65E,A_T69N,A_R79A,A_R151K,A_A158K_D, E_A, C",-5.869715213775635,-5.778579998016357,"A_D61T,A_R62N,A_Q65E,A_T69N,A_R79A,A_R151K,A_A158K","1MI5:A, C, D, E:E_E52A:PMID=15640805",-0.09113521575927752
"1mi5_A_D74A,A_L78D,A_E148Q_D, E_A, C",-5.869715213775635,-6.453979969024658,"A_D74A,A_L78D,A_E148Q","1MI5:A, C, D, E:E_E52A:PMID=15640805",0.5842647552490234
"1mi5_A_K68R,A_E76H,A_G162W,C_R5K,C_Y7P_D, E_A, C",-5.924519062042236,-4.796999931335449,"A_K68R,A_E76H,A_G162W,C_R5K,C_Y7P","1MI5:A, C, D, E:D_G96A:PMID=15640805",-1.127519130706787
"1mi5_A_Q65E,A_R75H,A_A153N,C_R3M,C_Y7R_D, E_A, C",-5.869715213775635,-5.469580745697021,"A_Q65E,A_R75H,A_A153N,C_R3M,C_Y7R","1MI5:A, C, D, E:E_E52A:PMID=15640805",-0.40013446807861364
"1mi5_A_Q65F,A_R151N,A_E154D,A_L160I,C_Y7F_D, E_A, C",-5.924519062042236,-6.1869219779968265,"A_Q65F,A_R151N,A_E154D,A_L160I,C_Y7F","1MI5:A, C, D, E:D_G96A:PMID=15640805",0.2624029159545902
"1mi5_A_R62A,A_A149W,A_R151K,C_F1V_D, E_A, C",-5.924519062042236,-6.329480075836182,"A_R62A,A_A149W,A_R151K,C_F1V","1MI5:A, C, D, E:D_G96A:PMID=15640805",0.40496101379394567
"1mi5_A_R62E,A_F67G,A_D74N,A_E76H,A_R79H,A_R145H,A_R157E,A_E161R,C_L2D,C_G8S_D, E_A, C",-5.924519062042236,-6.030361938476562,"A_R62E,A_F67G,A_D74N,A_E76H,A_R79H,A_R145H,A_R157E,A_E161R,C_L2D,C_G8S","1MI5:A, C, D, E:D_G96A:PMID=15640805",0.105842876434326
"1mi5_A_T69V_D, E_A, C",-5.924519062042236,-5.822140407562256,A_T69V,"1MI5:A, C, D, E:D_G96A:PMID=15640805",-0.10237865447998029
"1n8o_B_K21H,B_A41Y,B_L82E,C_A1Q,C_N2L,C_K21Q,C_T26I,C_N97A_E_A, B, C",-15.611161231994629,-13.613666152954101,"B_K21H,B_A41Y,B_L82E,C_A1Q,C_N2L,C_K21Q,C_T26I,C_N97A","1N8O:A, B, C, E:E_M80L:PMID=8143850",-1.9974950790405277
"1n8o_B_K21N,B_C43K,C_A1S,C_N2L,C_K22N,C_T26W,C_S42G,C_C43I,C_G48Q,C_I64W,C_W67V,C_G68Q,C_S69I,C_T71W,C_C72G_E_A, B, C",-15.611161231994629,-10.904327583312988,"B_K21N,B_C43K,C_A1S,C_N2L,C_K22N,C_T26W,C_S42G,C_C43I,C_G48Q,C_I64W,C_W67V,C_G68Q,C_S69I,C_T71W,C_C72G","1N8O:A, B, C, E:E_M80L:PMID=8143850",-4.706833648681641
"1n8o_B_K21N,B_T39F,B_N80D,B_T83N,C_A1H,C_N2V,C_K22I,C_T26D,C_S69E_E_A, B, C",-15.611161231994629,-13.046210479736327,"B_K21N,B_T39F,B_N80D,B_T83N,C_A1H,C_N2V,C_K22I,C_T26D,C_S69E","1N8O:A, B, C, E:E_M80L:PMID=8143850",-2.5649507522583015
"1n8o_B_K21Q,B_S81G,B_L82C,C_N2L,C_Y23H,C_S42Y,C_G45I,C_S70D,C_S75N,C_G78M_E_A, B, C",-15.611161231994629,-12.416160774230956,"B_K21Q,B_S81G,B_L82C,C_N2L,C_Y23H,C_S42Y,C_G45I,C_S70D,C_S75N,C_G78M","1N8O:A, B, C, E:E_M80L:PMID=8143850",-3.1950004577636726
"1n8o_B_K21R,B_S81E,B_L82N,C_A1S,C_N2T,C_T26D,C_S70D,C_T71L,C_P77S_E_A, B, C",-15.611161231994629,-12.200621032714844,"B_K21R,B_S81E,B_L82N,C_A1S,C_N2T,C_T26D,C_S70D,C_T71L,C_P77S","1N8O:A, B, C, E:E_M80L:PMID=8143850",-3.410540199279785
"1n8o_B_K21S,B_G23I,B_H42K,B_N80D,B_L82Q,B_W126E,C_A1S,C_N2V,C_K22L,C_T26D,C_C43W,C_S75T,C_G78C_E_A, B, C",-15.611161231994629,-13.225444221496582,"B_K21S,B_G23I,B_H42K,B_N80D,B_L82Q,B_W126E,C_A1S,C_N2V,C_K22L,C_T26D,C_C43W,C_S75T,C_G78C","1N8O:A, B, C, E:E_M80L:PMID=8143850",-2.3857170104980465
"1n8o_B_Q19C,B_K21N,B_H25K,B_S81I,B_T83L,C_A1K,C_N2K,C_K21G,C_K22G,C_Y23W,C_T26N,C_C43A,C_G48M,C_I64V,C_S69A,C_C72M_E_A, B, C",-15.611161231994629,-12.846306228637696,"B_Q19C,B_K21N,B_H25K,B_S81I,B_T83L,C_A1K,C_N2K,C_K21G,C_K22G,C_Y23W,C_T26N,C_C43A,C_G48M,C_I64V,C_S69A,C_C72M","1N8O:A, B, C, E:E_M80L:PMID=8143850",-2.7648550033569332
"1n8o_B_Q19P,B_K21N,B_S81A,B_L82N,C_A1E,C_N2W,C_K22T,C_G25W,C_T26D,C_M44R,C_V65S,C_S70N,C_T71S_E_A, B, C",-15.611161231994629,-11.431956481933593,"B_Q19P,B_K21N,B_S81A,B_L82N,C_A1E,C_N2W,C_K22T,C_G25W,C_T26D,C_M44R,C_V65S,C_S70N,C_T71S","1N8O:A, B, C, E:E_M80L:PMID=8143850",-4.179204750061036
"1xd3_A_E9V,A_N11D,A_V33L,A_S42A,A_F55Y,A_S91E,A_E153M,A_Q155P,A_A158P,A_K164E,A_V165I,A_D166Q,A_F169W,A_K210E,A_F211L,A_M212I,A_D215M,A_E218Y,A_R220N,A_N222T_B_A",-8.595683097839355,-7.663217830657959,"A_E9V,A_N11D,A_V33L,A_S42A,A_F55Y,A_S91E,A_E153M,A_Q155P,A_A158P,A_K164E,A_V165I,A_D166Q,A_F169W,A_K210E,A_F211L,A_M212I,A_D215M,A_E218Y,A_R220N,A_N222T","1XD3:A, B:B_K6R:PMID=10518943",-0.9324652671813967
"1xd3_A_L6Y,A_A10M,A_N11D,A_V31M,A_D32F,A_Y34D,A_S42A,A_M43R,A_L52P,A_F55L,A_S91A,A_S150A,A_E153Q,A_E157Q,A_A158P,A_K164R,A_V165Q,A_F169N,A_C208A,A_K210E,A_F211H,A_D215N,A_E218K,A_R220H_B_A",-8.595683097839355,-8.032668781280517,"A_L6Y,A_A10M,A_N11D,A_V31M,A_D32F,A_Y34D,A_S42A,A_M43R,A_L52P,A_F55L,A_S91A,A_S150A,A_E153Q,A_E157Q,A_A158P,A_K164R,A_V165Q,A_F169N,A_C208A,A_K210E,A_F211H,A_D215N,A_E218K,A_R220H","1XD3:A, B:B_K6R:PMID=10518943",-0.5630143165588386
"1xd3_A_L6Y,A_L8N,A_A10M,A_N11D,A_V31C,A_D32E,A_V33C,A_Y34E,A_S42D,A_M43R,A_L54S,A_S91C,A_N92Q,A_S150Y,A_E153M,A_E157G,A_A158G,A_K164E,A_D166N,A_L167Q,A_H168L,A_F169V,A_K210D,A_F211W,A_D215N,A_E218Y,A_L219I,A_R220Y_B_A",-8.595683097839355,-7.744522953033448,"A_L6Y,A_L8N,A_A10M,A_N11D,A_V31C,A_D32E,A_V33C,A_Y34E,A_S42D,A_M43R,A_L54S,A_S91C,A_N92Q,A_S150Y,A_E153M,A_E157G,A_A158G,A_K164E,A_D166N,A_L167Q,A_H168L,A_F169V,A_K210D,A_F211W,A_D215N,A_E218Y,A_L219I,A_R220Y","1XD3:A, B:B_K6R:PMID=10518943",-0.8511601448059078
"1xd3_A_L6Y,A_Y34G,A_E39A,A_S42A,A_M43Q,A_P56G,A_S91D,A_S150M,A_E153S,A_E157C,A_A158L,A_K164V,A_V165N,A_D166N,A_L167R,A_F169Y,A_V207A,A_F211H,A_M212I,A_D215Q,A_R220Y_B_A",-8.595683097839355,-8.239949798583984,"A_L6Y,A_Y34G,A_E39A,A_S42A,A_M43Q,A_P56G,A_S91D,A_S150M,A_E153S,A_E157C,A_A158L,A_K164V,A_V165N,A_D166N,A_L167R,A_F169Y,A_V207A,A_F211H,A_M212I,A_D215Q,A_R220Y","1XD3:A, B:B_K6R:PMID=10518943",-0.35573329925537145
"1xd3_A_P7L,A_A10S,A_D32Y,A_S42A,A_M43Q,A_L53N,A_F55L,A_S91Y,A_A93S,A_S150D,A_E153Q,A_Q155A,A_A158S,A_K164E,A_D166T,A_F169Y,A_C208V,A_K210F,A_F211H,A_D215L,A_L219I,A_R220L_B_A",-8.595683097839355,-8.314040851593017,"A_P7L,A_A10S,A_D32Y,A_S42A,A_M43Q,A_L53N,A_F55L,A_S91Y,A_A93S,A_S150D,A_E153Q,A_Q155A,A_A158S,A_K164E,A_D166T,A_F169Y,A_C208V,A_K210F,A_F211H,A_D215L,A_L219I,A_R220L","1XD3:A, B:B_K6R:PMID=10518943",-0.2816422462463386
"1xd3_A_P7Q,A_L8M,A_N11Y,A_D32H,A_Y34E,A_M36D,A_E39A,A_S42D,A_M43S,A_L53H,A_L54C,A_F55Y,A_S91D,A_A93S,A_E153L,A_Q155S,A_T156M,A_E157T,A_A158P,A_K164D,A_V165N,A_D166S,A_H168Q,A_F169V,A_C208I,A_F211H,A_D215M,A_E218S,A_L219I,A_R220Q,A_N222T_B_A",-8.595683097839355,-7.772219848632813,"A_P7Q,A_L8M,A_N11Y,A_D32H,A_Y34E,A_M36D,A_E39A,A_S42D,A_M43S,A_L53H,A_L54C,A_F55Y,A_S91D,A_A93S,A_E153L,A_Q155S,A_T156M,A_E157T,A_A158P,A_K164D,A_V165N,A_D166S,A_H168Q,A_F169V,A_C208I,A_F211H,A_D215M,A_E218S,A_L219I,A_R220Q,A_N222T","1XD3:A, B:B_K6R:PMID=10518943",-0.8234632492065428
"1xd3_A_W5M,A_D32Q,A_E39L,A_F55T,A_P56R,A_S91E,A_A93Y,A_S150M,A_E153L,A_Q155S,A_E157A,A_K164Q,A_D166N,A_K210S,A_D215Q,A_L219I,A_R220Y_B_A",-8.595683097839355,-8.353976821899414,"A_W5M,A_D32Q,A_E39L,A_F55T,A_P56R,A_S91E,A_A93Y,A_S150M,A_E153L,A_Q155S,A_E157A,A_K164Q,A_D166N,A_K210S,A_D215Q,A_L219I,A_R220Y","1XD3:A, B:B_K6R:PMID=10518943",-0.24170627593994176
"1xd3_A_Y34W,A_S42A,A_L52E,A_F55Y,A_A93S,A_E153M,A_E157Q,A_V165S,A_D166G,A_C208V,A_F211H,A_D215L,A_R220C,A_N222T_B_A",-8.595683097839355,-7.539594650268555,"A_Y34W,A_S42A,A_L52E,A_F55Y,A_A93S,A_E153M,A_E157Q,A_V165S,A_D166G,A_C208V,A_F211H,A_D215L,A_R220C,A_N222T","1XD3:A, B:B_K6R:PMID=10518943",-1.0560884475708008
"1xgr_A_N32T,A_S92G_C_A, B",-11.293992042541504,-8.805775165557861,"A_N32T,A_S92G","1XGR:A, B, C:B_I33F:PMID=15698573",-2.4882168769836426
"1xgr_A_N33E,B_S56G_C_A, B",-11.293992042541504,-8.298083019256591,"A_N33E,B_S56G","1XGR:A, B, C:B_I33F:PMID=15698573",-2.995909023284913
"1xgr_A_Q28S,A_N33V,A_S94H,A_W95Y,B_D27E,B_T30V,B_Y53N_C_A, B",-11.293992042541504,-9.442856979370116,"A_Q28S,A_N33V,A_S94H,A_W95Y,B_D27E,B_T30V,B_Y53N","1XGR:A, B, C:B_I33F:PMID=15698573",-1.8511350631713874
"1xgr_A_S29G,B_Y50H,B_Y53H,B_S54T,B_G55S_C_A, B",-11.293992042541504,-8.379344081878662,"A_S29G,B_Y50H,B_Y53H,B_S54T,B_G55S","1XGR:A, B, C:B_I33F:PMID=15698573",-2.914647960662842
"1xgr_A_Y51Q,B_D27G,B_D32E,B_S52M,B_Y53F,B_S97R_C_A, B",-11.293992042541504,-9.146131134033203,"A_Y51Q,B_D27G,B_D32E,B_S52M,B_Y53F,B_S97R","1XGR:A, B, C:B_I33F:PMID=15698573",-2.147860908508301
"1xgr_B_D27S,B_Y53H_C_A, B",-11.293992042541504,-9.58686122894287,"B_D27S,B_Y53H","1XGR:A, B, C:B_I33F:PMID=15698573",-1.7071308135986332
"1xgr_B_I51L,B_S52V_C_A, B",-11.293992042541504,-9.556198692321777,"B_I51L,B_S52V","1XGR:A, B, C:B_I33F:PMID=15698573",-1.737793350219727
"1xgr_B_S56Q,B_T57I,B_S97R_C_A, B",-11.293992042541504,-9.908450317382812,"B_S56Q,B_T57I,B_S97R","1XGR:A, B, C:B_I33F:PMID=15698573",-1.3855417251586921
"2jel_H_F29P_P_H, L",-10.262494087219238,-10.866866111755371,H_F29P,"2JEL:H, L, P:P_Q4K:PMID=1711212",0.6043720245361328
"2jel_H_T30Q,H_S52G,H_T53N,H_Q103I,L_V30T_P_H, L",-10.262494087219238,-10.204864311218262,"H_T30Q,H_S52G,H_T53N,H_Q103I,L_V30T","2JEL:H, L, P:P_Q4K:PMID=1711212",-0.05762977600097585
"2jel_H_T30Y,H_T58Q_P_H, L",-10.262494087219238,-11.06641960144043,"H_T30Y,H_T58Q","2JEL:H, L, P:P_Q4K:PMID=1711212",0.8039255142211914
"2jel_H_T31S,H_Y32A,L_G96T_P_H, L",-10.262494087219238,-10.401006698608398,"H_T31S,H_Y32A,L_G96T","2JEL:H, L, P:P_Q4K:PMID=1711212",0.13851261138916016
"2jel_H_Y32R,H_R98E,H_V99W,H_E102S_P_H, L",-10.262494087219238,-10.144712829589844,"H_Y32R,H_R98E,H_V99W,H_E102S","2JEL:H, L, P:P_Q4K:PMID=1711212",-0.11778125762939418
"2jel_H_Y32T,H_G49I,H_S55G,H_Y57A,H_T58P,H_M100S,L_V30I,L_T36A,L_Q95D,L_H98K_P_H, L",-10.262494087219238,-10.278886413574218,"H_Y32T,H_G49I,H_S55G,H_Y57A,H_T58P,H_M100S,L_V30I,L_T36A,L_Q95D,L_H98K","2JEL:H, L, P:P_Q4K:PMID=1711212",0.016392326354980113
"2jel_H_Y54L,H_M100N,H_E102T,L_H31L,L_N33D,L_T36V_P_H, L",-10.262494087219238,-10.251524734497071,"H_Y54L,H_M100N,H_E102T,L_H31L,L_N33D,L_T36V","2JEL:H, L, P:P_Q4K:PMID=1711212",-0.010969352722167258
"2jel_H_Y57Q_P_H, L",-10.262494087219238,-10.476632881164551,H_Y57Q,"2JEL:H, L, P:P_Q4K:PMID=1711212",0.2141387939453132
"2oob_A_N3D,A_V4F,A_S6K,A_E7K,A_A9P,A_K10Q,A_G13R,A_A17S,A_F18Y_B_A",-5.670541763305664,-4.640322256088257,"A_N3D,A_V4F,A_S6K,A_E7K,A_A9P,A_K10Q,A_G13R,A_A17S,A_F18Y","2OOB:A, B:A_A6S, A_K7E:PMID=18596201",-1.0302195072174074
"2oob_A_N3D,A_V4Y,A_S6G,A_E7K,A_K10F,A_Y16A,A_A17G_B_A",-5.670541763305664,-5.3585975646972654,"A_N3D,A_V4Y,A_S6G,A_E7K,A_K10F,A_Y16A,A_A17G","2OOB:A, B:A_A6S, A_K7E:PMID=18596201",-0.3119441986083986
"2oob_A_N3E,A_V4L,A_S6A,A_E7K,A_K10Y,A_M12R,A_A17E_B_A",-5.670541763305664,-5.3987634658813475,"A_N3E,A_V4L,A_S6A,A_E7K,A_K10Y,A_M12R,A_A17E","2OOB:A, B:A_A6S, A_K7E:PMID=18596201",-0.2717782974243166
"2oob_A_N3K,A_S6A,A_E7K,A_K10F,A_L11I,A_G13A,A_A17G_B_A",-5.670541763305664,-5.534948062896729,"A_N3K,A_S6A,A_E7K,A_K10F,A_L11I,A_G13A,A_A17G","2OOB:A, B:A_A6S, A_K7E:PMID=18596201",-0.13559370040893537
"2oob_A_N3K,A_S6E,A_E7K,A_M12V,A_A17T_B_A",-5.670541763305664,-5.418119049072265,"A_N3K,A_S6E,A_E7K,A_M12V,A_A17T","2OOB:A, B:A_A6S, A_K7E:PMID=18596201",-0.2524227142333988
"2oob_A_N3K,A_V4I,A_S6E,A_E7K,A_K10H,A_A17D,A_V21Q_B_A",-5.670541763305664,-5.274670505523682,"A_N3K,A_V4I,A_S6E,A_E7K,A_K10H,A_A17D,A_V21Q","2OOB:A, B:A_A6S, A_K7E:PMID=18596201",-0.39587125778198207
"2oob_A_N3M,A_V4Y,A_D5A,A_E7H,A_K10H,A_G13S,A_E14C,A_A17E_B_A",-5.670541763305664,-4.968143653869629,"A_N3M,A_V4Y,A_D5A,A_E7H,A_K10H,A_G13S,A_E14C,A_A17E","2OOB:A, B:A_A6S, A_K7E:PMID=18596201",-0.702398109436035
"2oob_A_N3R,A_V4L,A_S6E,A_E7K,A_K10E,A_Y16F_B_A",-5.670541763305664,-5.539959049224853,"A_N3R,A_V4L,A_S6E,A_E7K,A_K10E,A_Y16F","2OOB:A, B:A_A6S, A_K7E:PMID=18596201",-0.1305827140808109
"2y5b_F_K6E,F_L8Q,F_T9F,F_D32Q,F_K82W,F_T83S,F_L84N,F_T85G,F_K87M,F_I89A,F_T90S,F_D108V,F_K109V,F_I120Y,F_K124T,F_Q138K,F_K139E,F_S141A,F_H144F,F_V146S,F_L147G,F_R150N_E_F",-7.334807872772217,-8.091320991516113,"F_K6E,F_L8Q,F_T9F,F_D32Q,F_K82W,F_T83S,F_L84N,F_T85G,F_K87M,F_I89A,F_T90S,F_D108V,F_K109V,F_I120Y,F_K124T,F_Q138K,F_K139E,F_S141A,F_H144F,F_V146S,F_L147G,F_R150N","2Y5B:E, F::PMID=21399617",0.7565131187438965
"2y5b_F_K6V,F_L8Q,F_T9C,F_D32K,F_K33L,F_G35R,F_K82R,F_T83S,F_T85G,F_K87T,F_I89Y,F_K109V,F_G111H,F_I120E,F_K124V,F_H144R,F_V146T,F_L149I_E_F",-7.334807872772217,-8.574795722961426,"F_K6V,F_L8Q,F_T9C,F_D32K,F_K33L,F_G35R,F_K82R,F_T83S,F_T85G,F_K87T,F_I89Y,F_K109V,F_G111H,F_I120E,F_K124V,F_H144R,F_V146T,F_L149I","2Y5B:E, F::PMID=21399617",1.239987850189209
"2y5b_F_L8S,F_T9C,F_D32E,F_K82R,F_T83S,F_L84F,F_T85S,F_K87E,F_I89F,F_T90S,F_D108N,F_K109V,F_I112M,F_I120D,F_F121Y,F_K124V,F_Q138R,F_K139Q,F_H144F,F_V146T,F_L147A,F_L149Q,F_R150A_E_F",-7.334807872772217,-8.640518379211425,"F_L8S,F_T9C,F_D32E,F_K82R,F_T83S,F_L84F,F_T85S,F_K87E,F_I89F,F_T90S,F_D108N,F_K109V,F_I112M,F_I120D,F_F121Y,F_K124V,F_Q138R,F_K139Q,F_H144F,F_V146T,F_L147A,F_L149Q,F_R150A","2Y5B:E, F::PMID=21399617",1.3057105064392083
"2y5b_F_T7E,F_T9S,F_D32K,F_K33M,F_K82R,F_T83S,F_T85L,F_K87T,F_I89Y,F_T90C,F_D108Q,F_K109H,F_I112G,F_I120D,F_F121W,F_Q138A,F_H144F,F_V146T,F_R150G_E_F",-7.334807872772217,-8.678336334228515,"F_T7E,F_T9S,F_D32K,F_K33M,F_K82R,F_T83S,F_T85L,F_K87T,F_I89Y,F_T90C,F_D108Q,F_K109H,F_I112G,F_I120D,F_F121W,F_Q138A,F_H144F,F_V146T,F_R150G","2Y5B:E, F::PMID=21399617",1.3435284614562981
"2y5b_F_T7G,F_L8N,F_T9C,F_D32E,F_K33M,F_K82R,F_T83R,F_T85A,F_K87D,F_T88S,F_I89A,F_T90C,F_D108F,F_K109R,F_D115Q,F_I120Y,F_F121Y,F_K124Q,F_Q138C,F_K139R,F_H144F,F_V146T,F_L149M_E_F",-7.334807872772217,-8.229326248168945,"F_T7G,F_L8N,F_T9C,F_D32E,F_K33M,F_K82R,F_T83R,F_T85A,F_K87D,F_T88S,F_I89A,F_T90C,F_D108F,F_K109R,F_D115Q,F_I120Y,F_F121Y,F_K124Q,F_Q138C,F_K139R,F_H144F,F_V146T,F_L149M","2Y5B:E, F::PMID=21399617",0.8945183753967285
"2y5b_F_T7V,F_L8E,F_T9S,F_D32E,F_K82R,F_T85G,F_K87N,F_I89R,F_T90S,F_D108E,F_K109L,F_I112V,F_I120D,F_K124T,F_Q138E,F_K139R,F_H144F,F_V146F_E_F",-7.334807872772217,-8.721204566955567,"F_T7V,F_L8E,F_T9S,F_D32E,F_K82R,F_T85G,F_K87N,F_I89R,F_T90S,F_D108E,F_K109L,F_I112V,F_I120D,F_K124T,F_Q138E,F_K139R,F_H144F,F_V146F","2Y5B:E, F::PMID=21399617",1.3863966941833503
"2y5b_F_V5A,F_K6Q,F_T7S,F_L8S,F_T9F,F_D32E,F_K33R,F_K82R,F_T83S,F_I89Y,F_T90V,F_D108E,F_G111L,F_I112V,F_I120W,F_F121Y,F_K124T,F_Q138K,F_K139Q,F_H144N,F_V146T,F_R150N_E_F",-7.334807872772217,-8.380201148986817,"F_V5A,F_K6Q,F_T7S,F_L8S,F_T9F,F_D32E,F_K33R,F_K82R,F_T83S,F_I89Y,F_T90V,F_D108E,F_G111L,F_I112V,F_I120W,F_F121Y,F_K124T,F_Q138K,F_K139Q,F_H144N,F_V146T,F_R150N","2Y5B:E, F::PMID=21399617",1.0453932762146003
"2y5b_F_V5I,F_K6R,F_T7A,F_L8R,F_T9S,F_D32A,F_K33M,F_G35N,F_K82R,F_T83S,F_K87H,F_I89Y,F_T90W,F_L91F,F_D108E,F_I120D,F_F121Y,F_K124V,F_Q138L,F_K139I,F_H144F,F_V146T,F_L147Q,F_L149I,F_R150N_E_F",-7.334807872772217,-8.685422801971436,"F_V5I,F_K6R,F_T7A,F_L8R,F_T9S,F_D32A,F_K33M,F_G35N,F_K82R,F_T83S,F_K87H,F_I89Y,F_T90W,F_L91F,F_D108E,F_I120D,F_F121Y,F_K124V,F_Q138L,F_K139I,F_H144F,F_V146T,F_L147Q,F_L149I,F_R150N","2Y5B:E, F::PMID=21399617",1.350614929199219
"3eo1_D_A93S,D_D94S,D_S95L,E_Y27F,E_N32M,E_I52V,E_I54F,E_D56G,E_S98A,E_L100V,E_L102A,E_V103M,E_L104T_F_D, E",-13.09885311126709,-9.466734886169434,"D_A93S,D_D94S,D_S95L,E_Y27F,E_N32M,E_I52V,E_I54F,E_D56G,E_S98A,E_L100V,E_L102A,E_V103M,E_L104T","3EO1:D, E, F::PMID=19073914",-3.6321182250976562
"3eo1_D_A93S,D_D94S,D_S95P,E_Y27S,E_T28Q,E_N32R,E_I52P,E_I54V,E_V55I,E_D56N,E_T99S,E_L100R,E_L102S,E_V103P,E_K220D_F_D, E",-13.09885311126709,-9.847988319396972,"D_A93S,D_D94S,D_S95P,E_Y27S,E_T28Q,E_N32R,E_I52P,E_I54V,E_V55I,E_D56N,E_T99S,E_L100R,E_L102S,E_V103P,E_K220D","3EO1:D, E, F::PMID=19073914",-3.250864791870118
"3eo1_D_D94N,D_S95P,E_Y27G,E_T28Q,E_S30D,E_N32R,E_I52S,E_I54V,E_A58T,E_L100R,E_L102P,E_V103M_F_D, E",-13.09885311126709,-9.52250690460205,"D_D94N,D_S95P,E_Y27G,E_T28Q,E_S30D,E_N32R,E_I52S,E_I54V,E_A58T,E_L100R,E_L102P,E_V103M","3EO1:D, E, F::PMID=19073914",-3.5763462066650398
"3eo1_D_D94S,D_S95A,E_Y27T,E_T28W,E_N32Y,E_I52V,E_I54V,E_D56N,E_A58S,E_S98A,E_L100R,E_L102S,E_V103L_F_D, E",-13.09885311126709,-10.220612525939941,"D_D94S,D_S95A,E_Y27T,E_T28W,E_N32Y,E_I52V,E_I54V,E_D56N,E_A58S,E_S98A,E_L100R,E_L102S,E_V103L","3EO1:D, E, F::PMID=19073914",-2.8782405853271484
"3eo1_D_D94S,D_S95E,E_Y27T,E_T28S,E_S30L,E_N32R,E_V51I,E_I54F,E_D56M,E_A58I,E_S98A,E_T99R,E_L100R,E_L102A,E_V103Y,E_L104R_F_D, E",-13.09885311126709,-9.652857398986816,"D_D94S,D_S95E,E_Y27T,E_T28S,E_S30L,E_N32R,E_V51I,E_I54F,E_D56M,E_A58I,E_S98A,E_T99R,E_L100R,E_L102A,E_V103Y,E_L104R","3EO1:D, E, F::PMID=19073914",-3.445995712280274
"3eo1_D_Q90G,D_A93G,D_D94S,D_S95A,E_Y27S,E_T28N,E_N32P,E_I52M,E_I54Y,E_D56N,E_S98T,E_L100R,E_L102G,E_V103W,E_L104I_F_D, E",-13.09885311126709,-9.536621856689454,"D_Q90G,D_A93G,D_D94S,D_S95A,E_Y27S,E_T28N,E_N32P,E_I52M,E_I54Y,E_D56N,E_S98T,E_L100R,E_L102G,E_V103W,E_L104I","3EO1:D, E, F::PMID=19073914",-3.562231254577636
"3eo1_D_Q90M,D_A93G,D_D94N,E_Y27T,E_S30N,E_N32R,E_V51I,E_I52V,E_I54F,E_D56G,E_A58S,E_L102S,E_V103M_F_D, E",-13.09885311126709,-10.606045722961426,"D_Q90M,D_A93G,D_D94N,E_Y27T,E_S30N,E_N32R,E_V51I,E_I52V,E_I54F,E_D56G,E_A58S,E_L102S,E_V103M","3EO1:D, E, F::PMID=19073914",-2.492807388305664
"3eo1_D_S32G,D_A93G,D_D94Q,E_Y27H,E_T28S,E_N32R,E_I54H,E_D56G,E_L100K,E_L102E_F_D, E",-13.09885311126709,-9.839841270446778,"D_S32G,D_A93G,D_D94Q,E_Y27H,E_T28S,E_N32R,E_I54H,E_D56G,E_L100K,E_L102E","3EO1:D, E, F::PMID=19073914",-3.259011840820312
"3p8m_C_S131K,C_V132I,C_E139A,C_G140I,C_G143R,C_V172T,D_S133A,D_R134C,D_E139T,D_G140N,D_V172T_A, B_C, D",-11.12468147277832,-9.537939262390136,"C_S131K,C_V132I,C_E139A,C_G140I,C_G143R,C_V172T,D_S133A,D_R134C,D_E139T,D_G140N,D_V172T","3P8M:A, B, C, D::PMID=21533121",-1.5867422103881843
"3p8m_C_S131L,C_V132I,C_S133A,C_R134T,C_G135C,C_T136I,C_T138S,C_E139A,C_G140T,C_G141S,C_G143E,C_M144L,C_V172M,D_S131N,D_V132D,D_S133A,D_R134Q,D_E139S,D_G140T,D_V172M_A, B_C, D",-11.12468147277832,-9.43614912033081,"C_S131L,C_V132I,C_S133A,C_R134T,C_G135C,C_T136I,C_T138S,C_E139A,C_G140T,C_G141S,C_G143E,C_M144L,C_V172M,D_S131N,D_V132D,D_S133A,D_R134Q,D_E139S,D_G140T,D_V172M","3P8M:A, B, C, D::PMID=21533121",-1.6885323524475098
"3p8m_C_S131L,C_V132I,C_S133A,C_R134W,C_E139R,C_G140D,C_S142R,C_G143K,C_V172I,D_V132I,D_R134L,D_E139V,D_G140S,D_V172I_A, B_C, D",-11.12468147277832,-9.412786865234375,"C_S131L,C_V132I,C_S133A,C_R134W,C_E139R,C_G140D,C_S142R,C_G143K,C_V172I,D_V132I,D_R134L,D_E139V,D_G140S,D_V172I","3P8M:A, B, C, D::PMID=21533121",-1.711894607543945
"3p8m_C_S131M,C_V132I,C_R134L,C_E139S,C_G140S,C_G143V,C_M144D,D_V132I,D_G140M_A, B_C, D",-11.12468147277832,-9.558362007141113,"C_S131M,C_V132I,C_R134L,C_E139S,C_G140S,C_G143V,C_M144D,D_V132I,D_G140M","3P8M:A, B, C, D::PMID=21533121",-1.566319465637207
"3p8m_C_S131M,C_V132I,C_R134Q,C_Q137T,C_E139Q,C_G140K,C_S142D,C_G143R,C_M144H,D_V132I,D_S133V,D_E139S,D_G140N,D_V172P_A, B_C, D",-11.12468147277832,-9.725963401794434,"C_S131M,C_V132I,C_R134Q,C_Q137T,C_E139Q,C_G140K,C_S142D,C_G143R,C_M144H,D_V132I,D_S133V,D_E139S,D_G140N,D_V172P","3P8M:A, B, C, D::PMID=21533121",-1.398718070983886
"3p8m_C_S131P,C_V132I,C_R134L,C_E139K,C_G140R,C_G143K,C_M144Q,D_S131G,D_V132I,D_S133D,D_R134M,D_E139D_A, B_C, D",-11.12468147277832,-9.516237831115722,"C_S131P,C_V132I,C_R134L,C_E139K,C_G140R,C_G143K,C_M144Q,D_S131G,D_V132I,D_S133D,D_R134M,D_E139D","3P8M:A, B, C, D::PMID=21533121",-1.608443641662598
"3p8m_C_S131V,C_V132I,C_S133A,C_R134M,C_E139P,C_G140E,C_G141A,C_G143E,C_M144Y,C_V172L,D_S131M,D_V132K,D_S133A,D_R134P,D_Q137F,D_E139G,D_G140N,D_V172L_A, B_C, D",-11.12468147277832,-9.474652862548828,"C_S131V,C_V132I,C_S133A,C_R134M,C_E139P,C_G140E,C_G141A,C_G143E,C_M144Y,C_V172L,D_S131M,D_V132K,D_S133A,D_R134P,D_Q137F,D_E139G,D_G140N,D_V172L","3P8M:A, B, C, D::PMID=21533121",-1.6500286102294925
"3p8m_C_V132I,C_R134L,C_T138Q,C_E139P,C_G140D,C_G143W,C_M144F,D_S131R,D_R134M,D_E139P,D_G140N_A, B_C, D",-11.12468147277832,-9.533483505249023,"C_V132I,C_R134L,C_T138Q,C_E139P,C_G140D,C_G143W,C_M144F,D_S131R,D_R134M,D_E139P,D_G140N","3P8M:A, B, C, D::PMID=21533121",-1.5911979675292969
"3sgb_E_G101I,E_G157D_I_E",-11.7046480178833,-12.89902572631836,"E_G101I,E_G157D","3SGB:E, I:I_G26Q:PMID=11171964",1.1943777084350593
"3sgb_E_G12V,E_T30C_I_E",-11.7046480178833,-13.286351013183594,"E_G12V,E_T30C","3SGB:E, I:I_G26Q:PMID=11171964",1.5817029953002937
"3sgb_E_I7K,E_S159T_I_E",-11.7046480178833,-13.817562103271484,"E_I7K,E_S159T","3SGB:E, I:I_G26Q:PMID=11171964",2.1129140853881836
"3sgb_E_I7S,E_G123Y,E_L154Y_I_E",-11.7046480178833,-13.535250663757324,"E_I7S,E_G123Y,E_L154Y","3SGB:E, I:I_G26Q:PMID=11171964",1.8306026458740234
"3sgb_E_N62H,E_V118R_I_E",-11.7046480178833,-12.198693466186523,"E_N62H,E_V118R","3SGB:E, I:I_G26Q:PMID=11171964",0.49404544830322195
"3sgb_E_S10I,E_C14H,E_V118P,E_G142D,E_L154S,E_G166P_I_E",-11.7046480178833,-12.36281223297119,"E_S10I,E_C14H,E_V118P,E_G142D,E_L154S,E_G166P","3SGB:E, I:I_G26Q:PMID=11171964",0.6581642150878899
"3sgb_E_T11W,E_N62I,E_G101H,E_G157F_I_E",-11.7046480178833,-13.820953941345214,"E_T11W,E_N62I,E_G101H,E_G157F","3SGB:E, I:I_G26Q:PMID=11171964",2.1163059234619137
"3sgb_E_Y120K,E_G123V,E_E137I,E_P138I_I_E",-11.7046480178833,-12.563583374023438,"E_Y120K,E_G123V,E_E137I,E_P138I","3SGB:E, I:I_G26Q:PMID=11171964",0.8589353561401367
"4dgi_H_D31E,H_S50A,H_P53V,H_S54K,H_Y103V,L_N28R,L_G30S,L_T31S,L_N92W_A_H, L",-8.658103942871094,-9.788803672790527,"H_D31E,H_S50A,H_P53V,H_S54K,H_Y103V,L_N28R,L_G30S,L_T31S,L_N92W","4DGI:A, H, L::PMID=TBD",1.1306997299194332
"4dgi_H_D31H,H_S50M,H_S54F,H_Y101K,L_G30Y,L_Q89K,L_N92Y,L_W94Y_A_H, L",-8.658103942871094,-10.008926010131836,"H_D31H,H_S50M,H_S54F,H_Y101K,L_G30Y,L_Q89K,L_N92Y,L_W94Y","4DGI:A, H, L::PMID=TBD",1.3508220672607418
"4dgi_H_D31S,H_S50M,H_S54F,H_Y101L,H_Y103N,L_N28D,L_N92H,L_T93K,L_W94Y_A_H, L",-8.658103942871094,-9.739784622192383,"H_D31S,H_S50M,H_S54F,H_Y101L,H_Y103N,L_N28D,L_N92H,L_T93K,L_W94Y","4DGI:A, H, L::PMID=TBD",1.0816806793212894
"4dgi_H_D31S,H_S50Q,H_S54R,H_G100S,H_Y101F,H_Y103Q,L_G30D,L_N92W,L_W94Y_A_H, L",-8.658103942871094,-9.599054145812989,"H_D31S,H_S50Q,H_S54R,H_G100S,H_Y101F,H_Y103Q,L_G30D,L_N92W,L_W94Y","4DGI:A, H, L::PMID=TBD",0.9409502029418952
"4dgi_H_D31Y,H_S54W,H_Y101W,H_Y103T,L_G30D,L_T31N,L_N92W,L_W94Y_A_H, L",-8.658103942871094,-10.416968154907227,"H_D31Y,H_S54W,H_Y101W,H_Y103T,L_G30D,L_T31N,L_N92W,L_W94Y","4DGI:A, H, L::PMID=TBD",1.7588642120361335
"4dgi_H_S50T,H_T58W,H_Y103T,L_G30S,L_Q90Y,L_N92Y,L_W94Y_A_H, L",-8.658103942871094,-9.983911895751953,"H_S50T,H_T58W,H_Y103T,L_G30S,L_Q90Y,L_N92Y,L_W94Y","4DGI:A, H, L::PMID=TBD",1.3258079528808597
"4dgi_H_T30A,H_D31S,H_S50G,H_S54R,H_Y103E,L_N28D,L_G30S,L_T31D,L_N92Y,L_W94Y_A_H, L",-8.658103942871094,-9.704564094543457,"H_T30A,H_D31S,H_S50G,H_S54R,H_Y103E,L_N28D,L_G30S,L_T31D,L_N92Y,L_W94Y","4DGI:A, H, L::PMID=TBD",1.0464601516723633
"4dgi_H_Y32N,H_W33M,H_S50M,H_I51F,H_P53D,H_S54R,H_G100D,H_Y103G,L_N28D,L_G30D,L_T31N,L_N92W,L_W94Y_A_H, L",-8.658103942871094,-9.491642189025878,"H_Y32N,H_W33M,H_S50M,H_I51F,H_P53D,H_S54R,H_G100D,H_Y103G,L_N28D,L_G30D,L_T31N,L_N92W,L_W94Y","4DGI:A, H, L::PMID=TBD",0.8335382461547844
"4fqi_H_A72K,H_I74V,H_G100M,H_N101D,H_Y103N_A, B_H, L",-12.339961051940918,-10.688137626647949,"H_A72K,H_I74V,H_G100M,H_N101D,H_Y103N","4FQI:A, B, H, L::PMID=22878502",-1.651823425292969
"4fqi_H_G100L,H_Y102L,H_Y103D,H_Y104H_A, B_H, L",-12.339961051940918,-11.640612030029297,"H_G100L,H_Y102L,H_Y103D,H_Y104H","4FQI:A, B, H, L::PMID=22878502",-0.6993490219116207
"4fqi_H_S29A,H_D73E,H_G100L,H_N101D_A, B_H, L",-12.339961051940918,-10.504022789001464,"H_S29A,H_D73E,H_G100L,H_N101D","4FQI:A, B, H, L::PMID=22878502",-1.8359382629394538
"4fqi_H_S29A,H_N31S,H_S76D,H_G100A,H_N101I,H_Y103W_A, B_H, L",-12.339961051940918,-10.998410987854005,"H_S29A,H_N31S,H_S76D,H_G100A,H_N101I,H_Y103W","4FQI:A, B, H, L::PMID=22878502",-1.3415500640869134
"4fqi_H_S29V,H_I51F,H_G100K,H_N101S,H_Y103W,H_Y104W,H_S106D_A, B_H, L",-12.339961051940918,-11.270615577697754,"H_S29V,H_I51F,H_G100K,H_N101S,H_Y103W,H_Y104W,H_S106D","4FQI:A, B, H, L::PMID=22878502",-1.069345474243164
"4fqi_H_S29V,H_N30S,H_S52A,H_G100S,H_N101W,H_Y103S,H_Y105L,H_S106G_A, B_H, L",-12.339961051940918,-10.23759765625,"H_S29V,H_N30S,H_S52A,H_G100S,H_N101W,H_Y103S,H_Y105L,H_S106G","4FQI:A, B, H, L::PMID=22878502",-2.1023633956909187
"4fqi_H_S52D,H_F75Y,H_G100Q,H_N101D,H_Y103N_A, B_H, L",-12.339961051940918,-10.061524391174316,"H_S52D,H_F75Y,H_G100Q,H_N101D,H_Y103N","4FQI:A, B, H, L::PMID=22878502",-2.2784366607666016
"4fqi_H_T28S,H_F75P,H_S76T,H_G100L,H_N101D,H_Y103T,H_S106V_A, B_H, L",-12.339961051940918,-11.255940818786621,"H_T28S,H_F75P,H_S76T,H_G100L,H_N101D,H_Y103T,H_S106V","4FQI:A, B, H, L::PMID=22878502",-1.0840202331542965
"4hfk_A_H32K,A_K40R,A_N61D,A_S62T,A_K63R,A_Y64F,A_A65T,A_V79E,A_G116T,A_H117S,A_G118W,A_D121Q,A_A122F,A_T123A,A_P144S,A_S148H_B, D_A",-13.025397300720215,-10.44288902282715,"A_H32K,A_K40R,A_N61D,A_S62T,A_K63R,A_Y64F,A_A65T,A_V79E,A_G116T,A_H117S,A_G118W,A_D121Q,A_A122F,A_T123A,A_P144S,A_S148H","4HFK:A, B, D:B_L50A:PMID=23288853",-2.5825082778930657
"4hfk_A_H32R,A_K40R,A_A42E,A_N61D,A_K63R,A_F77Y,A_H117S,A_L120Y,A_T123V,A_P144I,A_G145S,A_G147A_B, D_A",-13.025397300720215,-11.20934181213379,"A_H32R,A_K40R,A_A42E,A_N61D,A_K63R,A_F77Y,A_H117S,A_L120Y,A_T123V,A_P144I,A_G145S,A_G147A","4HFK:A, B, D:B_L50A:PMID=23288853",-1.816055488586425
"4hfk_A_H32R,A_S62D,A_Y64F,A_A65V,A_H117T,A_T123F,A_P144S,A_G145S_B, D_A",-13.025397300720215,-12.041228485107421,"A_H32R,A_S62D,A_Y64F,A_A65V,A_H117T,A_T123F,A_P144S,A_G145S","4HFK:A, B, D:B_L50A:PMID=23288853",-0.9841688156127937
"4hfk_A_H32V,A_A36K,A_K40Y,A_N41P,A_N61Q,A_K63S,A_Y64F,A_Y75F,A_M76I,A_F77Y,A_R78K,A_V79T,A_H117S,A_T123V,A_P144S,A_G145S_B, D_A",-13.025397300720215,-10.208693504333496,"A_H32V,A_A36K,A_K40Y,A_N41P,A_N61Q,A_K63S,A_Y64F,A_Y75F,A_M76I,A_F77Y,A_R78K,A_V79T,A_H117S,A_T123V,A_P144S,A_G145S","4HFK:A, B, D:B_L50A:PMID=23288853",-2.8167037963867188
"4hfk_A_Q31A,A_H32I,A_N61D,A_S62V,A_A65S,A_M76D,A_F77Y,A_V79I,A_H117T,A_T123V,A_P144G,A_G145S_B, D_A",-13.025397300720215,-10.928608322143555,"A_Q31A,A_H32I,A_N61D,A_S62V,A_A65S,A_M76D,A_F77Y,A_V79I,A_H117T,A_T123V,A_P144G,A_G145S","4HFK:A, B, D:B_L50A:PMID=23288853",-2.09678897857666
"4hfk_A_Q31F,A_H32R,A_D35A,A_A36E,A_A42S,A_N61F,A_S62A,A_A65R,A_F77Y,A_R78E,A_H117S,A_T123V,A_P144A,A_G145S_B, D_A",-13.025397300720215,-10.674462699890137,"A_Q31F,A_H32R,A_D35A,A_A36E,A_A42S,A_N61F,A_S62A,A_A65R,A_F77Y,A_R78E,A_H117S,A_T123V,A_P144A,A_G145S","4HFK:A, B, D:B_L50A:PMID=23288853",-2.3509346008300778
"4hfk_A_Q31K,A_H32K,A_K40R,A_N61D,A_A65S,A_F77Y,A_R78Y,A_H117T,A_T123P,A_P144S,A_G145S,A_S148T_B, D_A",-13.025397300720215,-10.539841842651366,"A_Q31K,A_H32K,A_K40R,A_N61D,A_A65S,A_F77Y,A_R78Y,A_H117T,A_T123P,A_P144S,A_G145S,A_S148T","4HFK:A, B, D:B_L50A:PMID=23288853",-2.4855554580688484
"4hfk_A_Q31R,A_H32A,A_I38R,A_K40N,A_A42S,A_N61E,A_S62K,A_K63S,A_Y64F,A_K80W,A_D121N,A_A122M,A_T123I,A_P144Q,A_G145P_B, D_A",-13.025397300720215,-10.237158393859863,"A_Q31R,A_H32A,A_I38R,A_K40N,A_A42S,A_N61E,A_S62K,A_K63S,A_Y64F,A_K80W,A_D121N,A_A122M,A_T123I,A_P144Q,A_G145P","4HFK:A, B, D:B_L50A:PMID=23288853",-2.788238906860352
"4k71_A_L78D,A_E80A,A_E84R,A_M85I,A_P108V,A_Q415E,A_M416W,A_S417Y,A_V422D,A_E463A,A_Y495H,A_K517R,A_I521K,A_G570A_B, C_A",-10.982409477233887,-9.742844390869141,"A_L78D,A_E80A,A_E84R,A_M85I,A_P108V,A_Q415E,A_M416W,A_S417Y,A_V422D,A_E463A,A_Y495H,A_K517R,A_I521K,A_G570A","4K71:A, B, C:B_H157A:PMID=24120761",-1.2395650863647454
"4k71_A_L78D,A_E80R,A_M85L,A_D106V,A_V422I,A_L461P,A_T465D,A_A502S,A_G503A,A_T506V,A_H508N,A_D510H,A_K517E,A_I521E,A_K522V,A_Q524E_B, C_A",-10.982409477233887,-9.120584487915039,"A_L78D,A_E80R,A_M85L,A_D106V,A_V422I,A_L461P,A_T465D,A_A502S,A_G503A,A_T506V,A_H508N,A_D510H,A_K517E,A_I521E,A_K522V,A_Q524E","4K71:A, B, C:B_H157A:PMID=24120761",-1.8618249893188477
"4k71_A_L78E,A_E80C,A_M85L,A_P414E,A_V422I,A_E423M,A_L461R,A_T465N,A_Y495F,A_N501D,A_A502S,A_F505H,A_T506K,A_F507I,A_H508Y,A_A509S,A_Q520N,A_E563N,A_G570T_B, C_A",-10.982409477233887,-9.124343395233154,"A_L78E,A_E80C,A_M85L,A_P414E,A_V422I,A_E423M,A_L461R,A_T465N,A_Y495F,A_N501D,A_A502S,A_F505H,A_T506K,A_F507I,A_H508Y,A_A509S,A_Q520N,A_E563N,A_G570T","4K71:A, B, C:B_H157A:PMID=24120761",-1.8580660820007324
"4k71_A_L78N,A_E80Q,A_E84K,A_M85L,A_A86S,A_D106V,A_M416F,A_V422M,A_L461S,A_K464T,A_T465F,A_T506V,A_A509H,A_D510S,A_K517E,A_I521N,A_E563S_B, C_A",-10.982409477233887,-9.494116401672363,"A_L78N,A_E80Q,A_E84K,A_M85L,A_A86S,A_D106V,A_M416F,A_V422M,A_L461S,A_K464T,A_T465F,A_T506V,A_A509H,A_D510S,A_K517E,A_I521N,A_E563S","4K71:A, B, C:B_H157A:PMID=24120761",-1.4882930755615238
"4k71_A_L78R,A_T81M,A_Y82Q,A_E84V,A_M85L,A_P108N,A_S417A,A_V422M,A_N501D,A_T506Y,A_F507K,A_K517E,A_K522N,A_T525R,A_G570S_B, C_A",-10.982409477233887,-8.928465557098388,"A_L78R,A_T81M,A_Y82Q,A_E84V,A_M85L,A_P108N,A_S417A,A_V422M,A_N501D,A_T506Y,A_F507K,A_K517E,A_K522N,A_T525R,A_G570S","4K71:A, B, C:B_H157A:PMID=24120761",-2.0539439201354988
"4k71_A_L78T,A_E80H,A_M85L,A_A86R,A_A418S,A_P419A,A_V422F,A_Y495F,A_N501D,A_H508N,A_A509N,A_D510H,A_K517Q,A_Q520F,A_I521Q,A_Q524M,A_T525I,A_K562D_B, C_A",-10.982409477233887,-9.086165046691894,"A_L78T,A_E80H,A_M85L,A_A86R,A_A418S,A_P419A,A_V422F,A_Y495F,A_N501D,A_H508N,A_A509N,A_D510H,A_K517Q,A_Q520F,A_I521Q,A_Q524M,A_T525I,A_K562D","4K71:A, B, C:B_H157A:PMID=24120761",-1.8962444305419925
"4k71_A_T77A,A_T81R,A_E84R,A_M85F,A_P108V,A_M416Y,A_A418S,A_K464R,A_N501W,A_T504D,A_H508R,A_K517E,A_Q520R,A_I521V,A_K522W,A_Q524L,A_T525Y,A_K562Q,A_E563D_B, C_A",-10.982409477233887,-9.349995613098145,"A_T77A,A_T81R,A_E84R,A_M85F,A_P108V,A_M416Y,A_A418S,A_K464R,A_N501W,A_T504D,A_H508R,A_K517E,A_Q520R,A_I521V,A_K522W,A_Q524L,A_T525Y,A_K562Q,A_E563D","4K71:A, B, C:B_H157A:PMID=24120761",-1.6324138641357422
"4k71_A_T77V,A_L78T,A_M85L,A_D106A,A_S417G,A_P419Y,A_L421K,A_L461D,A_E463D,A_H508R,A_K517E,A_I521L,A_Q524E_B, C_A",-10.982409477233887,-9.45585594177246,"A_T77V,A_L78T,A_M85L,A_D106A,A_S417G,A_P419Y,A_L421K,A_L461D,A_E463D,A_H508R,A_K517E,A_I521L,A_Q524E","4K71:A, B, C:B_H157A:PMID=24120761",-1.5265535354614261
"4kro_C_D1E,C_S26M,C_T31S,C_Q89S,C_N91D,C_N92W,C_N93S,D_W52H,D_S53D,D_N56S,D_T100S_A_C, D",-8.947722434997559,-9.762105369567871,"C_D1E,C_S26M,C_T31S,C_Q89S,C_N91D,C_N92W,C_N93S,D_W52H,D_S53D,D_N56S,D_T100S","4KRO:A, C, D::PMID=TBD",0.8143829345703129
"4kro_C_D1E,C_S28D,C_T31Y,C_N92S,C_N93A,C_W94D,D_T30S,D_S53A,D_G54M,D_N56G,D_T100E_A_C, D",-8.947722434997559,-9.270688247680663,"C_D1E,C_S28D,C_T31Y,C_N92S,C_N93A,C_W94D,D_T30S,D_S53A,D_G54M,D_N56G,D_T100E","4KRO:A, C, D::PMID=TBD",0.32296581268310476
"4kro_C_D1E,C_S28N,C_T31S,C_N91R,C_N92S,C_N93S,D_N56S,D_T57S,D_T100E,D_Y101F_A_C, D",-8.947722434997559,-9.42588939666748,"C_D1E,C_S28N,C_T31S,C_N91R,C_N92S,C_N93S,D_N56S,D_T57S,D_T100E,D_Y101F","4KRO:A, C, D::PMID=TBD",0.47816696166992223
"4kro_C_D1K,C_S28D,C_T31S,C_N92H,C_N93S,C_T96P,C_R211I,D_T100S,D_V218T_A_C, D",-8.947722434997559,-9.505830001831054,"C_D1K,C_S28D,C_T31S,C_N92H,C_N93S,C_T96P,C_R211I,D_T100S,D_V218T","4KRO:A, C, D::PMID=TBD",0.5581075668334954
"4kro_C_D1L,C_S28N,C_T31S,C_N91Q,C_N92S,C_N93A,D_N56A,D_T100N_A_C, D",-8.947722434997559,-9.955198097229005,"C_D1L,C_S28N,C_T31S,C_N91Q,C_N92S,C_N93A,D_N56A,D_T100N","4KRO:A, C, D::PMID=TBD",1.007475662231446
"4kro_C_D1N,C_Q27S,C_T31S,C_N91L,C_N92S,C_N93S,C_T96P,D_T30N,D_N56T,D_T100D,D_Y101P_A_C, D",-8.947722434997559,-9.370038032531738,"C_D1N,C_Q27S,C_T31S,C_N91L,C_N92S,C_N93S,C_T96P,D_T30N,D_N56T,D_T100D,D_Y101P","4KRO:A, C, D::PMID=TBD",0.4223155975341797
"4kro_C_S26E,C_Q27S,C_S28N,C_T31S,C_Q89H,C_N91M,C_N93S,C_T96N,D_T30N,D_N56K,D_Y59F,D_T100E,D_D103S_A_C, D",-8.947722434997559,-10.442507362365722,"C_S26E,C_Q27S,C_S28N,C_T31S,C_Q89H,C_N91M,C_N93S,C_T96N,D_T30N,D_N56K,D_Y59F,D_T100E,D_D103S","4KRO:A, C, D::PMID=TBD",1.4947849273681637
"4kro_C_S28T,C_T31N,C_Q89D,C_N91Q,C_N92A,C_N93A,D_T30S,D_N56S,D_T100E,D_Y101P,D_Y102F,D_D103G_A_C, D",-8.947722434997559,-9.250562858581542,"C_S28T,C_T31N,C_Q89D,C_N91Q,C_N92A,C_N93A,D_T30S,D_N56S,D_T100E,D_Y101P,D_Y102F,D_D103G","4KRO:A, C, D::PMID=TBD",0.30284042358398366
"5hvf_B_N32A,B_L47I,B_A50T,B_R51Q,B_V54T,B_T57Y,B_A59D,B_A96Y,B_Q99S,B_D100L,B_G101N,B_W102G,B_L103S,B_Y106F_A_B",-14.35500717163086,-10.547352600097657,"B_N32A,B_L47I,B_A50T,B_R51Q,B_V54T,B_T57Y,B_A59D,B_A96Y,B_Q99S,B_D100L,B_G101N,B_W102G,B_L103S,B_Y106F","5HVF:A, B::PMID=27279497",-3.8076545715332024
"5hvf_B_N32D,B_A33G,B_K43C,B_E44I,B_R45T,B_A49S,B_A50T,B_R51M,B_V54T,B_G55C,B_Y58H,B_Q99A,B_D100N,B_G101E,B_W102G,B_L103E,B_Q105R,B_Y106F_A_B",-14.35500717163086,-9.236662197113038,"B_N32D,B_A33G,B_K43C,B_E44I,B_R45T,B_A49S,B_A50T,B_R51M,B_V54T,B_G55C,B_Y58H,B_Q99A,B_D100N,B_G101E,B_W102G,B_L103E,B_Q105R,B_Y106F","5HVF:A, B::PMID=27279497",-5.1183449745178216
"5hvf_B_S30D,B_N32Y,B_A33D,B_A50T,B_R51L,B_N53K,B_T57L,B_A59D,B_Q99S,B_G101N,B_W102G,B_Q105I,B_Y106F_A_B",-14.35500717163086,-9.805550384521485,"B_S30D,B_N32Y,B_A33D,B_A50T,B_R51L,B_N53K,B_T57L,B_A59D,B_Q99S,B_G101N,B_W102G,B_Q105I,B_Y106F","5HVF:A, B::PMID=27279497",-4.549456787109374
"5hvf_B_S30F,B_N32M,B_A33G,B_A50V,B_R51L,B_V54T,B_A59R,B_Q99M,B_G101R,B_W102G,B_Q105L,B_Y106F_A_B",-14.35500717163086,-10.26671314239502,"B_S30F,B_N32M,B_A33G,B_A50V,B_R51L,B_V54T,B_A59R,B_Q99M,B_G101R,B_W102G,B_Q105L,B_Y106F","5HVF:A, B::PMID=27279497",-4.08829402923584
"5hvf_B_S30K,B_N32D,B_A33S,B_K43R,B_E44D,B_A50T,B_R51A,B_V54T,B_T57F,B_Y58H,B_A59F,B_Q99A,B_G101N,B_W102R,B_L103N,B_Q105R,B_Y106F_A_B",-14.35500717163086,-9.747314262390137,"B_S30K,B_N32D,B_A33S,B_K43R,B_E44D,B_A50T,B_R51A,B_V54T,B_T57F,B_Y58H,B_A59F,B_Q99A,B_G101N,B_W102R,B_L103N,B_Q105R,B_Y106F","5HVF:A, B::PMID=27279497",-4.607692909240722
"5hvf_B_S30T,B_N32L,B_A33S,B_M34L,B_L47M,B_A50V,B_R51L,B_V54T,B_T57Y,B_Y58H,B_Q99C,B_G101N,B_W102G,B_L103Q,B_Q105A,B_Y106F_A_B",-14.35500717163086,-9.734329223632812,"B_S30T,B_N32L,B_A33S,B_M34L,B_L47M,B_A50V,B_R51L,B_V54T,B_T57Y,B_Y58H,B_Q99C,B_G101N,B_W102G,B_L103Q,B_Q105A,B_Y106F","5HVF:A, B::PMID=27279497",-4.620677947998047
"5hvf_B_S30T,B_N32Y,B_A33S,B_K43S,B_A50I,B_R51A,B_S56T,B_Y58S,B_A96M,B_Q99A,B_G101D,B_L103G,B_Q105R,B_Y106F_A_B",-14.35500717163086,-9.233520317077637,"B_S30T,B_N32Y,B_A33S,B_K43S,B_A50I,B_R51A,B_S56T,B_Y58S,B_A96M,B_Q99A,B_G101D,B_L103G,B_Q105R,B_Y106F","5HVF:A, B::PMID=27279497",-5.121486854553222
"5hvf_B_S30Y,B_N32S,B_A33W,B_K43R,B_R51L,B_V54T,B_S56A,B_T57V,B_A59D,B_G98T,B_Q99M,B_G101W,B_W102G,B_Q105R,B_Y106F_A_B",-14.35500717163086,-10.041820335388184,"B_S30Y,B_N32S,B_A33W,B_K43R,B_R51L,B_V54T,B_S56A,B_T57V,B_A59D,B_G98T,B_Q99M,B_G101W,B_W102G,B_Q105R,B_Y106F","5HVF:A, B::PMID=27279497",-4.313186836242675
"5m2o_A_A34E,A_M62S,A_N64H,A_A66S,A_A71N,A_F72A,A_K73T,A_S74M,A_L75R,A_D76P,A_D77R,A_K78R,A_E80T,A_E115H,A_H117Y,A_S119V,A_N120S,A_D121R,A_S123E_B_A",-10.856902122497559,-9.730025291442871,"A_A34E,A_M62S,A_N64H,A_A66S,A_A71N,A_F72A,A_K73T,A_S74M,A_L75R,A_D76P,A_D77R,A_K78R,A_E80T,A_E115H,A_H117Y,A_S119V,A_N120S,A_D121R,A_S123E","5M2O:A, B:A_N71A:PMID=28389644",-1.1268768310546875
"5m2o_A_D36W,A_T60K,A_M62N,A_A66Q,A_A71N,A_K73V,A_D77S,A_K78S,A_E80D,A_N114E,A_E115F,A_H117Y,A_K118R,A_S119I,A_N120L_B_A",-10.856902122497559,-10.207708168029786,"A_D36W,A_T60K,A_M62N,A_A66Q,A_A71N,A_K73V,A_D77S,A_K78S,A_E80D,A_N114E,A_E115F,A_H117Y,A_K118R,A_S119I,A_N120L","5M2O:A, B:A_N71A:PMID=28389644",-0.6491939544677727
"5m2o_A_M35Q,A_T60N,A_A66S,A_I67T,A_L68I,A_G69S,A_A71N,A_K73T,A_D77S,A_K78F,A_E80N,A_E115W,A_H117Y,A_S119D,A_N120S,A_G122Y_B_A",-10.856902122497559,-10.699466896057128,"A_M35Q,A_T60N,A_A66S,A_I67T,A_L68I,A_G69S,A_A71N,A_K73T,A_D77S,A_K78F,A_E80N,A_E115W,A_H117Y,A_S119D,A_N120S,A_G122Y","5M2O:A, B:A_N71A:PMID=28389644",-0.1574352264404304
"5m2o_A_M35V,A_T60W,A_M65Q,A_A66E,A_A71N,A_F72A,A_K73V,A_S74T,A_L75A,A_D77K,A_K78N,A_E80C,A_E115N,A_H117Y_B_A",-10.856902122497559,-9.781755447387695,"A_M35V,A_T60W,A_M65Q,A_A66E,A_A71N,A_F72A,A_K73V,A_S74T,A_L75A,A_D77K,A_K78N,A_E80C,A_E115N,A_H117Y","5M2O:A, B:A_N71A:PMID=28389644",-1.0751466751098633
"5m2o_A_S33M,A_M35S,A_T60M,A_A66D,A_I67V,A_A71N,A_K73V,A_D77S,A_K78V,A_E80I,A_E115K,A_H117Y,A_S119D,A_N120C_B_A",-10.856902122497559,-10.14626522064209,"A_S33M,A_M35S,A_T60M,A_A66D,A_I67V,A_A71N,A_K73V,A_D77S,A_K78V,A_E80I,A_E115K,A_H117Y,A_S119D,A_N120C","5M2O:A, B:A_N71A:PMID=28389644",-0.7106369018554695
"5m2o_A_S33R,A_M35E,A_V37S,A_M62L,A_M65A,A_A66S,A_A71N,A_K73I,A_K78S,A_E80N,A_E115N,A_H117A,A_S119H,A_G122R_B_A",-10.856902122497559,-9.30175609588623,"A_S33R,A_M35E,A_V37S,A_M62L,A_M65A,A_A66S,A_A71N,A_K73I,A_K78S,A_E80N,A_E115N,A_H117A,A_S119H,A_G122R","5M2O:A, B:A_N71A:PMID=28389644",-1.5551460266113288
"5m2o_A_T60R,A_T63E,A_I67S,A_L68M,A_A71N,A_K73T,A_D76R,A_D77S,A_K78T,A_E115Y,A_H117Y,A_S119G,A_N120S_B_A",-10.856902122497559,-10.636372566223145,"A_T60R,A_T63E,A_I67S,A_L68M,A_A71N,A_K73T,A_D76R,A_D77S,A_K78T,A_E115Y,A_H117Y,A_S119G,A_N120S","5M2O:A, B:A_N71A:PMID=28389644",-0.22052955627441406
"5m2o_A_T63I,A_A70G,A_A71N,A_K73I,A_D77S,A_K78S,A_E115W,A_H117Y,A_K118I,A_S119R,A_N120S,A_D121G,A_S123I_B_A",-10.856902122497559,-9.96233024597168,"A_T63I,A_A70G,A_A71N,A_K73I,A_D77S,A_K78S,A_E115W,A_H117Y,A_K118I,A_S119R,A_N120S,A_D121G,A_S123I","5M2O:A, B:A_N71A:PMID=28389644",-0.8945718765258786
"5myk_A_S94A,A_Q95G,A_S96N,A_V99I,B_F29L,B_D31S,B_A49W,B_F50S,B_L54W,B_A55G,B_Y56K,B_S57Y,B_I58T,B_Y99W,B_D100W,B_Y101W,B_D102S,B_N103R,B_I104N,B_L105F,B_D106Y,B_Y107D_C_A, B",-12.283493995666504,-9.659640121459962,"A_S94A,A_Q95G,A_S96N,A_V99I,B_F29L,B_D31S,B_A49W,B_F50S,B_L54W,B_A55G,B_Y56K,B_S57Y,B_I58T,B_Y99W,B_D100W,B_Y101W,B_D102S,B_N103R,B_I104N,B_L105F,B_D106Y,B_Y107D","5MYK:A, B, C::PMID=TBD",-2.6238538742065423
"5myk_A_S94A,A_S96A,B_D31R,B_A49S,B_L54K,B_A55S,B_Y56T,B_I58T,B_Y99W,B_D100F,B_Y101H,B_N103D,B_I104S,B_L105V,B_Y107D_C_A, B",-12.283493995666504,-9.42364273071289,"A_S94A,A_S96A,B_D31R,B_A49S,B_L54K,B_A55S,B_Y56T,B_I58T,B_Y99W,B_D100F,B_Y101H,B_N103D,B_I104S,B_L105V,B_Y107D","5MYK:A, B, C::PMID=TBD",-2.8598512649536136
"5myk_A_S94H,A_S96F,A_H98R,A_V99H,B_A49S,B_A55S,B_Y56K,B_I58V,B_Y99C,B_D100K,B_Y101H,B_D102E,B_N103F,B_I104D,B_L105I,B_D106Y,B_Y107D_C_A, B",-12.283493995666504,-9.146652984619141,"A_S94H,A_S96F,A_H98R,A_V99H,B_A49S,B_A55S,B_Y56K,B_I58V,B_Y99C,B_D100K,B_Y101H,B_D102E,B_N103F,B_I104D,B_L105I,B_D106Y,B_Y107D","5MYK:A, B, C::PMID=TBD",-3.1368410110473626
"5myk_A_S94V,A_Q95H,A_S96N,A_V99A,B_S30R,B_A49S,B_L54K,B_Y56S,B_S57I,B_Y99A,B_D100W,B_N103Y,B_I104D,B_L105Y,B_D106Y,B_Y107D_C_A, B",-12.283493995666504,-8.628204727172852,"A_S94V,A_Q95H,A_S96N,A_V99A,B_S30R,B_A49S,B_L54K,B_Y56S,B_S57I,B_Y99A,B_D100W,B_N103Y,B_I104D,B_L105Y,B_D106Y,B_Y107D","5MYK:A, B, C::PMID=TBD",-3.655289268493652
"5myk_A_T36H,A_S94Q,A_S96T,B_D31Q,B_L54H,B_Y56A,B_S57E,B_Y99F,B_D100C,B_N103F,B_I104Y,B_L105D,B_D106S,B_Y107T_C_A, B",-12.283493995666504,-9.263434600830077,"A_T36H,A_S94Q,A_S96T,B_D31Q,B_L54H,B_Y56A,B_S57E,B_Y99F,B_D100C,B_N103F,B_I104Y,B_L105D,B_D106S,B_Y107T","5MYK:A, B, C::PMID=TBD",-3.0200593948364265
"5myk_A_V30L,A_S94A,A_S96N,A_V99T,B_D31S,B_A49S,B_L54Y,B_A55S,B_Y56I,B_S57Y,B_I58R,B_R98V,B_Y99F,B_Y101H,B_D102S,B_N103Y,B_I104G,B_L105R,B_D106Y,B_Y107D_C_A, B",-12.283493995666504,-9.681124114990235,"A_V30L,A_S94A,A_S96N,A_V99T,B_D31S,B_A49S,B_L54Y,B_A55S,B_Y56I,B_S57Y,B_I58R,B_R98V,B_Y99F,B_Y101H,B_D102S,B_N103Y,B_I104G,B_L105R,B_D106Y,B_Y107D","5MYK:A, B, C::PMID=TBD",-2.602369880676269
"5myk_A_V30L,A_S94A,A_S96P,A_H98E,B_D31S,B_F50Y,B_L54N,B_A55S,B_Y56N,B_S57Y,B_I58V,B_Y99W,B_D100S,B_N103M,B_I104D,B_L105T,B_D106Y,B_Y107C_C_A, B",-12.283493995666504,-9.561725234985351,"A_V30L,A_S94A,A_S96P,A_H98E,B_D31S,B_F50Y,B_L54N,B_A55S,B_Y56N,B_S57Y,B_I58V,B_Y99W,B_D100S,B_N103M,B_I104D,B_L105T,B_D106Y,B_Y107C","5MYK:A, B, C::PMID=TBD",-2.7217687606811527
"5myk_A_V30L,A_S94Q,A_S96G,A_V99L,B_F29W,B_D31Y,B_Y32H,B_A49S,B_I51W,B_L54N,B_Y56S,B_I58V,B_Y99W,B_D100S,B_Y101H,B_D102E,B_N103S,B_I104D,B_L105N,B_D106Y,B_Y107D_C_A, B",-12.283493995666504,-9.260778999328613,"A_V30L,A_S94Q,A_S96G,A_V99L,B_F29W,B_D31Y,B_Y32H,B_A49S,B_I51W,B_L54N,B_Y56S,B_I58V,B_Y99W,B_D100S,B_Y101H,B_D102E,B_N103S,B_I104D,B_L105N,B_D106Y,B_Y107D","5MYK:A, B, C::PMID=TBD",-3.022714996337891
"6a78_H_A47C,H_S55A,H_L100H,H_R101A,H_Y104F,L_E27S,L_N28S,L_S93W_A_H, L",-9.032998085021973,-9.99542236328125,"H_A47C,H_S55A,H_L100H,H_R101A,H_Y104F,L_E27S,L_N28S,L_S93W","6A78:A, H, L::PMID=30595454",0.9624242782592773
"6a78_H_A47S,H_T48Q,H_S55Q,H_Y58E,H_R101D,H_Y104N,L_E27Q,L_I29V,L_G31N,L_V91T,L_S93T_A_H, L",-9.032998085021973,-9.10890884399414,"H_A47S,H_T48Q,H_S55Q,H_Y58E,H_R101D,H_Y104N,L_E27Q,L_I29V,L_G31N,L_V91T,L_S93T","6A78:A, H, L::PMID=30595454",0.07591075897216726
"6a78_H_L100W,H_R101S,L_E27Q,L_G31N,L_L92P,L_S93A_A_H, L",-9.032998085021973,-9.748929595947265,"H_L100W,H_R101S,L_E27Q,L_G31N,L_L92P,L_S93A","6A78:A, H, L::PMID=30595454",0.7159315109252926
"6a78_H_S55C,H_L100K,H_R101T,H_Y104V,L_N28A,L_I29P,L_G31Q,L_G66M,L_S93R_A_H, L",-9.032998085021973,-8.91980800628662,"H_S55C,H_L100K,H_R101T,H_Y104V,L_N28A,L_I29P,L_G31Q,L_G66M,L_S93R","6A78:A, H, L::PMID=30595454",-0.11319007873535192
"6a78_H_T48A,H_G54I,H_S55Y,H_T56I,H_Y57M,H_R101N,L_E27T,L_N28R,L_Y30W,L_G31S,L_S93E_A_H, L",-9.032998085021973,-9.794414520263672,"H_T48A,H_G54I,H_S55Y,H_T56I,H_Y57M,H_R101N,L_E27T,L_N28R,L_Y30W,L_G31S,L_S93E","6A78:A, H, L::PMID=30595454",0.7614164352416992
"6a78_H_T48Q,H_S55Q,H_T56D,H_R101T,H_Y104S,L_E27Q,L_N28D,L_G31N,L_T94S_A_H, L",-9.032998085021973,-9.444919013977051,"H_T48Q,H_S55Q,H_T56D,H_R101T,H_Y104S,L_E27Q,L_N28D,L_G31N,L_T94S","6A78:A, H, L::PMID=30595454",0.4119209289550785
"6a78_H_T48R,H_S55K,H_R101Y,L_E27K,L_N28D,L_G31S,L_V91N,L_S93E_A_H, L",-9.032998085021973,-9.65639533996582,"H_T48R,H_S55K,H_R101Y,L_E27K,L_N28D,L_G31S,L_V91N,L_S93E","6A78:A, H, L::PMID=30595454",0.623397254943848
"6a78_H_T48S,H_S55Y,H_R101N,L_E27Q,L_N28D,L_G31N,L_V91A,L_S93T_A_H, L",-9.032998085021973,-9.586325645446777,"H_T48S,H_S55Y,H_R101N,L_E27Q,L_N28D,L_G31N,L_V91A,L_S93T","6A78:A, H, L::PMID=30595454",0.5533275604248047
"6cwt_C_E50F,C_Y51F,C_I52L,C_I54T,C_N56S,C_C97W,C_R99S,C_T100S,C_R101G,C_V103Y,D_S29K,D_I49V,D_S50K,D_A51S,D_S53H,D_N54I,D_R64Q,D_S68E,D_T92G,D_Y93W,D_A95S,D_I96V_F_C, D",-15.959397315979004,-11.164119529724122,"C_E50F,C_Y51F,C_I52L,C_I54T,C_N56S,C_C97W,C_R99S,C_T100S,C_R101G,C_V103Y,D_S29K,D_I49V,D_S50K,D_A51S,D_S53H,D_N54I,D_R64Q,D_S68E,D_T92G,D_Y93W,D_A95S,D_I96V","6CWT:C, D, F::PMID=TBD",-4.795277786254882
"6cwt_C_I54N,C_N56S,C_R99Q,C_T100E,C_R101S,C_V103T,D_S29E,D_G31L,D_A33S,D_I49F,D_S50R,D_A51S,D_G52T,D_S53T,D_N54V,D_R64Q,D_T92K,D_A95Y,D_I96E_F_C, D",-15.959397315979004,-10.986103439331055,"C_I54N,C_N56S,C_R99Q,C_T100E,C_R101S,C_V103T,D_S29E,D_G31L,D_A33S,D_I49F,D_S50R,D_A51S,D_G52T,D_S53T,D_N54V,D_R64Q,D_T92K,D_A95Y,D_I96E","6CWT:C, D, F::PMID=TBD",-4.973293876647949
"6cwt_C_V49I,C_I52L,C_I54G,C_I55V,C_N56S,C_T100A,C_R101I,C_V103E,D_S29G,D_G31S,D_N32A,D_A33S,D_S50R,D_A51S,D_S53G,D_R64H,D_G67L,D_S68D,D_T92V,D_Y93L,D_A95C_F_C, D",-15.959397315979004,-10.47016487121582,"C_V49I,C_I52L,C_I54G,C_I55V,C_N56S,C_T100A,C_R101I,C_V103E,D_S29G,D_G31S,D_N32A,D_A33S,D_S50R,D_A51S,D_S53G,D_R64H,D_G67L,D_S68D,D_T92V,D_Y93L,D_A95C","6CWT:C, D, F::PMID=TBD",-5.489232444763184
"6cwt_C_V49I,C_Y51F,C_I52V,C_I54T,C_N56S,C_A98Y,C_R99K,C_T100S,C_R101C,C_V103R,D_G31Y,D_A33S,D_I49V,D_S50K,D_A51S,D_S53Y,D_N54T,D_L55Q,D_R64Q,D_G65I,D_S68Y,D_T92V,D_A95Q_F_C, D",-15.959397315979004,-10.978686904907226,"C_V49I,C_Y51F,C_I52V,C_I54T,C_N56S,C_A98Y,C_R99K,C_T100S,C_R101C,C_V103R,D_G31Y,D_A33S,D_I49V,D_S50K,D_A51S,D_S53Y,D_N54T,D_L55Q,D_R64Q,D_G65I,D_S68Y,D_T92V,D_A95Q","6CWT:C, D, F::PMID=TBD",-4.980710411071778
"6cwt_C_V49I,C_Y51W,C_N56S,C_C97T,C_R99P,C_T100A,C_R101S,C_V103E,D_G31Y,D_N32F,D_A33S,D_S50I,D_A51N,D_G52A,D_S53G,D_N54A,D_L55R,D_R64A,D_S66G,D_S68H,D_T92G,D_A95S,D_I96V_F_C, D",-15.959397315979004,-10.711599922180175,"C_V49I,C_Y51W,C_N56S,C_C97T,C_R99P,C_T100A,C_R101S,C_V103E,D_G31Y,D_N32F,D_A33S,D_S50I,D_A51N,D_G52A,D_S53G,D_N54A,D_L55R,D_R64A,D_S66G,D_S68H,D_T92G,D_A95S,D_I96V","6CWT:C, D, F::PMID=TBD",-5.2477973937988285
"6cwt_C_V49L,C_E50Q,C_Y51F,C_I54V,C_N56S,C_R99T,C_T100I,C_R101H,C_V103D,D_A33S,D_S50K,D_A51S,D_S53V,D_N54A,D_L55I,D_R64L,D_S68Y,D_T92A,D_A95T_F_C, D",-15.959397315979004,-10.771906089782714,"C_V49L,C_E50Q,C_Y51F,C_I54V,C_N56S,C_R99T,C_T100I,C_R101H,C_V103D,D_A33S,D_S50K,D_A51S,D_S53V,D_N54A,D_L55I,D_R64L,D_S68Y,D_T92A,D_A95T","6CWT:C, D, F::PMID=TBD",-5.18749122619629
"6cwt_C_V49L,C_I52L,C_I55V,C_N56S,C_R99K,C_T100S,C_R101K,C_V103F,D_S29T,D_G31W,D_N32G,D_A33S,D_I49T,D_S50K,D_S53F,D_N54G,D_L55E,D_R64K,D_T92V,D_Y93W,D_S94G,D_A95F,D_I96V_F_C, D",-15.959397315979004,-11.022212409973145,"C_V49L,C_I52L,C_I55V,C_N56S,C_R99K,C_T100S,C_R101K,C_V103F,D_S29T,D_G31W,D_N32G,D_A33S,D_I49T,D_S50K,D_S53F,D_N54G,D_L55E,D_R64K,D_T92V,D_Y93W,D_S94G,D_A95F,D_I96V","6CWT:C, D, F::PMID=TBD",-4.937184906005859
"6cwt_C_V49L,C_I54N,C_N56S,C_R99N,C_T100V,C_V103T,D_G31Y,D_N32S,D_A33N,D_I49R,D_S50R,D_A51S,D_S53N,D_N54E,D_R64S,D_T92R,D_Y93W,D_S94N,D_A95S,D_I96A_F_C, D",-15.959397315979004,-10.829558563232421,"C_V49L,C_I54N,C_N56S,C_R99N,C_T100V,C_V103T,D_G31Y,D_N32S,D_A33N,D_I49R,D_S50R,D_A51S,D_S53N,D_N54E,D_R64S,D_T92R,D_Y93W,D_S94N,D_A95S,D_I96A","6CWT:C, D, F::PMID=TBD",-5.129838752746583
"6har_E_A9E,E_E10D,E_C17G,E_P32V,E_F33T,E_C34A,E_G37K_A_E",-13.934557914733887,-10.850569534301759,"E_A9E,E_E10D,E_C17G,E_P32V,E_F33T,E_C34A,E_G37K","6HAR:A, E::PMID=30700553",-3.083988380432128
"6har_E_A9K,E_F18Q,E_G37C_A_E",-13.934557914733887,-10.665224647521972,"E_A9K,E_F18Q,E_G37C","6HAR:A, E::PMID=30700553",-3.2693332672119144
"6har_E_A9L,E_E10D_A_E",-13.934557914733887,-10.899875450134278,"E_A9L,E_E10D","6HAR:A, E::PMID=30700553",-3.0346824645996087
"6har_E_A9M,E_E10D,E_T11G_A_E",-13.934557914733887,-10.473675727844238,"E_A9M,E_E10D,E_T11G","6HAR:A, E::PMID=30700553",-3.4608821868896484
"6har_E_A9M,E_R15W,E_A16S,E_Y35W_A_E",-13.934557914733887,-8.497646522521972,"E_A9M,E_R15W,E_A16S,E_Y35W","6HAR:A, E::PMID=30700553",-5.436911392211915
"6har_E_A9P,E_E10N,E_T11A,E_C14A,E_C38P_A_E",-13.934557914733887,-10.069745826721192,"E_A9P,E_E10N,E_T11A,E_C14A,E_C38P","6HAR:A, E::PMID=30700553",-3.8648120880126946
"6har_E_A9Q,E_E10D,E_T11P,E_A16V_A_E",-13.934557914733887,-9.667222785949708,"E_A9Q,E_E10D,E_T11P,E_A16V","6HAR:A, E::PMID=30700553",-4.267335128784179
"6har_E_A9Y,E_E10Q,E_T11S,E_C17P,E_C34W_A_E",-13.934557914733887,-10.17553882598877,"E_A9Y,E_E10Q,E_T11S,E_C17P,E_C34W","6HAR:A, E::PMID=30700553",-3.7590190887451165
"6ous_W_D30N,W_G101A,W_A102L,W_Y104A,W_G106M,W_S108C,W_D109W,W_Y111W,X_D28S,X_V29I,X_R30K,X_F49Y,X_D50N,X_S53E,X_L54R,X_T56L_K, L_W, X",-14.538759231567383,-9.049556636810303,"W_D30N,W_G101A,W_A102L,W_Y104A,W_G106M,W_S108C,W_D109W,W_Y111W,X_D28S,X_V29I,X_R30K,X_F49Y,X_D50N,X_S53E,X_L54R,X_T56L","6OUS:K, L, W, X::PMID=31515478",-5.48920259475708
"6ous_W_D30N,W_G101A,W_A102L,W_Y104M,W_G106C,W_N107A,W_S108A,W_D109S,W_Y110E,W_Y111F,X_V29I,X_R30H,X_F49Y,X_S53R,X_L54R,X_E55N,X_T56L_K, L_W, X",-14.538759231567383,-10.216562080383301,"W_D30N,W_G101A,W_A102L,W_Y104M,W_G106C,W_N107A,W_S108A,W_D109S,W_Y110E,W_Y111F,X_V29I,X_R30H,X_F49Y,X_S53R,X_L54R,X_E55N,X_T56L","6OUS:K, L, W, X::PMID=31515478",-4.322197151184081
"6ous_W_D30S,W_G101A,W_A102G,W_Y104W,W_G106S,W_N107M,W_S108A,W_Y111F,X_V29I,X_R30K,X_F49Y,X_S53Y,X_L54R,X_E55Y,X_T56L,X_F91K_K, L_W, X",-14.538759231567383,-10.237947463989258,"W_D30S,W_G101A,W_A102G,W_Y104W,W_G106S,W_N107M,W_S108A,W_Y111F,X_V29I,X_R30K,X_F49Y,X_S53Y,X_L54R,X_E55Y,X_T56L,X_F91K","6OUS:K, L, W, X::PMID=31515478",-4.300811767578125
"6ous_W_D30S,W_G101N,W_A102M,W_Y104N,W_G106C,W_N107F,W_Y111R,X_D28N,X_V29I,X_R30N,X_F49Y,X_S53N,X_T56N,X_S67N_K, L_W, X",-14.538759231567383,-10.17810878753662,"W_D30S,W_G101N,W_A102M,W_Y104N,W_G106C,W_N107F,W_Y111R,X_D28N,X_V29I,X_R30N,X_F49Y,X_S53N,X_T56N,X_S67N","6OUS:K, L, W, X::PMID=31515478",-4.360650444030762
"6ous_W_D30V,W_G101L,W_A102Q,W_P103Q,W_Y104E,W_G105F,W_G106Y,W_S108A,W_D109L,W_Y111F,X_D28N,X_V29I,X_R30Y,X_F49Y,X_D50R,X_S53K,X_L54R,X_E55N,X_T56G_K, L_W, X",-14.538759231567383,-9.51039161682129,"W_D30V,W_G101L,W_A102Q,W_P103Q,W_Y104E,W_G105F,W_G106Y,W_S108A,W_D109L,W_Y111F,X_D28N,X_V29I,X_R30Y,X_F49Y,X_D50R,X_S53K,X_L54R,X_E55N,X_T56G","6OUS:K, L, W, X::PMID=31515478",-5.028367614746093
"6ous_W_F27D,W_D30S,W_G101M,W_A102S,W_Y104W,W_G106S,W_N107S,W_S108F,W_Y110F,W_Y111F,X_V29I,X_R30K,X_F49Y,X_L54R,X_E55Y,X_T56L_K, L_W, X",-14.538759231567383,-10.03249397277832,"W_F27D,W_D30S,W_G101M,W_A102S,W_Y104W,W_G106S,W_N107S,W_S108F,W_Y110F,W_Y111F,X_V29I,X_R30K,X_F49Y,X_L54R,X_E55Y,X_T56L","6OUS:K, L, W, X::PMID=31515478",-4.506265258789062
"6ous_W_F27E,W_D30A,W_G101A,W_A102R,W_Y104W,W_G106S,W_N107V,W_S108C,X_D28N,X_R30Q,X_S52G,X_S53M,X_L54R,X_E55H,X_T56M_K, L_W, X",-14.538759231567383,-10.061139488220215,"W_F27E,W_D30A,W_G101A,W_A102R,W_Y104W,W_G106S,W_N107V,W_S108C,X_D28N,X_R30Q,X_S52G,X_S53M,X_L54R,X_E55H,X_T56M","6OUS:K, L, W, X::PMID=31515478",-4.477619743347168
"6ous_W_G26S,W_D30T,W_G101A,W_A102K,W_P103Y,W_Y104W,W_G106W,W_N107E,W_S108C,W_Y110S,W_Y111F,X_D28N,X_V29I,X_R30D,X_F49Y,X_S53T,X_L54R,X_T56S,X_F91W_K, L_W, X",-14.538759231567383,-10.737746429443359,"W_G26S,W_D30T,W_G101A,W_A102K,W_P103Y,W_Y104W,W_G106W,W_N107E,W_S108C,W_Y110S,W_Y111F,X_D28N,X_V29I,X_R30D,X_F49Y,X_S53T,X_L54R,X_T56S,X_F91W","6OUS:K, L, W, X::PMID=31515478",-3.801012802124024
"1bd2_A_A149Q,A_V165W_D, E_A, C",-5.143359184265137,-7.447936630249023,"A_A149Q,A_V165W","1BD2:A, C, D, E:C_Y8A:PMID=23736024",2.3045774459838864
"1bd2_A_A150I,A_H151N,A_Y159M,A_V165K,A_E166D_D, E_A, C",-5.143359184265137,-6.727219486236573,"A_A150I,A_H151N,A_Y159M,A_V165K,A_E166D","1BD2:A, C, D, E:C_Y8A:PMID=23736024",1.583860301971436
"1bd2_A_A153M,A_G162T_D, E_A, C",-5.143359184265137,-7.754633140563965,"A_A153M,A_G162T","1BD2:A, C, D, E:C_Y8A:PMID=23736024",2.6112739562988283
"1bd2_A_A69G,A_A153M,A_G162L,A_E166D_D, E_A, C",-5.143359184265137,-6.537320137023926,"A_A69G,A_A153M,A_G162L,A_E166D","1BD2:A, C, D, E:C_Y8A:PMID=23736024",1.393960952758789
"1bd2_A_A69L,A_E148T,A_H151G_D, E_A, C",-5.143359184265137,-6.739735317230225,"A_A69L,A_E148T,A_H151G","1BD2:A, C, D, E:C_Y8A:PMID=23736024",1.596376132965088
"1bd2_A_P57L,A_H145F,A_K146E,A_H151R,A_A158W_D, E_A, C",-5.143359184265137,-7.533671283721924,"A_P57L,A_H145F,A_K146E,A_H151R,A_A158W","1BD2:A, C, D, E:C_Y8A:PMID=23736024",2.3903120994567875
"1bd2__D, E_A, C",-5.143359184265137,-7.737386322021484,,"1BD2:A, C, D, E:C_Y8A:PMID=23736024",2.5940271377563473
"1c1y_A_E37D,A_S39V,A_E54D_B_A",-6.169980525970459,-6.465240859985352,"A_E37D,A_S39V,A_E54D","1C1Y:A, B:B_R5A:PMID=15236966",0.29526033401489293
1c1y_A_E54Y_B_A,-5.324482440948486,-7.6097489356994625,A_E54Y,"1C1Y:A, B:B_N10D, B_R5A:PMID=15236966",2.285266494750976
"1c1y_A_T20S,A_V21I,A_Y32K,A_D33S,A_E37D,A_D38V,A_S39T,A_E54D,A_L56P_B_A",-6.169980525970459,-6.422486782073975,"A_T20S,A_V21I,A_Y32K,A_D33S,A_E37D,A_D38V,A_S39T,A_E54D,A_L56P","1C1Y:A, B:B_R5A:PMID=15236966",0.2525062561035156
"1c1y_A_T20W,A_V21T,A_V24T,A_P34A,A_T35G,A_E54H_B_A",-6.169980525970459,-7.108191394805909,"A_T20W,A_V21T,A_V24T,A_P34A,A_T35G,A_E54H","1C1Y:A, B:B_R5A:PMID=15236966",0.9382108688354496
"1c1y_A_V21I,A_F23N,A_T35W,A_I36F,A_E37D,A_E54N_B_A",-6.169980525970459,-6.604040145874023,"A_V21I,A_F23N,A_T35W,A_I36F,A_E37D,A_E54N","1C1Y:A, B:B_R5A:PMID=15236966",0.43405961990356445
"1c1y_A_V21I,A_I27L,A_R41M,A_E54D_B_A",-5.324482440948486,-7.375650882720947,"A_V21I,A_I27L,A_R41M,A_E54D","1C1Y:A, B:B_N10D, B_R5A:PMID=15236966",2.051168441772461
"1c1y_A_V21I,A_I27P,A_D33S,A_E54D_B_A",-5.324482440948486,-7.410239124298096,"A_V21I,A_I27P,A_D33S,A_E54D","1C1Y:A, B:B_N10D, B_R5A:PMID=15236966",2.0857566833496097
"1c1y_A_V21I,A_Q25N,A_I27V,A_F28V,A_T35G,A_R41T,A_E54N,A_L56S_B_A",-6.169980525970459,-7.225786972045898,"A_V21I,A_Q25N,A_I27V,A_F28V,A_T35G,A_R41T,A_E54N,A_L56S","1C1Y:A, B:B_R5A:PMID=15236966",1.0558064460754393
"1c1y_A_V21I,A_Q25T,A_I27Q,A_E37W,A_E54S_B_A",-6.169980525970459,-7.381098079681396,"A_V21I,A_Q25T,A_I27Q,A_E37W,A_E54S","1C1Y:A, B:B_R5A:PMID=15236966",1.2111175537109373
"1c1y_A_V21I,A_V24C,A_G26E,A_P34R,A_S39K,A_E54S_B_A",-5.324482440948486,-7.734182357788086,"A_V21I,A_V24C,A_G26E,A_P34R,A_S39K,A_E54S","1C1Y:A, B:B_N10D, B_R5A:PMID=15236966",2.4096999168395996
"1c1y_A_V21I,A_V24C,A_P34A,A_E37A,A_E54D_B_A",-5.324482440948486,-6.743594074249268,"A_V21I,A_V24C,A_P34A,A_E37A,A_E54D","1C1Y:A, B:B_N10D, B_R5A:PMID=15236966",1.4191116333007816
"1c1y_A_V21I,A_V24C,A_Y32I,A_E54K_B_A",-5.324482440948486,-7.334201431274414,"A_V21I,A_V24C,A_Y32I,A_E54K","1C1Y:A, B:B_N10D, B_R5A:PMID=15236966",2.0097189903259274
"1c1y_A_V21I,A_V24M,A_G26D,A_I27T,A_R41N,A_E54D_B_A",-5.324482440948486,-7.330400848388672,"A_V21I,A_V24M,A_G26D,A_I27T,A_R41N,A_E54D","1C1Y:A, B:B_N10D, B_R5A:PMID=15236966",2.005918407440186
"1c1y_A_V21I,A_V24T,A_I27T,A_D33E,A_S39V_B_A",-6.169980525970459,-6.853516101837158,"A_V21I,A_V24T,A_I27T,A_D33E,A_S39V","1C1Y:A, B:B_R5A:PMID=15236966",0.6835355758666992
"1c1y_A_V21I,A_V24T,A_I27V,A_Y32L,A_P34G,A_E37D,A_E54S_B_A",-6.169980525970459,-6.877177715301514,"A_V21I,A_V24T,A_I27V,A_Y32L,A_P34G,A_E37D,A_E54S","1C1Y:A, B:B_R5A:PMID=15236966",0.7071971893310547
"1c1y_A_V21I,A_V24W,A_I27F,A_D33E,A_E37D,A_D38W,A_R41Q,A_L53I,A_E54D,A_I55K_B_A",-5.324482440948486,-6.28523006439209,"A_V21I,A_V24W,A_I27F,A_D33E,A_E37D,A_D38W,A_R41Q,A_L53I,A_E54D,A_I55K","1C1Y:A, B:B_N10D, B_R5A:PMID=15236966",0.9607476234436039
"1cho_F_C27A,F_C43N,G_N2Y,G_S70A_I_E, F, G",-11.7046480178833,-12.665389060974121,"F_C27A,F_C43N,G_N2Y,G_S70A","1CHO:E, F, G, I:I_T14Q:PMID=11171964",0.9607410430908203
"1cho_F_C27H,G_I64V_I_E, F, G",-12.770702362060547,-13.085300636291503,"F_C27H,G_I64V","1CHO:E, F, G, I:I_R18M:PMID=11171964",0.3145982742309563
"1cho_F_C27Q,F_C43N,F_W126S,G_S66G,G_S70G_I_E, F, G",-11.7046480178833,-12.264689064025879,"F_C27Q,F_C43N,F_W126S,G_S66G,G_S70G","1CHO:E, F, G, I:I_T14Q:PMID=11171964",0.5600410461425778
"1cho_F_F24A,F_A41V,G_I64K,G_G78D,G_N97Y_I_E, F, G",-12.770702362060547,-12.22040958404541,"F_F24A,F_A41V,G_I64K,G_G78D,G_N97Y","1CHO:E, F, G, I:I_R18M:PMID=11171964",-0.5502927780151374
"1cho_F_G127F,F_R130K_I_E, F, G",-11.7046480178833,-13.671780395507813,"F_G127F,F_R130K","1CHO:E, F, G, I:I_T14Q:PMID=11171964",1.9671323776245124
"1cho_F_G23L,G_W67H_I_E, F, G",-12.770702362060547,-13.180239868164062,"F_G23L,G_W67H","1CHO:E, F, G, I:I_R18M:PMID=11171964",0.4095375061035149
"1cho_F_Q19S,F_W126H,G_I64N,G_N97S_I_E, F, G",-11.7046480178833,-13.467766952514648,"F_Q19S,F_W126H,G_I64N,G_N97S","1CHO:E, F, G, I:I_T14Q:PMID=11171964",1.763118934631347
"1cho_F_R130E,G_T26S,G_S69A,G_P77F_I_E, F, G",-12.770702362060547,-13.755602645874024,"F_R130E,G_T26S,G_S69A,G_P77F","1CHO:E, F, G, I:I_R18M:PMID=11171964",0.9849002838134773
"1cho_G_C43R,G_G45W,G_I64A_I_E, F, G",-12.770702362060547,-12.180502891540527,"G_C43R,G_G45W,G_I64A","1CHO:E, F, G, I:I_R18M:PMID=11171964",-0.5901994705200195
"1cho_G_G45C,G_W67M_I_E, F, G",-12.770702362060547,-13.374124336242676,"G_G45C,G_W67M","1CHO:E, F, G, I:I_R18M:PMID=11171964",0.6034219741821296
"1cho_G_G68I,G_S69V_I_E, F, G",-12.770702362060547,-13.145915412902832,"G_G68I,G_S69V","1CHO:E, F, G, I:I_R18M:PMID=11171964",0.3752130508422855
"1cho_G_S41R_I_E, F, G",-12.770702362060547,-11.426278877258301,G_S41R,"1CHO:E, F, G, I:I_R18M:PMID=11171964",-1.3444234848022454
"1cho_G_S41T,G_I64N,G_V65I_I_E, F, G",-11.7046480178833,-12.61385612487793,"G_S41T,G_I64N,G_V65I","1CHO:E, F, G, I:I_T14Q:PMID=11171964",0.9092081069946296
"1cho_G_V65S_I_E, F, G",-11.7046480178833,-12.947532081604004,G_V65S,"1CHO:E, F, G, I:I_T14Q:PMID=11171964",1.2428840637207035
"1cho_G_Y23A,G_T26D,G_I64R,G_S69L_I_E, F, G",-11.7046480178833,-12.617097473144531,"G_Y23A,G_T26D,G_I64R,G_S69L","1CHO:E, F, G, I:I_T14Q:PMID=11171964",0.9124494552612301
"1cho__I_E, F, G",-11.7046480178833,-14.485366058349609,,"1CHO:E, F, G, I:I_T14Q:PMID=11171964",2.780718040466308
"1dan_H_A122L,L_L17Y,L_K42D,L_Q74N,L_A85T,L_V102L_T, U_H, L",-12.74930191040039,-11.439616394042968,"H_A122L,L_L17Y,L_K42D,L_Q74N,L_A85T,L_V102L","1DAN:H, L, T, U:T_K15A, T_T55A:PMID=7756258",-1.3096855163574226
"1dan_H_F123L,H_M154Q,H_T172E,L_K42L,L_A44M,L_K48I,L_I52F,L_C80P,L_A85Q,L_D97Q_T, U_H, L",-12.74930191040039,-11.251547622680665,"H_F123L,H_M154Q,H_T172E,L_K42L,L_A44M,L_K48I,L_I52F,L_C80P,L_A85Q,L_D97Q","1DAN:H, L, T, U:T_K15A, T_T55A:PMID=7756258",-1.4977542877197259
"1dan_H_Q156K,H_T172K,L_L5H,L_S15R,L_L49A,L_I52R_T, U_H, L",-12.74930191040039,-12.102996063232421,"H_Q156K,H_T172K,L_L5H,L_S15R,L_L49A,L_I52R","1DAN:H, L, T, U:T_K15A, T_T55A:PMID=7756258",-0.6463058471679695
"1dan_H_R125M,L_A44R,L_K48R,L_S77R,L_D97N_T, U_H, L",-12.74930191040039,-10.270284080505371,"H_R125M,L_A44R,L_K48R,L_S77R,L_D97N","1DAN:H, L, T, U:T_K15A, T_T55A:PMID=7756258",-2.479017829895019
"1dan_H_S117E,L_A44P,L_K48Q,L_I52T,L_C82R,L_A85K_T, U_H, L",-12.74930191040039,-11.527042388916016,"H_S117E,L_A44P,L_K48Q,L_I52T,L_C82R,L_A85K","1DAN:H, L, T, U:T_K15A, T_T55A:PMID=7756258",-1.222259521484375
"1dan_H_S117F,L_R21K,L_I52N,L_S53K,L_L83Q,L_F86Y,L_E104K_T, U_H, L",-12.74930191040039,-11.963993453979493,"H_S117F,L_R21K,L_I52N,L_S53K,L_L83Q,L_F86Y,L_E104K","1DAN:H, L, T, U:T_K15A, T_T55A:PMID=7756258",-0.7853084564208981
"1dan_H_S117H,H_V124R,H_V150W,L_K72R,L_S77G,L_I79V,L_E87R,L_R89K,L_D97E,L_E104I_T, U_H, L",-12.74930191040039,-10.710746955871581,"H_S117H,H_V124R,H_V150W,L_K72R,L_S77G,L_I79V,L_E87R,L_R89K,L_D97E,L_E104I","1DAN:H, L, T, U:T_K15A, T_T55A:PMID=7756258",-2.0385549545288093
"1dan_L_L17N,L_K24Q,L_F33E,L_C82K,L_V102I_T, U_H, L",-12.74930191040039,-10.96943531036377,"L_L17N,L_K24Q,L_F33E,L_C82K,L_V102I","1DAN:H, L, T, U:T_K15A, T_T55A:PMID=7756258",-1.7798666000366214
"1dvf_A_L54E,B_S28Y,B_L29S,B_T30Y,B_N56T_C, D_A, B",-9.238321304321289,-11.225340270996094,"A_L54E,B_S28Y,B_L29S,B_T30Y,B_N56T","1DVF:A, B, C, D:D_Q104A:PMID=8993317",1.987018966674805
"1dvf_A_S93Y,B_E98D_C, D_A, B",-9.238321304321289,-8.213710498809814,"A_S93Y,B_E98D","1DVF:A, B, C, D:D_Q104A:PMID=8993317",-1.0246108055114753
"1dvf_A_T52Q,B_I51V,B_D54R,B_N56C_C, D_A, B",-9.238321304321289,-9.888336563110352,"A_T52Q,B_I51V,B_D54R,B_N56C","1DVF:A, B, C, D:D_Q104A:PMID=8993317",0.6500152587890629
"1dvf_A_T52S,B_S28W,B_T30S,B_W52A_C, D_A, B",-9.238321304321289,-8.199341583251954,"A_T52S,B_S28W,B_T30S,B_W52A","1DVF:A, B, C, D:D_Q104A:PMID=8993317",-1.0389797210693352
"1dvf_A_T53Q,A_S93N,B_S28Q,B_G31T,B_N56Y_C, D_A, B",-9.238321304321289,-9.747215843200683,"A_T53Q,A_S93N,B_S28Q,B_G31T,B_N56Y","1DVF:A, B, C, D:D_Q104A:PMID=8993317",0.5088945388793942
"1dvf_B_F27P,B_M50K,B_N56Q_C, D_A, B",-9.238321304321289,-9.794128608703613,"B_F27P,B_M50K,B_N56Q","1DVF:A, B, C, D:D_Q104A:PMID=8993317",0.5558073043823235
"1dvf_B_R99Y_C, D_A, B",-9.238321304321289,-10.43520278930664,B_R99Y,"1DVF:A, B, C, D:D_Q104A:PMID=8993317",1.1968814849853509
"1dvf_B_T30S,B_M50L,B_G53M,B_R97C,B_R99S_C, D_A, B",-9.238321304321289,-10.695322608947754,"B_T30S,B_M50L,B_G53M,B_R97C,B_R99S","1DVF:A, B, C, D:D_Q104A:PMID=8993317",1.4570013046264645
"1eaw_A_L18G,A_L21R,A_G22N,A_A23Q,A_H25E,A_I26V,A_R48Y,A_D91E,A_T93L,A_Y141V,A_T144Q,A_G189F,A_V209I,A_P222R_B_A",-14.574844360351562,-12.681474304199218,"A_L18G,A_L21R,A_G22N,A_A23Q,A_H25E,A_I26V,A_R48Y,A_D91E,A_T93L,A_Y141V,A_T144Q,A_G189F,A_V209I,A_P222R","1EAW:A, B:A_Q23A:PMID=17475279",-1.893370056152344
"1eaw_A_L18V,A_L21E,A_A23Q,A_I26V,A_Y44W,A_R48G,A_D91P,A_F92D,A_Y141E,A_G142R,A_T144N,A_S191A,A_G223I_B_A",-14.574844360351562,-11.569833374023437,"A_L18V,A_L21E,A_A23Q,A_I26V,A_Y44W,A_R48G,A_D91P,A_F92D,A_Y141E,A_G142R,A_T144N,A_S191A,A_G223I","1EAW:A, B:A_Q23A:PMID=17475279",-3.0050109863281254
"1eaw_A_L21D,A_A23Q,A_I26R,A_A40S,A_D46T,A_N90D,A_D91E,A_F92A,A_Y141E,A_T144Q,A_Q188Y,A_W212R,A_G213S_B_A",-14.574844360351562,-11.326025199890136,"A_L21D,A_A23Q,A_I26R,A_A40S,A_D46T,A_N90D,A_D91E,A_F92A,A_Y141E,A_T144Q,A_Q188Y,A_W212R,A_G213S","1EAW:A, B:A_Q23A:PMID=17475279",-3.2488191604614265
"1eaw_A_L21E,A_G22S,A_A23Q,A_Y44L,A_R48D,A_G49E,A_D91E,A_F92Y,A_Y141Q,A_T144K,A_S186A,A_D214A_B_A",-14.574844360351562,-12.579109001159669,"A_L21E,A_G22S,A_A23Q,A_Y44L,A_R48D,A_G49E,A_D91E,A_F92Y,A_Y141Q,A_T144K,A_S186A,A_D214A","1EAW:A, B:A_Q23A:PMID=17475279",-1.9957353591918938
"1eaw_A_L21G,A_A23Q,A_Y44F,A_D91Q,A_F92E,A_S186A,A_D214E,A_G223T_B_A",-14.574844360351562,-12.483417510986328,"A_L21G,A_A23Q,A_Y44F,A_D91Q,A_F92E,A_S186A,A_D214E,A_G223T","1EAW:A, B:A_Q23A:PMID=17475279",-2.0914268493652344
"1eaw_A_L21I,A_G22N,A_A23Q,A_R48T,A_D91R,A_F92Y,A_Y141F,A_T144S_B_A",-14.574844360351562,-12.906186866760255,"A_L21I,A_G22N,A_A23Q,A_R48T,A_D91R,A_F92Y,A_Y141F,A_T144S","1EAW:A, B:A_Q23A:PMID=17475279",-1.6686574935913079
"1eaw_A_L21S,A_A23Q,A_I26V,A_Y44F,A_N90C,A_D91K,A_F92E,A_T144I,A_S186A,A_G223I_B_A",-14.574844360351562,-12.591079902648925,"A_L21S,A_A23Q,A_I26V,A_Y44F,A_N90C,A_D91K,A_F92E,A_T144I,A_S186A,A_G223I","1EAW:A, B:A_Q23A:PMID=17475279",-1.9837644577026374
"1eaw_A_L21T,A_A23Q,A_A40I,A_R48Q,A_D91P,A_F92V,A_Y141W,A_T144E,A_S186A,A_Q188H,A_D190R,A_V209I_B_A",-14.574844360351562,-12.338672637939453,"A_L21T,A_A23Q,A_A40I,A_R48Q,A_D91P,A_F92V,A_Y141W,A_T144E,A_S186A,A_Q188H,A_D190R,A_V209I","1EAW:A, B:A_Q23A:PMID=17475279",-2.2361717224121094
"1l0x_B_K16A,B_N17S,B_Q19D,B_F23T,B_E26S,B_L42Y,B_G52S,B_P53K,B_K63G,B_V81I,B_E82G,B_Y83F,B_Y84P,B_H85E,B_L86C,B_E94T,B_S96E,B_F192Y,D_K16A,D_I21V,D_Y22H,D_F23N,D_E26T,D_L41G,D_L42A,D_S43N,D_G52R,D_K63G,D_V81L,D_E82P,D_Y84F,D_H85Y,D_S90V,D_E94L,D_F192Y,D_T193E_A, C_B, D",-7.123495101928711,-7.14572286605835,"B_K16A,B_N17S,B_Q19D,B_F23T,B_E26S,B_L42Y,B_G52S,B_P53K,B_K63G,B_V81I,B_E82G,B_Y83F,B_Y84P,B_H85E,B_L86C,B_E94T,B_S96E,B_F192Y,D_K16A,D_I21V,D_Y22H,D_F23N,D_E26T,D_L41G,D_L42A,D_S43N,D_G52R,D_K63G,D_V81L,D_E82P,D_Y84F,D_H85Y,D_S90V,D_E94L,D_F192Y,D_T193E","1L0X:A, B, C, D::PMID=12015151",0.022227764129638672
"1l0x_B_K16G,B_Q19S,B_F23N,B_E26Y,B_L41K,B_L42E,B_S43A,B_G52M,B_P53K,B_K63A,B_V81L,B_E82V,B_Y83F,B_H85D,B_L86G,B_S90E,B_E94K,B_S96A,B_N162V,B_F192Y,D_V15A,D_Q19G,D_F23V,D_E26S,D_L41Q,D_L42Y,D_S43P,D_P53Q,D_K63R,D_N64D,D_V81I,D_E82A,D_Y83F,D_Y84F,D_H85N,D_E94G,D_S96C,D_N162A_A, C_B, D",-7.123495101928711,-7.229329586029053,"B_K16G,B_Q19S,B_F23N,B_E26Y,B_L41K,B_L42E,B_S43A,B_G52M,B_P53K,B_K63A,B_V81L,B_E82V,B_Y83F,B_H85D,B_L86G,B_S90E,B_E94K,B_S96A,B_N162V,B_F192Y,D_V15A,D_Q19G,D_F23V,D_E26S,D_L41Q,D_L42Y,D_S43P,D_P53Q,D_K63R,D_N64D,D_V81I,D_E82A,D_Y83F,D_Y84F,D_H85N,D_E94G,D_S96C,D_N162A","1L0X:A, B, C, D::PMID=12015151",0.1058344841003418
"1l0x_B_K16H,B_Q19V,B_I21Y,B_F23N,B_E26H,B_L42F,B_S43T,B_P53K,B_K63G,B_V81N,B_E82A,B_H85E,B_L86H,B_S90T,B_E94Q,B_F192Y,D_K16A,D_Q19N,D_N20Q,D_I21V,D_Y22N,D_F23T,D_E26A,D_L41V,D_L42Y,D_S43Y,D_P53K,D_L62M,D_K63H,D_V81L,D_E82A,D_Y83F,D_H85E,D_E94A,D_S96A_A, C_B, D",-7.123495101928711,-7.61570110321045,"B_K16H,B_Q19V,B_I21Y,B_F23N,B_E26H,B_L42F,B_S43T,B_P53K,B_K63G,B_V81N,B_E82A,B_H85E,B_L86H,B_S90T,B_E94Q,B_F192Y,D_K16A,D_Q19N,D_N20Q,D_I21V,D_Y22N,D_F23T,D_E26A,D_L41V,D_L42Y,D_S43Y,D_P53K,D_L62M,D_K63H,D_V81L,D_E82A,D_Y83F,D_H85E,D_E94A,D_S96A","1L0X:A, B, C, D::PMID=12015151",0.49220600128173864
"1l0x_B_K16R,B_N17D,B_I21V,B_F23N,B_E26S,B_L42Y,B_P53K,B_K63A,B_V81L,B_E82P,B_Y83F,B_H85A,B_L86E,B_C87S,B_E94N,B_S96A,B_F192R,B_T193N,D_V15I,D_Q19A,D_F23N,D_E26N,D_L41V,D_L42Y,D_S43R,D_P53R,D_K63A,D_V81C,D_E82P,D_Y83F,D_H85D,D_S90L,D_E94G,D_S96V,D_F192T,D_T193S_A, C_B, D",-7.123495101928711,-7.144180107116699,"B_K16R,B_N17D,B_I21V,B_F23N,B_E26S,B_L42Y,B_P53K,B_K63A,B_V81L,B_E82P,B_Y83F,B_H85A,B_L86E,B_C87S,B_E94N,B_S96A,B_F192R,B_T193N,D_V15I,D_Q19A,D_F23N,D_E26N,D_L41V,D_L42Y,D_S43R,D_P53R,D_K63A,D_V81C,D_E82P,D_Y83F,D_H85D,D_S90L,D_E94G,D_S96V,D_F192T,D_T193S","1L0X:A, B, C, D::PMID=12015151",0.020685005187988104
"1l0x_B_K16S,B_N17D,B_F23T,B_E26S,B_L41K,B_L42Y,B_S43A,B_P53K,B_N54Y,B_K63G,B_V81I,B_E82A,B_Y83F,B_Y84F,B_H85Y,B_L86S,B_S90T,B_E94K,B_S96A,B_F192Y,D_V15I,D_K16T,D_Q19S,D_I21C,D_Y22W,D_F23T,D_E26S,D_L41V,D_L42Y,D_S43P,D_P53D,D_V81I,D_E82A,D_H85R,D_E94L,D_N162G,D_F192Y_A, C_B, D",-7.123495101928711,-8.082635879516602,"B_K16S,B_N17D,B_F23T,B_E26S,B_L41K,B_L42Y,B_S43A,B_P53K,B_N54Y,B_K63G,B_V81I,B_E82A,B_Y83F,B_Y84F,B_H85Y,B_L86S,B_S90T,B_E94K,B_S96A,B_F192Y,D_V15I,D_K16T,D_Q19S,D_I21C,D_Y22W,D_F23T,D_E26S,D_L41V,D_L42Y,D_S43P,D_P53D,D_V81I,D_E82A,D_H85R,D_E94L,D_N162G,D_F192Y","1L0X:A, B, C, D::PMID=12015151",0.9591407775878906
"1l0x_B_Q19E,B_F23S,B_E26H,B_L41F,B_L42N,B_S43A,B_P53A,B_K63S,B_N64M,B_E82A,B_Y84F,B_H85D,B_L86D,B_S90K,B_E94R,B_T161Q,B_F192Y,B_T193P,D_K16G,D_Q19S,D_Y22H,D_F23N,D_E26S,D_L41I,D_L42T,D_K63G,D_V81L,D_E82C,D_Y83F,D_H85T,D_E94K,D_S96A,D_F192Y_A, C_B, D",-7.123495101928711,-7.3462158203125,"B_Q19E,B_F23S,B_E26H,B_L41F,B_L42N,B_S43A,B_P53A,B_K63S,B_N64M,B_E82A,B_Y84F,B_H85D,B_L86D,B_S90K,B_E94R,B_T161Q,B_F192Y,B_T193P,D_K16G,D_Q19S,D_Y22H,D_F23N,D_E26S,D_L41I,D_L42T,D_K63G,D_V81L,D_E82C,D_Y83F,D_H85T,D_E94K,D_S96A,D_F192Y","1L0X:A, B, C, D::PMID=12015151",0.2227207183837887
"1l0x_B_V15I,B_K16S,B_L18A,B_Q19D,B_F23V,B_E26F,B_L41T,B_L42F,B_S43E,B_K63G,B_E82A,B_Y84F,B_H85E,B_L86S,B_S90G,B_E94S,B_S96R,B_F192S,D_K16E,D_N17T,D_Q19S,D_I21V,D_Y22W,D_F23Y,D_E26A,D_L41K,D_L42Y,D_S43P,D_G52Y,D_P53S,D_K63G,D_V81I,D_E82P,D_Y84F,D_H85S,D_E94K,D_S96V,D_T161C,D_F192Y_A, C_B, D",-7.123495101928711,-7.203804206848145,"B_V15I,B_K16S,B_L18A,B_Q19D,B_F23V,B_E26F,B_L41T,B_L42F,B_S43E,B_K63G,B_E82A,B_Y84F,B_H85E,B_L86S,B_S90G,B_E94S,B_S96R,B_F192S,D_K16E,D_N17T,D_Q19S,D_I21V,D_Y22W,D_F23Y,D_E26A,D_L41K,D_L42Y,D_S43P,D_G52Y,D_P53S,D_K63G,D_V81I,D_E82P,D_Y84F,D_H85S,D_E94K,D_S96V,D_T161C,D_F192Y","1L0X:A, B, C, D::PMID=12015151",0.08030910491943377
"1l0x_B_V15I,B_K16S,B_L18P,B_Q19N,B_I21V,B_F23N,B_E26H,B_L42Y,B_N54K,B_K63G,B_N64H,B_V81I,B_E82H,B_Y83F,B_H85A,B_L86D,B_E94T,B_S96A,D_V15C,D_Q19A,D_F23N,D_E26S,D_L41I,D_L42Y,D_P53S,D_K63G,D_N64T,D_V81I,D_E82N,D_Y83F,D_H85T,D_S90N,D_E94R,D_S96E,D_T161Q,D_N162Q_A, C_B, D",-7.123495101928711,-7.275554656982422,"B_V15I,B_K16S,B_L18P,B_Q19N,B_I21V,B_F23N,B_E26H,B_L42Y,B_N54K,B_K63G,B_N64H,B_V81I,B_E82H,B_Y83F,B_H85A,B_L86D,B_E94T,B_S96A,D_V15C,D_Q19A,D_F23N,D_E26S,D_L41I,D_L42Y,D_P53S,D_K63G,D_N64T,D_V81I,D_E82N,D_Y83F,D_H85T,D_S90N,D_E94R,D_S96E,D_T161Q,D_N162Q","1L0X:A, B, C, D::PMID=12015151",0.15205955505371094
"1r0r_E_D32H,E_S98T,E_N122H,E_G127D,E_G165M_I_E",-14.022334098815918,-13.908940315246582,"E_D32H,E_S98T,E_N122H,E_G127D,E_G165M","1R0R:E, I:I_R16E:PMID=11171964",-0.11339378356933594
"1r0r_E_D32T,E_K93F,E_L216C,E_S220P_I_E",-14.022334098815918,-11.977034759521484,"E_D32T,E_K93F,E_L216C,E_S220P","1R0R:E, I:I_R16E:PMID=11171964",-2.0452993392944343
"1r0r_E_G60R,E_S98D,E_S129G,E_V149W_I_E",-14.022334098815918,-14.004982185363769,"E_G60R,E_S98D,E_S129G,E_V149W","1R0R:E, I:I_R16E:PMID=11171964",-0.017351913452149148
"1r0r_E_G62T,E_H66N,E_K93R,E_N122H,E_L125Y,E_G165T_I_E",-14.022334098815918,-13.141446495056153,"E_G62T,E_H66N,E_K93R,E_N122H,E_L125Y,E_G165T","1R0R:E, I:I_R16E:PMID=11171964",-0.8808876037597653
"1r0r_E_G99D,E_S102D,E_A152N,E_G165W,E_S187N,E_S220A_I_E",-14.022334098815918,-13.33918113708496,"E_G99D,E_S102D,E_A152N,E_G165W,E_S187N,E_S220A","1R0R:E, I:I_R16E:PMID=11171964",-0.6831529617309577
"1r0r_E_H66F,E_M123I,E_P200A_I_E",-14.272205352783203,-13.61517105102539,"E_H66F,E_M123I,E_P200A","1R0R:E, I:I_E14V:PMID=11171964",-0.6570343017578129
"1r0r_E_H66V,E_V149C_I_E",-14.272205352783203,-13.789157295227051,"E_H66V,E_V149C","1R0R:E, I:I_E14V:PMID=11171964",-0.483048057556152
"1r0r_E_L125R,E_A128P,E_S129V_I_E",-14.022334098815918,-12.792346954345703,"E_L125R,E_A128P,E_S129V","1R0R:E, I:I_R16E:PMID=11171964",-1.2299871444702148
"1r0r_E_L31C,E_M123C,E_L125V_I_E",-14.272205352783203,-12.926499557495116,"E_L31C,E_M123C,E_L125V","1R0R:E, I:I_E14V:PMID=11171964",-1.3457057952880866
"1r0r_E_L31I,E_K93G,E_S124N,E_S155Q,E_S187M,E_T219H_I_E",-14.272205352783203,-13.13494873046875,"E_L31I,E_K93G,E_S124N,E_S155Q,E_S187M,E_T219H","1R0R:E, I:I_E14V:PMID=11171964",-1.1372566223144531
"1r0r_E_L31N,E_G60N,E_S97Q,E_N122I,E_M123P,E_T215G,E_S220M_I_E",-14.272205352783203,-12.934501838684081,"E_L31N,E_G60N,E_S97Q,E_N122I,E_M123P,E_T215G,E_S220M","1R0R:E, I:I_E14V:PMID=11171964",-1.3377035140991218
"1r0r_E_L95N,E_S97R,E_S98A,E_M123L,E_S155N,E_S187T,E_G218T,E_M221Y_I_E",-14.272205352783203,-12.841651153564452,"E_L95N,E_S97R,E_S98A,E_M123L,E_S155N,E_S187T,E_G218T,E_M221Y","1R0R:E, I:I_E14V:PMID=11171964",-1.4305541992187507
"1r0r_E_M123R,E_T219R_I_E",-14.272205352783203,-12.23983039855957,"E_M123R,E_T219R","1R0R:E, I:I_E14V:PMID=11171964",-2.0323749542236325
"1r0r_E_S102L,E_M123L,E_A128E,E_G153D,E_G165K_I_E",-14.022334098815918,-12.555778121948242,"E_S102L,E_M123L,E_A128E,E_G153D,E_G165K","1R0R:E, I:I_R16E:PMID=11171964",-1.4665559768676761
"1r0r_E_S97I,E_N154A,E_S187H_I_E",-14.272205352783203,-13.658879661560059,"E_S97I,E_N154A,E_S187H","1R0R:E, I:I_E14V:PMID=11171964",-0.6133256912231442
"1r0r_E_S98N,E_S100E,E_A128P,E_A152V,E_G201L,E_S220A_I_E",-14.022334098815918,-12.580499076843262,"E_S98N,E_S100E,E_A128P,E_A152V,E_G201L,E_S220A","1R0R:E, I:I_R16E:PMID=11171964",-1.441835021972656
"1xgp_A_I49A,A_Y51I,A_S92V,B_D27G,B_T30L,B_S31G,B_Y53M_C_A, B",-9.431387901306152,-7.852768898010254,"A_I49A,A_Y51I,A_S92V,B_D27G,B_T30L,B_S31G,B_Y53M","1XGP:A, B, C:B_A33L:PMID=15698573",-1.5786190032958984
"1xgp_A_K50F,A_Y51S,A_S94H,A_W95R,B_I51R,B_Y53S,B_S54N_C_A, B",-9.431387901306152,-9.579597663879394,"A_K50F,A_Y51S,A_S94H,A_W95R,B_I51R,B_Y53S,B_S54N","1XGP:A, B, C:B_A33L:PMID=15698573",0.14820976257324148
"1xgp_A_N32S,A_I49C,A_K50R,A_Y51L,A_S53C,B_D27G,B_V29I,B_S31F,B_Y50F,B_S54T_C_A, B",-9.431387901306152,-8.950518608093262,"A_N32S,A_I49C,A_K50R,A_Y51L,A_S53C,B_D27G,B_V29I,B_S31F,B_Y50F,B_S54T","1XGP:A, B, C:B_A33L:PMID=15698573",-0.4808692932128906
"1xgp_A_N32S,A_N93S,B_D27S,B_Y53Q,B_S54T,B_S97P_C_A, B",-9.431387901306152,-9.499522972106934,"A_N32S,A_N93S,B_D27S,B_Y53Q,B_S54T,B_S97P","1XGP:A, B, C:B_A33L:PMID=15698573",0.06813507080078196
"1xgp_A_S31N,A_N32G,A_K50V,B_T30S,B_Y53R,B_W98F_C_A, B",-9.431387901306152,-8.668421649932862,"A_S31N,A_N32G,A_K50V,B_T30S,B_Y53R,B_W98F","1XGP:A, B, C:B_A33L:PMID=15698573",-0.7629662513732907
"1xgp_A_S31V,B_D27S,B_G49M,B_I51M,B_Y53H,B_G55Q_C_A, B",-9.431387901306152,-9.432423400878907,"A_S31V,B_D27S,B_G49M,B_I51M,B_Y53H,B_G55Q","1XGP:A, B, C:B_A33L:PMID=15698573",0.0010354995727546168
"1xgp_A_S94R,B_S54T,B_W98R_C_A, B",-9.431387901306152,-7.957400226593018,"A_S94R,B_S54T,B_W98R","1XGP:A, B, C:B_A33L:PMID=15698573",-1.4739876747131344
"1xgp_B_D27G,B_T30S,B_S52G_C_A, B",-9.431387901306152,-9.254700851440429,"B_D27G,B_T30S,B_S52G","1XGP:A, B, C:B_A33L:PMID=15698573",-0.17668704986572337
"1xgu_A_I29R,A_S52P,B_T30S,B_S31K,B_G55N_C_A, B",-9.492731094360352,-10.730501937866212,"A_I29R,A_S52P,B_T30S,B_S31K,B_G55N","1XGU:A, B, C:B_F33I:PMID=15698573",1.23777084350586
"1xgu_A_K49I,B_Y50A_C_A, B",-9.492731094360352,-7.199184513092041,"A_K49I,B_Y50A","1XGU:A, B, C:B_F33I:PMID=15698573",-2.293546581268311
"1xgu_A_K49Y,A_Y50W,A_S67H,B_W98H_C_A, B",-9.492731094360352,-8.405807971954346,"A_K49Y,A_Y50W,A_S67H,B_W98H","1XGU:A, B, C:B_F33I:PMID=15698573",-1.0869231224060059
"1xgu_A_N31A,A_S91Y,A_S93H,A_W94F,B_G55E_C_A, B",-9.492731094360352,-9.743663787841797,"A_N31A,A_S91Y,A_S93H,A_W94F,B_G55E","1XGU:A, B, C:B_F33I:PMID=15698573",0.2509326934814453
"1xgu_A_W94F,B_V29I,B_S97T_C_A, B",-9.492731094360352,-10.970627593994141,"A_W94F,B_V29I,B_S97T","1XGU:A, B, C:B_F33I:PMID=15698573",1.4778964996337898
"1xgu_A_W94F,B_Y53S_C_A, B",-9.492731094360352,-10.04416446685791,"A_W94F,B_Y53S","1XGU:A, B, C:B_F33I:PMID=15698573",0.5514333724975593
"1xgu_B_G49S,B_G55S_C_A, B",-9.492731094360352,-10.969877243041992,"B_G49S,B_G55S","1XGU:A, B, C:B_F33I:PMID=15698573",1.4771461486816406
"1xgu_B_T30K_C_A, B",-9.492731094360352,-10.83220157623291,B_T30K,"1XGU:A, B, C:B_F33I:PMID=15698573",1.3394704818725582
1xqh__A_B,-9.138541221618652,-9.142746734619141,,"1XQH:A, B::PMID=15525938",0.004205513000488992
"2ny6_C_N2092A,C_W2094T,D_A3104S,D_D3105S,D_E3106V,D_Y3109W,D_D3110H,D_V3228N_A_C, D",-10.548900604248047,-8.558143424987794,"C_N2092A,C_W2094T,D_A3104S,D_D3105S,D_E3106V,D_Y3109W,D_D3110H,D_V3228N","2NY6:A, C, D::PMID=17301785",-1.9907571792602532
"2ny6_C_N2092Q,C_W2094T,D_V3057T,D_G3102I,D_G3107S,D_Y3109W,D_D3110N_A_C, D",-10.548900604248047,-8.708301067352295,"C_N2092Q,C_W2094T,D_V3057T,D_G3102I,D_G3107S,D_Y3109W,D_D3110N","2NY6:A, C, D::PMID=17301785",-1.840599536895752
"2ny6_C_N2092R,C_W2094V,D_E3103V,D_E3106H,D_Y3109W_A_C, D",-10.548900604248047,-8.070394325256348,"C_N2092R,C_W2094V,D_E3103V,D_E3106H,D_Y3109W","2NY6:A, C, D::PMID=17301785",-2.4785062789916985
"2ny6_C_N2092W,C_W2094H,D_L3055C,D_A3058K,D_A3104V,D_Y3109I,D_D3110N_A_C, D",-10.548900604248047,-8.364903163909911,"C_N2092W,C_W2094H,D_L3055C,D_A3058K,D_A3104V,D_Y3109I,D_D3110N","2NY6:A, C, D::PMID=17301785",-2.1839974403381355
"2ny6_C_N2092Y,D_D3056G,D_E3103V,D_E3106W,D_D3110G_A_C, D",-10.548900604248047,-9.54145622253418,"C_N2092Y,D_D3056G,D_E3103V,D_E3106W,D_D3110G","2NY6:A, C, D::PMID=17301785",-1.0074443817138672
"2ny6_C_N2092Y,D_D3110E_A_C, D",-10.548900604248047,-9.30383243560791,"C_N2092Y,D_D3110E","2NY6:A, C, D::PMID=17301785",-1.2450681686401364
"2ny6_C_N2093S,C_W2094S,D_V3057L,D_E3103Y,D_A3104T,D_D3110P_A_C, D",-10.548900604248047,-9.195955848693847,"C_N2093S,C_W2094S,D_V3057L,D_E3103Y,D_A3104T,D_D3110P","2NY6:A, C, D::PMID=17301785",-1.3529447555541996
"2ny6_D_E3103R,D_Y3109W_A_C, D",-10.548900604248047,-8.456526756286621,"D_E3103R,D_Y3109W","2NY6:A, C, D::PMID=17301785",-2.092373847961426
"2o3b_A_D62N,A_F64Y,A_R65K,A_T78K,A_Y82F,A_A88D,A_R89K,A_S95A,A_Q117S,A_G127N,A_E130H_B_A",-9.777684211730957,-9.65342149734497,"A_D62N,A_F64Y,A_R65K,A_T78K,A_Y82F,A_A88D,A_R89K,A_S95A,A_Q117S,A_G127N,A_E130H","2O3B:A, B:B_D75N:PMID=17138564",-0.12426271438598668
"2o3b_A_E59T,A_R60M,A_D62G,A_F64Y,A_M81L,A_G86N,A_A88V,A_R89K,A_S95T,A_Q117M,A_N121L,A_N122A,A_R123E,A_T125C,A_E130I_B_A",-9.777684211730957,-9.483662128448486,"A_E59T,A_R60M,A_D62G,A_F64Y,A_M81L,A_G86N,A_A88V,A_R89K,A_S95T,A_Q117M,A_N121L,A_N122A,A_R123E,A_T125C,A_E130I","2O3B:A, B:B_D75N:PMID=17138564",-0.2940220832824707
"2o3b_A_R60F,A_D62G,A_N63D,A_F64Y,A_M81G,A_S95A,A_P116D,A_Q117M,A_N121V,A_N122L,A_R123K,A_L129F,A_E130N_B_A",-9.777684211730957,-9.815650749206544,"A_R60F,A_D62G,A_N63D,A_F64Y,A_M81G,A_S95A,A_P116D,A_Q117M,A_N121V,A_N122L,A_R123K,A_L129F,A_E130N","2O3B:A, B:B_D75N:PMID=17138564",0.03796653747558665
"2o3b_A_R60K,A_D62N,A_F64Y,A_P94R,A_Q117M,A_N121V,A_N122R,A_E130W_B_A",-9.777684211730957,-9.677230167388917,"A_R60K,A_D62N,A_F64Y,A_P94R,A_Q117M,A_N121V,A_N122R,A_E130W","2O3B:A, B:B_D75N:PMID=17138564",-0.1004540443420403
"2o3b_A_R60P,A_D62S,A_N63L,A_F64E,A_V77I,A_P79S,A_A88M,A_Q117M,A_N121V,A_N122K,A_R123I,A_G127H,A_E130F_B_A",-9.777684211730957,-9.703099250793457,"A_R60P,A_D62S,A_N63L,A_F64E,A_V77I,A_P79S,A_A88M,A_Q117M,A_N121V,A_N122K,A_R123I,A_G127H,A_E130F","2O3B:A, B:B_D75N:PMID=17138564",-0.0745849609375
"2o3b_A_R60P,A_D62Y,A_F64Y,A_A88G,A_R89M,A_P94H,A_Q117M,A_N121V,A_N122G,A_T125A,A_G127I_B_A",-9.777684211730957,-9.791498947143555,"A_R60P,A_D62Y,A_F64Y,A_A88G,A_R89M,A_P94H,A_Q117M,A_N121V,A_N122G,A_T125A,A_G127I","2O3B:A, B:B_D75N:PMID=17138564",0.013814735412598367
"2o3b_A_R60T,A_D62R,A_N63E,A_F64Y,A_V77I,A_Y82F,A_S83A,A_S85A,A_G86T,A_A88V,A_P94D,A_Q117W,A_N121L,A_N122S,A_R123E,A_T125Q,A_W126R,A_L129R,A_E130D_B_A",-9.777684211730957,-9.741642284393311,"A_R60T,A_D62R,A_N63E,A_F64Y,A_V77I,A_Y82F,A_S83A,A_S85A,A_G86T,A_A88V,A_P94D,A_Q117W,A_N121L,A_N122S,A_R123E,A_T125Q,A_W126R,A_L129R,A_E130D","2O3B:A, B:B_D75N:PMID=17138564",-0.036041927337645774
"2o3b_A_R60W,A_D62G,A_N63P,A_F64Y,A_Y82E,A_Y87F,A_A93C,A_P94R,A_Q117M,A_N121V,A_N122F,A_R123I_B_A",-9.777684211730957,-10.719466495513917,"A_R60W,A_D62G,A_N63P,A_F64Y,A_Y82E,A_Y87F,A_A93C,A_P94R,A_Q117M,A_N121V,A_N122F,A_R123I","2O3B:A, B:B_D75N:PMID=17138564",0.9417822837829597
"2pye_A_E58W,A_Y59M,A_D61I,A_G62A,A_H70M,A_Q72E,A_K146H,A_A153H_D, E_A, B, C",-6.124384880065918,-6.97716121673584,"A_E58W,A_Y59M,A_D61I,A_G62A,A_H70M,A_Q72E,A_K146H,A_A153H","2PYE:A, B, C, D, E:D_D98G, D_L96T, D_L97S, D_T100S, E_L95V, E_T53I:PMID=17644531",0.8527763366699217
"2pye_A_G18H,A_A69D,A_S71R,A_H145Q_D, E_A, B, C",-6.124384880065918,-6.348444938659668,"A_G18H,A_A69D,A_S71R,A_H145Q","2PYE:A, B, C, D, E:D_D98G, D_L96T, D_L97S, D_T100S, E_L95V, E_T53I:PMID=17644531",0.22406005859375
"2pye_A_H70G,A_S71M,A_A150Y,A_G162Q_D, E_A, B, C",-6.124384880065918,-6.725044631958008,"A_H70G,A_S71M,A_A150Y,A_G162Q","2PYE:A, B, C, D, E:D_D98G, D_L96T, D_L97S, D_T100S, E_L95V, E_T53I:PMID=17644531",0.6006597518920902
"2pye_A_S42P,A_G62A,A_K66N,A_S71R,A_K146R,A_A158D_D, E_A, B, C",-6.124384880065918,-7.091059398651123,"A_S42P,A_G62A,A_K66N,A_S71R,A_K146R,A_A158D","2PYE:A, B, C, D, E:D_D98G, D_L96T, D_L97S, D_T100S, E_L95V, E_T53I:PMID=17644531",0.9666745185852053
"2pye_A_S42Q,A_V67D,A_A69Q,A_S71D_D, E_A, B, C",-6.124384880065918,-6.647532939910889,"A_S42Q,A_V67D,A_A69Q,A_S71D","2PYE:A, B, C, D, E:D_D98G, D_L96T, D_L97S, D_T100S, E_L95V, E_T53I:PMID=17644531",0.5231480598449707
"2pye_A_S42T,A_D61R,A_G62R,A_K66E,A_K68D,A_A69S,A_S71A,A_H74N,A_W147Y,A_G162E_D, E_A, B, C",-6.124384880065918,-7.1338379859924315,"A_S42T,A_D61R,A_G62R,A_K66E,A_K68D,A_A69S,A_S71A,A_H74N,A_W147Y,A_G162E","2PYE:A, B, C, D, E:D_D98G, D_L96T, D_L97S, D_T100S, E_L95V, E_T53I:PMID=17644531",1.0094531059265135
"2pye_A_S42T,A_G62S,A_K68Q,A_S71A,A_A149S_D, E_A, B, C",-6.124384880065918,-7.8998703956604,"A_S42T,A_G62S,A_K68Q,A_S71A,A_A149S","2PYE:A, B, C, D, E:D_D98G, D_L96T, D_L97S, D_T100S, E_L95V, E_T53I:PMID=17644531",1.7754855155944824
"2pye_A_S71V,A_H145E,A_E148D_D, E_A, B, C",-6.124384880065918,-8.92866268157959,"A_S71V,A_H145E,A_E148D","2PYE:A, B, C, D, E:D_D98G, D_L96T, D_L97S, D_T100S, E_L95V, E_T53I:PMID=17644531",2.8042778015136722
"2qj9_A_K1P,A_L41S,A_A42S,A_S47T,A_I52V,A_S59R,A_V60K,B_D11K,B_V15L,B_L81T,B_D82R_C_A, B",-11.335994720458984,-9.523185539245606,"A_K1P,A_L41S,A_A42S,A_S47T,A_I52V,A_S59R,A_V60K,B_D11K,B_V15L,B_L81T,B_D82R","2QJ9:A, B, C:C_A30T, C_A43T, C_D15E, C_G11H, C_I31M, C_K48G, C_M47L, C_Y49L:PMID=18160401",-1.8128091812133782
"2qj9_A_K1P,A_S2E,A_A42P,A_D43H,A_L45M,A_N46H,A_S47P,A_N49T,A_N58H,A_S59H,A_V60H,A_N61Y,B_D11N,B_S13T,B_V15L,B_W17Y,B_L81Y,B_D82E,B_N91D_C_A, B",-11.335994720458984,-10.2358154296875,"A_K1P,A_S2E,A_A42P,A_D43H,A_L45M,A_N46H,A_S47P,A_N49T,A_N58H,A_S59H,A_V60H,A_N61Y,B_D11N,B_S13T,B_V15L,B_W17Y,B_L81Y,B_D82E,B_N91D","2QJ9:A, B, C:C_A30T, C_A43T, C_D15E, C_G11H, C_I31M, C_K48G, C_M47L, C_Y49L:PMID=18160401",-1.100179290771484
"2qj9_A_K1P,A_S2E,A_A42P,A_N46H,A_H50W,A_I52V,A_L56I,A_N58H,A_S59P,A_V60H,B_D11N,B_S13D,B_V15L,B_W17Y,B_L81K,B_D82T_C_A, B",-11.335994720458984,-9.756103706359863,"A_K1P,A_S2E,A_A42P,A_N46H,A_H50W,A_I52V,A_L56I,A_N58H,A_S59P,A_V60H,B_D11N,B_S13D,B_V15L,B_W17Y,B_L81K,B_D82T","2QJ9:A, B, C:C_A30T, C_A43T, C_D15E, C_G11H, C_I31M, C_K48G, C_M47L, C_Y49L:PMID=18160401",-1.5798910140991218
"2qj9_A_K1P,A_S2E,A_A42T,A_S47P,A_Q54R,A_T55W,A_L56I,A_N58T,A_S59F,A_V60T,A_N61D,B_S13C,B_V15L,B_W17Y,B_L81R,B_N91R,B_D94E_C_A, B",-11.335994720458984,-10.904825210571289,"A_K1P,A_S2E,A_A42T,A_S47P,A_Q54R,A_T55W,A_L56I,A_N58T,A_S59F,A_V60T,A_N61D,B_S13C,B_V15L,B_W17Y,B_L81R,B_N91R,B_D94E","2QJ9:A, B, C:C_A30T, C_A43T, C_D15E, C_G11H, C_I31M, C_K48G, C_M47L, C_Y49L:PMID=18160401",-0.4311695098876953
"2qj9_A_K1P,A_S2H,A_A42P,A_N46H,A_T48N,A_H50Y,A_L56I,A_S59N,A_V60R,B_D11M,B_F12W,B_S13I,B_V15I,B_W17Y,B_L81I,B_Y92M_C_A, B",-11.335994720458984,-10.551574897766113,"A_K1P,A_S2H,A_A42P,A_N46H,A_T48N,A_H50Y,A_L56I,A_S59N,A_V60R,B_D11M,B_F12W,B_S13I,B_V15I,B_W17Y,B_L81I,B_Y92M","2QJ9:A, B, C:C_A30T, C_A43T, C_D15E, C_G11H, C_I31M, C_K48G, C_M47L, C_Y49L:PMID=18160401",-0.7844198226928718
"2qj9_A_K1P,A_S2H,A_N46H,A_T48Q,A_Q54E,A_L56I,A_S59R,A_V60L,A_N61H,B_S13A,B_W17Y,B_L81Y,B_D82T,B_N91I_C_A, B",-11.335994720458984,-10.509623718261718,"A_K1P,A_S2H,A_N46H,A_T48Q,A_Q54E,A_L56I,A_S59R,A_V60L,A_N61H,B_S13A,B_W17Y,B_L81Y,B_D82T,B_N91I","2QJ9:A, B, C:C_A30T, C_A43T, C_D15E, C_G11H, C_I31M, C_K48G, C_M47L, C_Y49L:PMID=18160401",-0.8263710021972663
"2qj9_A_K1P,A_S2T,A_P40N,A_A42P,A_D43R,A_S47K,A_A51S,A_V57W,A_S59R,A_V60D,A_N61D,B_D11N,B_S13N,B_V15W,B_W17Y,B_N91T_C_A, B",-11.335994720458984,-10.150969696044921,"A_K1P,A_S2T,A_P40N,A_A42P,A_D43R,A_S47K,A_A51S,A_V57W,A_S59R,A_V60D,A_N61D,B_D11N,B_S13N,B_V15W,B_W17Y,B_N91T","2QJ9:A, B, C:C_A30T, C_A43T, C_D15E, C_G11H, C_I31M, C_K48G, C_M47L, C_Y49L:PMID=18160401",-1.1850250244140632
"2qj9_A_K1S,A_S2E,A_P38G,A_A42P,A_H44W,A_N46S,A_Q54R,A_S59N,B_V15L,B_W17Y_C_A, B",-11.335994720458984,-10.196719741821289,"A_K1S,A_S2E,A_P38G,A_A42P,A_H44W,A_N46S,A_Q54R,A_S59N,B_V15L,B_W17Y","2QJ9:A, B, C:C_A30T, C_A43T, C_D15E, C_G11H, C_I31M, C_K48G, C_M47L, C_Y49L:PMID=18160401",-1.1392749786376957
"2ypv_H_D31A,H_Y32F,H_N33A,H_M34V,H_Y55T,H_T57D,H_I58M,H_N59Y,H_D99Y,H_Y101E_A_H, L",-14.35500717163086,-10.772030258178711,"H_D31A,H_Y32F,H_N33A,H_M34V,H_Y55T,H_T57D,H_I58M,H_N59Y,H_D99Y,H_Y101E","2YPV:A, H, L::PMID=23396847",-3.582976913452148
"2ypv_H_D31E,H_N33L,H_M34I,H_I50V,H_Y55T,H_T57S,H_I58V,H_N59F,H_R98A,H_Y100Q,H_Y101H,H_S103D,L_I29L,L_N31S,L_E93S_A_H, L",-14.35500717163086,-10.851138496398926,"H_D31E,H_N33L,H_M34I,H_I50V,H_Y55T,H_T57S,H_I58V,H_N59F,H_R98A,H_Y100Q,H_Y101H,H_S103D,L_I29L,L_N31S,L_E93S","2YPV:A, H, L::PMID=23396847",-3.5038686752319332
"2ypv_H_D31F,H_N33L,H_M34V,H_Y55T,H_G56N,H_I58V,H_N59S,H_D99E,H_Y100D,H_Y101E,H_S103M,H_K218N_A_H, L",-14.35500717163086,-11.55798511505127,"H_D31F,H_N33L,H_M34V,H_Y55T,H_G56N,H_I58V,H_N59S,H_D99E,H_Y100D,H_Y101E,H_S103M,H_K218N","2YPV:A, H, L::PMID=23396847",-2.797022056579589
"2ypv_H_F29L,H_S30V,H_N33Y,H_M34I,H_I50N,H_Y55T,H_G56V,H_T57K,H_I58T,H_N59K,H_Y100R,H_S103T,H_K218D,L_Q27M,L_N31F_A_H, L",-14.35500717163086,-11.75814380645752,"H_F29L,H_S30V,H_N33Y,H_M34I,H_I50N,H_Y55T,H_G56V,H_T57K,H_I58T,H_N59K,H_Y100R,H_S103T,H_K218D,L_Q27M,L_N31F","2YPV:A, H, L::PMID=23396847",-2.5968633651733395
"2ypv_H_S30G,H_Y32N,H_N33R,H_M34I,H_I50V,H_Y55T,H_T57K,H_I58V,H_N59Q,H_D99A,H_Y100R,H_Y101H,H_S103D,H_K218E,L_Q27E,L_I29V,L_E93T,L_F94E_A_H, L",-14.35500717163086,-10.342843055725098,"H_S30G,H_Y32N,H_N33R,H_M34I,H_I50V,H_Y55T,H_T57K,H_I58V,H_N59Q,H_D99A,H_Y100R,H_Y101H,H_S103D,H_K218E,L_Q27E,L_I29V,L_E93T,L_F94E","2YPV:A, H, L::PMID=23396847",-4.012164115905762
"2ypv_H_S30I,H_M34V,H_I48P,H_I51Q,H_Y55T,H_T57E,H_I58V,H_N59H,H_R98M,H_Y100W,H_S103D,H_S104F,L_Q27E,L_N31T,L_G66N,L_E93R,L_F94W_A_H, L",-14.35500717163086,-10.860793495178223,"H_S30I,H_M34V,H_I48P,H_I51Q,H_Y55T,H_T57E,H_I58V,H_N59H,H_R98M,H_Y100W,H_S103D,H_S104F,L_Q27E,L_N31T,L_G66N,L_E93R,L_F94W","2YPV:A, H, L::PMID=23396847",-3.4942136764526364
"2ypv_H_S30T,H_Y32S,H_N33Y,H_M34I,H_Y55T,H_T57D,H_I58T,H_N59Y,H_Y100W,H_S103N,L_Q27P,L_N31E,L_D92S,L_F94W_A_H, L",-14.35500717163086,-11.03951644897461,"H_S30T,H_Y32S,H_N33Y,H_M34I,H_Y55T,H_T57D,H_I58T,H_N59Y,H_Y100W,H_S103N,L_Q27P,L_N31E,L_D92S,L_F94W","2YPV:A, H, L::PMID=23396847",-3.31549072265625
"2ypv_H_Y32R,H_N33L,H_M34V,H_Y55T,H_T57E,H_I58K,H_N59Y,H_Y101I,H_S103E,H_S104G,L_N31L,L_E93T_A_H, L",-14.35500717163086,-10.824683380126952,"H_Y32R,H_N33L,H_M34V,H_Y55T,H_T57E,H_I58K,H_N59Y,H_Y101I,H_S103E,H_S104G,L_N31L,L_E93T","2YPV:A, H, L::PMID=23396847",-3.530323791503907
"3eqy_A_D43S,A_A44E,A_A45M,A_A46K,A_H48A,A_M49S,A_V68L,A_K69L,A_D70P,A_L78W_C_A",-9.78646183013916,-9.540756797790527,"A_D43S,A_A44E,A_A45M,A_A46K,A_H48A,A_M49S,A_V68L,A_K69L,A_D70P,A_L78W","3EQY:A, C:C_E5A:PMID=20226197",-0.24570503234863317
"3eqy_A_Q40N,A_A44S,A_A45N,A_A46N,A_H48S,A_K69S,A_D70S_C_A",-9.78646183013916,-10.154684448242188,"A_Q40N,A_A44S,A_A45N,A_A46N,A_H48S,A_K69S,A_D70S","3EQY:A, C:C_E5A:PMID=20226197",0.3682226181030277
"3eqy_A_V25K,A_A44S,A_A45R,A_A46S,A_H48S,A_M49N,A_F66Y,A_V68I,A_K69A,A_D70R_C_A",-9.78646183013916,-9.763426589965821,"A_V25K,A_A44S,A_A45R,A_A46S,A_H48S,A_M49N,A_F66Y,A_V68I,A_K69A,A_D70R","3EQY:A, C:C_E5A:PMID=20226197",-0.023035240173339133
"3eqy_A_V25K,A_M29L,A_Q40E,A_A44Q,A_A45N,A_A46T,A_M49Q,A_F66D,A_K69M,A_D70Q,A_P73S_C_A",-9.78646183013916,-9.161572456359863,"A_V25K,A_M29L,A_Q40E,A_A44Q,A_A45N,A_A46T,A_M49Q,A_F66D,A_K69M,A_D70Q,A_P73S","3EQY:A, C:C_E5A:PMID=20226197",-0.6248893737792969
"3eqy_A_V25K,A_Q40D,A_Y42D,A_A44S,A_A46L,A_Q47D,A_H48Y,A_M49L,A_S67I,A_K69L,A_P73S,A_Y75N,A_M77L_C_A",-9.78646183013916,-9.333445358276368,"A_V25K,A_Q40D,A_Y42D,A_A44S,A_A46L,A_Q47D,A_H48Y,A_M49L,A_S67I,A_K69L,A_P73S,A_Y75N,A_M77L","3EQY:A, C:C_E5A:PMID=20226197",-0.45301647186279226
"3eqy_A_V25M,A_A44P,A_A45D,A_A46K,A_H48Q,A_K69L,A_L74I_C_A",-9.78646183013916,-9.830386734008789,"A_V25M,A_A44P,A_A45D,A_A46K,A_H48Q,A_K69L,A_L74I","3EQY:A, C:C_E5A:PMID=20226197",0.04392490386962855
"3eqy_A_V25P,A_M29L,A_L32S,A_A44P,A_A45K,A_A46R,A_H48Y,A_M49R,A_D70S,A_L78F_C_A",-9.78646183013916,-8.441205024719238,"A_V25P,A_M29L,A_L32S,A_A44P,A_A45K,A_A46R,A_H48Y,A_M49R,A_D70S,A_L78F","3EQY:A, C:C_E5A:PMID=20226197",-1.3452568054199219
"3eqy_A_Y31H,A_Q40N,A_D43N,A_A44S,A_A45N,A_A46R,A_M49T,A_S67C,A_K69T,A_D70S_C_A",-9.78646183013916,-9.92755069732666,"A_Y31H,A_Q40N,A_D43N,A_A44S,A_A45N,A_A46R,A_M49T,A_S67C,A_K69T,A_D70S","3EQY:A, C:C_E5A:PMID=20226197",0.14108886718750036
"3g6d_A_P5E,A_L10E,A_L13V,A_I14V,A_L17N,A_V18R,A_N19R,A_I20E,A_T21V,A_Q22E,A_N23G,A_Q24R,A_A26E,A_A93R,A_V96I,A_K104R,A_K105R,A_L106K,A_F107Y,A_R108K,A_E109G_H, L_A",-14.765663146972656,-11.676552200317383,"A_P5E,A_L10E,A_L13V,A_I14V,A_L17N,A_V18R,A_N19R,A_I20E,A_T21V,A_Q22E,A_N23G,A_Q24R,A_A26E,A_A93R,A_V96I,A_K104R,A_K105R,A_L106K,A_F107Y,A_R108K,A_E109G","3G6D:A, H, L::PMID=19361524",-3.089110946655273
"3g6d_A_V4A,A_P5A,A_L10E,A_V18D,A_I20L,A_T21C,A_N23T,A_K25D,A_A26N,A_V92T,A_A93S,A_V96A,A_K104M,A_K105N,A_L106R,A_F107Y,A_R108I_H, L_A",-14.765663146972656,-12.196952629089356,"A_V4A,A_P5A,A_L10E,A_V18D,A_I20L,A_T21C,A_N23T,A_K25D,A_A26N,A_V92T,A_A93S,A_V96A,A_K104M,A_K105N,A_L106R,A_F107Y,A_R108I","3G6D:A, H, L::PMID=19361524",-2.5687105178833
"3g6d_A_V4E,A_L10E,A_V18Y,A_N19V,A_I20K,A_T21N,A_N23D,A_Q24A,A_A26Q,A_V92L,A_A93K,A_V96I,A_L100A,A_K104R,A_K105R,A_L106K,A_F107Y,A_R108V,A_E109G_H, L_A",-14.765663146972656,-12.164583778381347,"A_V4E,A_L10E,A_V18Y,A_N19V,A_I20K,A_T21N,A_N23D,A_Q24A,A_A26Q,A_V92L,A_A93K,A_V96I,A_L100A,A_K104R,A_K105R,A_L106K,A_F107Y,A_R108V,A_E109G","3G6D:A, H, L::PMID=19361524",-2.601079368591309
"3g6d_A_V4H,A_L10E,A_I14Y,A_V18R,A_N19A,A_I20R,A_T21C,A_N23Q,A_Q24N,A_K25T,A_A26S,A_V92L,A_A93S,A_V96I,A_K104S,A_K105N,A_L106K,A_F107I,A_E109Y_H, L_A",-14.765663146972656,-12.098399925231934,"A_V4H,A_L10E,A_I14Y,A_V18R,A_N19A,A_I20R,A_T21C,A_N23Q,A_Q24N,A_K25T,A_A26S,A_V92L,A_A93S,A_V96I,A_K104S,A_K105N,A_L106K,A_F107I,A_E109Y","3G6D:A, H, L::PMID=19361524",-2.667263221740722
"3g6d_A_V4I,A_L10E,A_L13W,A_V18R,A_N19R,A_I20K,A_T21C,A_Q24S,A_K25P,A_A26V,A_A93G,A_V96Q,A_K104R,A_K105N,A_L106K,A_F107Y,A_R108K,A_E109C_H, L_A",-14.765663146972656,-12.134436416625977,"A_V4I,A_L10E,A_L13W,A_V18R,A_N19R,A_I20K,A_T21C,A_Q24S,A_K25P,A_A26V,A_A93G,A_V96Q,A_K104R,A_K105N,A_L106K,A_F107Y,A_R108K,A_E109C","3G6D:A, H, L::PMID=19361524",-2.631226730346679
"3g6d_A_V4L,A_L10E,A_I14M,A_V18Q,A_N19R,A_T21V,A_N23T,A_Q24E,A_K25E,A_A26K,A_A93R,A_K104R,A_K105L,A_F107Y,A_E109S_H, L_A",-14.765663146972656,-12.442370414733887,"A_V4L,A_L10E,A_I14M,A_V18Q,A_N19R,A_T21V,A_N23T,A_Q24E,A_K25E,A_A26K,A_A93R,A_K104R,A_K105L,A_F107Y,A_E109S","3G6D:A, H, L::PMID=19361524",-2.3232927322387695
"3g6d_A_V4Q,A_L10E,A_V18R,A_N19E,A_I20V,A_T21V,A_Q22E,A_N23V,A_Q24K,A_K25S,A_A26E,A_V92T,A_A93R,A_V96I,A_K104R,A_K105H,A_L106K,A_F107Y,A_R108V,A_E109T_H, L_A",-14.765663146972656,-11.957538414001466,"A_V4Q,A_L10E,A_V18R,A_N19E,A_I20V,A_T21V,A_Q22E,A_N23V,A_Q24K,A_K25S,A_A26E,A_V92T,A_A93R,A_V96I,A_K104R,A_K105H,A_L106K,A_F107Y,A_R108V,A_E109T","3G6D:A, H, L::PMID=19361524",-2.8081247329711907
"3g6d_A_V4T,A_L10E,A_V18R,A_N19R,A_T21C,A_Q22E,A_N23V,A_Q24E,A_A26K,A_A93S,A_K104R,A_K105R,A_L106K,A_F107Y,A_R108D,A_E109A_H, L_A",-14.765663146972656,-11.800805854797364,"A_V4T,A_L10E,A_V18R,A_N19R,A_T21C,A_Q22E,A_N23V,A_Q24E,A_A26K,A_A93S,A_K104R,A_K105R,A_L106K,A_F107Y,A_R108D,A_E109A","3G6D:A, H, L::PMID=19361524",-2.9648572921752923
"3knb_B_C15K,B_R18I,B_F19Y,B_R21K,B_E48S,B_A81S,B_V83D,B_R87H,B_R89T,B_A91Q,B_A92N,B_E94A,B_A100E_A_B",-8.221684455871582,-7.725310611724853,"B_C15K,B_R18I,B_F19Y,B_R21K,B_E48S,B_A81S,B_V83D,B_R87H,B_R89T,B_A91Q,B_A92N,B_E94A,B_A100E","3KNB:A, B::PMID=20489725",-0.4963738441467287
"3knb_B_P13A,B_C15S,B_R18E,B_F19Y,B_E48S,B_A81S,B_V85R,B_R87T,B_A91G,B_A92N,B_A97S,B_A100Q_A_B",-8.221684455871582,-7.306287384033203,"B_P13A,B_C15S,B_R18E,B_F19Y,B_E48S,B_A81S,B_V85R,B_R87T,B_A91G,B_A92N,B_A97S,B_A100Q","3KNB:A, B::PMID=20489725",-0.9153970718383793
"3knb_B_P13A,B_C15S,B_R18T,B_F19Y,B_R21Y,B_E48S,B_A81E,B_V83T,B_V85T,B_R87T,B_R89T,B_A91S,B_A92M,B_E94N,B_A100T_A_B",-8.221684455871582,-8.134367561340332,"B_P13A,B_C15S,B_R18T,B_F19Y,B_R21Y,B_E48S,B_A81E,B_V83T,B_V85T,B_R87T,B_R89T,B_A91S,B_A92M,B_E94N,B_A100T","3KNB:A, B::PMID=20489725",-0.08731689453125036
"3knb_B_P13A,B_C15V,B_F19Y,B_R21S,B_E48S,B_V83D,B_R89A,B_A91S,B_A92H,B_E94A,B_A100K_A_B",-8.221684455871582,-7.69415512084961,"B_P13A,B_C15V,B_F19Y,B_R21S,B_E48S,B_V83D,B_R89A,B_A91S,B_A92H,B_E94A,B_A100K","3KNB:A, B::PMID=20489725",-0.5275293350219723
"3knb_B_S12H,B_P13L,B_C15F,B_R18P,B_F19Y,B_E48S,B_V83D,B_R87Y,B_R89S,B_A91V,B_A92D,B_G93Q,B_E94V,B_A100H_A_B",-8.221684455871582,-8.39162769317627,"B_S12H,B_P13L,B_C15F,B_R18P,B_F19Y,B_E48S,B_V83D,B_R87Y,B_R89S,B_A91V,B_A92D,B_G93Q,B_E94V,B_A100H","3KNB:A, B::PMID=20489725",0.16994323730468786
"3knb_B_S12K,B_P13F,B_C15S,B_R18V,B_F19V,B_R21Q,B_E48S,B_K49R,B_A81S,B_V83A,B_R87A,B_R89E,B_A91D,B_A92N,B_E94A,B_A95K,B_A97I,B_A100Q_A_B",-8.221684455871582,-7.0366089820861815,"B_S12K,B_P13F,B_C15S,B_R18V,B_F19V,B_R21Q,B_E48S,B_K49R,B_A81S,B_V83A,B_R87A,B_R89E,B_A91D,B_A92N,B_E94A,B_A95K,B_A97I,B_A100Q","3KNB:A, B::PMID=20489725",-1.1850754737854006
"3knb_B_S12N,B_P13H,B_C15S,B_R18L,B_F19Y,B_E48S,B_A81K,B_V83E,B_R87T,B_R89H,B_A91K,B_E94A,B_A100R_A_B",-8.221684455871582,-7.568767833709717,"B_S12N,B_P13H,B_C15S,B_R18L,B_F19Y,B_E48S,B_A81K,B_V83E,B_R87T,B_R89H,B_A91K,B_E94A,B_A100R","3KNB:A, B::PMID=20489725",-0.6529166221618654
"3knb_B_S12R,B_P13A,B_C15R,B_R18V,B_F19Y,B_R21Q,B_E48S,B_V85T,B_C86A,B_R87A,B_R89N,B_A91Q,B_A92N,B_E94A,B_A97S,B_A100Y_A_B",-8.221684455871582,-7.040320205688476,"B_S12R,B_P13A,B_C15R,B_R18V,B_F19Y,B_R21Q,B_E48S,B_V85T,B_C86A,B_R87A,B_R89N,B_A91Q,B_A92N,B_E94A,B_A97S,B_A100Y","3KNB:A, B::PMID=20489725",-1.1813642501831056
"3q3j_A_E60K,A_W61L,A_R62K,A_Q63S,A_R65D,A_I66K,A_R68Q,A_V69L,A_V70S,A_E74Y,A_D75N,A_I76S,A_T78Q,A_L83M,A_M87E,A_H88T,A_Q90K_B_A",-6.820855617523193,-7.322255039215088,"A_E60K,A_W61L,A_R62K,A_Q63S,A_R65D,A_I66K,A_R68Q,A_V69L,A_V70S,A_E74Y,A_D75N,A_I76S,A_T78Q,A_L83M,A_M87E,A_H88T,A_Q90K","3Q3J:A, B:B_Y100F:PMID=21610070",0.5013994216918949
"3q3j_A_E60M,A_W61L,A_R62L,A_Q63C,A_G64D,A_R65D,A_I66S,A_V69L,A_V70E,A_D75N,A_I76S,A_T77I,A_T78S,A_L83K,A_M87L,A_H88S,A_Q90S_B_A",-6.820855617523193,-7.584101295471191,"A_E60M,A_W61L,A_R62L,A_Q63C,A_G64D,A_R65D,A_I66S,A_V69L,A_V70E,A_D75N,A_I76S,A_T77I,A_T78S,A_L83K,A_M87L,A_H88S,A_Q90S","3Q3J:A, B:B_Y100F:PMID=21610070",0.7632456779479977
"3q3j_A_E60M,A_W61L,A_R62L,A_Q63S,A_G64E,A_R65Q,A_I66T,A_R68S,A_E74F,A_D75P,A_I76Q,A_T77S,A_L83P,A_M87R,A_Q90G_B_A",-6.820855617523193,-7.086830997467041,"A_E60M,A_W61L,A_R62L,A_Q63S,A_G64E,A_R65Q,A_I66T,A_R68S,A_E74F,A_D75P,A_I76Q,A_T77S,A_L83P,A_M87R,A_Q90G","3Q3J:A, B:B_Y100F:PMID=21610070",0.265975379943848
"3q3j_A_E60M,A_W61S,A_R62K,A_Q63T,A_R65V,A_R68Y,A_V70H,A_E74Y,A_D75N,A_I76C,A_T77S,A_T78S,A_L83A,A_M87S,A_Q90G,A_V91I_B_A",-6.820855617523193,-7.34979944229126,"A_E60M,A_W61S,A_R62K,A_Q63T,A_R65V,A_R68Y,A_V70H,A_E74Y,A_D75N,A_I76C,A_T77S,A_T78S,A_L83A,A_M87S,A_Q90G,A_V91I","3Q3J:A, B:B_Y100F:PMID=21610070",0.5289438247680662
"3q3j_A_E60Q,A_R62L,A_Q63S,A_R65A,A_V69I,A_V70S,A_E74Y,A_D75N,A_I76D,A_T78P,A_L83K,A_M87S,A_V91I_B_A",-6.820855617523193,-7.961309432983398,"A_E60Q,A_R62L,A_Q63S,A_R65A,A_V69I,A_V70S,A_E74Y,A_D75N,A_I76D,A_T78P,A_L83K,A_M87S,A_V91I","3Q3J:A, B:B_Y100F:PMID=21610070",1.140453815460205
"3q3j_A_E60R,A_W61L,A_Q63T,A_R65S,A_I66Y,A_A67G,A_R68K,A_V69L,A_V70I,A_E74Y,A_D75Q,A_I76M,A_T78S,A_L83R,A_M87R,A_Q90T_B_A",-6.820855617523193,-7.548396205902099,"A_E60R,A_W61L,A_Q63T,A_R65S,A_I66Y,A_A67G,A_R68K,A_V69L,A_V70I,A_E74Y,A_D75Q,A_I76M,A_T78S,A_L83R,A_M87R,A_Q90T","3Q3J:A, B:B_Y100F:PMID=21610070",0.7275405883789059
"3q3j_A_E60R,A_W61L,A_Q63Y,A_R65K,A_I66S,A_A67G,A_R68Q,A_V70E,A_E74C,A_I76S,A_M87A,A_Q90S_B_A",-6.820855617523193,-7.296783447265625,"A_E60R,A_W61L,A_Q63Y,A_R65K,A_I66S,A_A67G,A_R68Q,A_V70E,A_E74C,A_I76S,A_M87A,A_Q90S","3Q3J:A, B:B_Y100F:PMID=21610070",0.47592782974243164
"3q3j_A_E60T,A_W61F,A_R62N,A_Q63I,A_G64R,A_R65N,A_I66T,A_R68Y,A_V70I,A_E74F,A_D75N,A_I76R,A_T77A,A_T78C,A_L83P,A_M87R,A_Q90G_B_A",-6.820855617523193,-7.566971397399902,"A_E60T,A_W61F,A_R62N,A_Q63I,A_G64R,A_R65N,A_I66T,A_R68Y,A_V70I,A_E74F,A_D75N,A_I76R,A_T77A,A_T78C,A_L83P,A_M87R,A_Q90G","3Q3J:A, B:B_Y100F:PMID=21610070",0.7461157798767086
"3sgb_E_G123F,E_L154Q,E_G165E_I_E",-8.340642929077148,-13.6670991897583,"E_G123F,E_L154Q,E_G165E","3SGB:E, I:I_L12K, I_T11P:PMID=Stephen Ming-teh Lu, PhD Thesis, Purdue University, 2000",5.326456260681152
"3sgb_E_G157K,E_G165V_I_E",-8.340642929077148,-13.280489349365235,"E_G157K,E_G165V","3SGB:E, I:I_L12K, I_T11P:PMID=Stephen Ming-teh Lu, PhD Thesis, Purdue University, 2000",4.939846420288086
"3sgb_E_N119A,E_G158H,E_T168M_I_E",-8.340642929077148,-13.499962425231933,"E_N119A,E_G158H,E_T168M","3SGB:E, I:I_L12K, I_T11P:PMID=Stephen Ming-teh Lu, PhD Thesis, Purdue University, 2000",5.159319496154785
"3sgb_E_R13A,E_H33G,E_T117S_I_E",-8.340642929077148,-13.236241149902344,"E_R13A,E_H33G,E_T117S","3SGB:E, I:I_L12K, I_T11P:PMID=Stephen Ming-teh Lu, PhD Thesis, Purdue University, 2000",4.895598220825196
"3sgb_E_R13Y,E_T117I_I_E",-8.340642929077148,-13.728623962402343,"E_R13Y,E_T117I","3SGB:E, I:I_L12K, I_T11P:PMID=Stephen Ming-teh Lu, PhD Thesis, Purdue University, 2000",5.387981033325195
3sgb_E_S156T_I_E,-8.340642929077148,-13.264086532592774,E_S156T,"3SGB:E, I:I_L12K, I_T11P:PMID=Stephen Ming-teh Lu, PhD Thesis, Purdue University, 2000",4.923443603515626
3sgb_E_T117P_I_E,-8.340642929077148,-13.145185089111328,E_T117P,"3SGB:E, I:I_L12K, I_T11P:PMID=Stephen Ming-teh Lu, PhD Thesis, Purdue University, 2000",4.804542160034179
"3sgb_E_T11S,E_T117D_I_E",-8.340642929077148,-13.85749111175537,"E_T11S,E_T117D","3SGB:E, I:I_L12K, I_T11P:PMID=Stephen Ming-teh Lu, PhD Thesis, Purdue University, 2000",5.516848182678222
"4dm8_C_K631E,C_I632T,C_R635S,C_Q638N_A_C",-7.944808006286621,-7.949853992462158,"C_K631E,C_I632T,C_R635S,C_Q638N","4DM8:A, C::PMID=22355136",0.005045986175536754
"4dm8_C_K631G,C_R635N,C_Q638S_A_C",-7.944808006286621,-7.88927640914917,"C_K631G,C_R635N,C_Q638S","4DM8:A, C::PMID=22355136",-0.05553159713745082
"4dm8_C_K631N,C_R635D,C_Q638S_A_C",-7.944808006286621,-7.824469184875488,"C_K631N,C_R635D,C_Q638S","4DM8:A, C::PMID=22355136",-0.12033882141113317
"4dm8_C_K631N,C_R635K,C_Q638A_A_C",-7.944808006286621,-7.74300708770752,"C_K631N,C_R635K,C_Q638A","4DM8:A, C::PMID=22355136",-0.2018009185791012
"4dm8_C_K631N,C_R635S,C_Q638L_A_C",-7.944808006286621,-7.766301536560059,"C_K631N,C_R635S,C_Q638L","4DM8:A, C::PMID=22355136",-0.17850646972656214
"4dm8_C_K631S,C_I632L,C_R635E,C_Q638S_A_C",-7.944808006286621,-8.168184947967529,"C_K631S,C_I632L,C_R635E,C_Q638S","4DM8:A, C::PMID=22355136",0.2233769416809075
"4dm8_C_K631S,C_I632L,C_R635N,C_Q638E_A_C",-7.944808006286621,-8.085174560546875,"C_K631S,C_I632L,C_R635N,C_Q638E","4DM8:A, C::PMID=22355136",0.1403665542602539
"4dm8_C_K631S,C_R635T,C_Q638S_A_C",-7.944808006286621,-8.113936614990234,"C_K631S,C_R635T,C_Q638S","4DM8:A, C::PMID=22355136",0.16912860870361257
"4gxu_U_F27D,U_T28S,U_Y32S,U_M102I,U_D103A,U_Y104N,U_D106N,U_H107Y,U_I108K,U_Y110S,U_S111N,U_P112S,V_S53L,V_L54T,V_N55S,V_G67K_I_U, V",-11.192771911621094,-10.861783409118653,"U_F27D,U_T28S,U_Y32S,U_M102I,U_D103A,U_Y104N,U_D106N,U_H107Y,U_I108K,U_Y110S,U_S111N,U_P112S,V_S53L,V_L54T,V_N55S,V_G67K","4GXU:I, U, V::PMID=23236279",-0.33098850250244105
"4gxu_U_F27H,U_S31F,U_Y32N,U_M102R,U_H107D,U_S111N,V_Y34F,V_L54E,V_N55S,V_Q56S_I_U, V",-11.192771911621094,-10.423254585266113,"U_F27H,U_S31F,U_Y32N,U_M102R,U_H107D,U_S111N,V_Y34F,V_L54E,V_N55S,V_Q56S","4GXU:I, U, V::PMID=23236279",-0.7695173263549808
"4gxu_U_F27Y,U_S31H,U_Y53D,U_D54I,U_M102R,U_D106N,U_H107W,U_I108L,U_G109A,U_Y110S,U_P112R,V_L54D,V_N55V,V_Q56S_I_U, V",-11.192771911621094,-10.61470069885254,"U_F27Y,U_S31H,U_Y53D,U_D54I,U_M102R,U_D106N,U_H107W,U_I108L,U_G109A,U_Y110S,U_P112R,V_L54D,V_N55V,V_Q56S","4GXU:I, U, V::PMID=23236279",-0.5780712127685543
"4gxu_U_F27Y,U_S31K,U_D54R,U_M102R,U_Y104H,U_D106Y,U_H107F,U_S111A,U_P112A,V_N55T,V_Q56S,V_R57N,V_S66T,V_G67P_I_U, V",-11.192771911621094,-10.239285850524903,"U_F27Y,U_S31K,U_D54R,U_M102R,U_Y104H,U_D106Y,U_H107F,U_S111A,U_P112A,V_N55T,V_Q56S,V_R57N,V_S66T,V_G67P","4GXU:I, U, V::PMID=23236279",-0.953486061096191
"4gxu_U_F27Y,U_S31N,U_S52D,U_M102Q,U_H107C,U_I108V,U_S111A,V_S53Q,V_N55T,V_Q56L,V_R57N_I_U, V",-11.192771911621094,-10.187623023986816,"U_F27Y,U_S31N,U_S52D,U_M102Q,U_H107C,U_I108V,U_S111A,V_S53Q,V_N55T,V_Q56L,V_R57N","4GXU:I, U, V::PMID=23236279",-1.0051488876342773
"4gxu_U_F27Y,U_S52T,U_Y53S,U_M102R,U_H107Y,U_I108T,U_Y110F,V_L54T,V_N55S_I_U, V",-11.192771911621094,-10.861459922790527,"U_F27Y,U_S52T,U_Y53S,U_M102R,U_H107Y,U_I108T,U_Y110F,V_L54T,V_N55S","4GXU:I, U, V::PMID=23236279",-0.3313119888305671
"4gxu_U_F27Y,U_T28R,U_S31N,U_M102R,U_Y104F,U_D106E,U_H107W,U_I108T,U_Y110H,U_S111A,V_Y34T,V_L54T,V_Q56S,V_S66A_I_U, V",-11.192771911621094,-11.081618690490723,"U_F27Y,U_T28R,U_S31N,U_M102R,U_Y104F,U_D106E,U_H107W,U_I108T,U_Y110H,U_S111A,V_Y34T,V_L54T,V_Q56S,V_S66A","4GXU:I, U, V::PMID=23236279",-0.11115322113037074
"4gxu_U_S30Q,U_S31N,U_Y32N,U_M102Q,U_H107F,U_I108L,U_G109C,U_S111A,U_P112T,V_N55S,V_Q56S_I_U, V",-11.192771911621094,-10.154060173034669,"U_S30Q,U_S31N,U_Y32N,U_M102Q,U_H107F,U_I108L,U_G109C,U_S111A,U_P112T,V_N55S,V_Q56S","4GXU:I, U, V::PMID=23236279",-1.038711738586425
"4jpk_H_E46V,H_W50I,H_N54Y,H_A61S,H_Q62S,H_K63R,H_N105D,L_E1R_A_H, L",-10.073107719421387,-9.047496128082276,"H_E46V,H_W50I,H_N54Y,H_A61S,H_Q62S,H_K63R,H_N105D,L_E1R","4JPK:A, H, L:A_T35S:PMID=23539181",-1.0256115913391106
"4jpk_H_N54K,H_Q62E,H_K63Q,H_M70Y,H_N105P,L_E1Y,L_I2E_A_H, L",-10.073107719421387,-8.731484127044677,"H_N54K,H_Q62E,H_K63Q,H_M70Y,H_N105P,L_E1Y,L_I2E","4JPK:A, H, L:A_T35S:PMID=23539181",-1.3416235923767097
"4jpk_H_N54S,H_S55K,H_T58K,H_Q62K,H_K63E,H_T69N,H_Y104I,H_N105P,L_E1K_A_H, L",-10.073107719421387,-8.326046466827393,"H_N54S,H_S55K,H_T58K,H_Q62K,H_K63E,H_T69N,H_Y104I,H_N105P,L_E1K","4JPK:A, H, L:A_T35S:PMID=23539181",-1.7470612525939941
"4jpk_H_P53S,H_N54A,H_Q62R,H_K63A,H_S102R,H_N105P,L_I2V_A_H, L",-10.073107719421387,-8.634192752838135,"H_P53S,H_N54A,H_Q62R,H_K63A,H_S102R,H_N105P,L_I2V","4JPK:A, H, L:A_T35S:PMID=23539181",-1.4389149665832512
"4jpk_H_W47S,H_M48V,H_N54A,H_Q62E,H_F64Y,H_T69K,H_N105Q,L_I2P_A_H, L",-10.073107719421387,-8.68356704711914,"H_W47S,H_M48V,H_N54A,H_Q62E,H_F64Y,H_T69K,H_N105Q,L_I2P","4JPK:A, H, L:A_T35S:PMID=23539181",-1.389540672302246
"4jpk_H_W50M,H_P53A,H_N54S,H_Q62A,H_Q65I,H_Y104F,H_N105S,L_E1D,L_I2L_A_H, L",-10.073107719421387,-8.40963306427002,"H_W50M,H_P53A,H_N54S,H_Q62A,H_Q65I,H_Y104F,H_N105S,L_E1D,L_I2L","4JPK:A, H, L:A_T35S:PMID=23539181",-1.6634746551513668
"4jpk_H_W50T,H_N54A,H_V68Q,H_S102D,H_Y104W,L_I2L_A_H, L",-10.073107719421387,-7.719926643371582,"H_W50T,H_N54A,H_V68Q,H_S102D,H_Y104W,L_I2L","4JPK:A, H, L:A_T35S:PMID=23539181",-2.353181076049805
"4jpk_H_Y32S,H_G49D,H_N54A,H_G56N,H_S102G,H_N105P,L_I2L,L_Y91P_A_H, L",-10.073107719421387,-8.331673336029052,"H_Y32S,H_G49D,H_N54A,H_G56N,H_S102G,H_N105P,L_I2L,L_Y91P","4JPK:A, H, L:A_T35S:PMID=23539181",-1.7414343833923347
"4m62_I_S30G,I_S31Q,I_G49K,I_I54V,I_T57A,I_K74S,I_R98K,I_S104P,I_W106D,I_L107R,I_K109A,I_P110T,I_G112I,M_S32G,M_G93M,M_P96T_T_I, M",-11.718320846557617,-10.414735984802245,"I_S30G,I_S31Q,I_G49K,I_I54V,I_T57A,I_K74S,I_R98K,I_S104P,I_W106D,I_L107R,I_K109A,I_P110T,I_G112I,M_S32G,M_G93M,M_P96T","4M62:I, M, T::PMID=TBD",-1.3035848617553718
"4m62_I_S31H,I_T57Y,I_K74R,I_R98P,I_S104G,I_W106N,I_L107W,I_K109R_T_I, M",-11.718320846557617,-10.690451049804688,"I_S31H,I_T57Y,I_K74R,I_R98P,I_S104G,I_W106N,I_L107W,I_K109R","4M62:I, M, T::PMID=TBD",-1.0278697967529293
"4m62_I_S31T,I_G50D,I_G56A,I_T57A,I_K74S,I_S104P,I_W106D,I_L107S,I_K109M,M_S32N,M_G93N_T_I, M",-11.718320846557617,-10.725698089599609,"I_S31T,I_G50D,I_G56A,I_T57A,I_K74S,I_S104P,I_W106D,I_L107S,I_K109M,M_S32N,M_G93N","4M62:I, M, T::PMID=TBD",-0.9926227569580082
"4m62_I_S31T,I_G56R,I_T57A,I_A58W,I_K74T,I_S104T,I_W106N,I_L107F,I_K109P,M_S32N,M_S95N_T_I, M",-11.718320846557617,-10.802705001831054,"I_S31T,I_G56R,I_T57A,I_A58W,I_K74T,I_S104T,I_W106N,I_L107F,I_K109P,M_S32N,M_S95N","4M62:I, M, T::PMID=TBD",-0.9156158447265632
"4m62_I_S31T,I_I51C,I_I54V,I_T57K,I_K74L,I_R98K,I_W106N,I_L107Y,I_K109E,I_I111V,M_G93M_T_I, M",-11.718320846557617,-10.150735473632812,"I_S31T,I_I51C,I_I54V,I_T57K,I_K74L,I_R98K,I_W106N,I_L107Y,I_K109E,I_I111V,M_G93M","4M62:I, M, T::PMID=TBD",-1.567585372924805
"4m62_I_S31T,I_I51Y,I_I54F,I_G56R,I_T57A,I_D73E,I_K74R,I_R98K,I_G103R,I_S104Y,I_W106T,I_G108R,I_K109P,I_P110H_T_I, M",-11.718320846557617,-10.567959403991699,"I_S31T,I_I51Y,I_I54F,I_G56R,I_T57A,I_D73E,I_K74R,I_R98K,I_G103R,I_S104Y,I_W106T,I_G108R,I_K109P,I_P110H","4M62:I, M, T::PMID=TBD",-1.1503614425659183
"4m62_I_S31T,I_I54F,I_F55L,I_T57S,I_K74R,I_R98S,I_S104V,I_G105P,I_W106N,I_L107Y,I_K109L,M_S32Y_T_I, M",-11.718320846557617,-11.037818908691406,"I_S31T,I_I54F,I_F55L,I_T57S,I_K74R,I_R98S,I_S104V,I_G105P,I_W106N,I_L107Y,I_K109L,M_S32Y","4M62:I, M, T::PMID=TBD",-0.6805019378662109
"4m62_I_S31T,I_Y32V,I_T57Q,I_A72L,I_D73N,I_K74Q,I_R98I,I_S104P,I_W106D,I_L107T,I_K109R,I_I111W,M_G93V,M_P96K_T_I, M",-11.718320846557617,-10.718459510803223,"I_S31T,I_Y32V,I_T57Q,I_A72L,I_D73N,I_K74Q,I_R98I,I_S104P,I_W106D,I_L107T,I_K109R,I_I111W,M_G93V,M_P96K","4M62:I, M, T::PMID=TBD",-0.9998613357543942
"4nkq_C_E1D,C_M33R,C_K98S_A, B_C",-12.23194408416748,-12.49573802947998,"C_E1D,C_M33R,C_K98S","4NKQ:A, B, C:B_D176E:PMID=27396825",0.2637939453125
"4nkq_C_E1D,C_V3I,C_N4H,C_Q7E,C_R11K,C_E32A,C_M33S,C_K98R_A, B_C",-12.23194408416748,-11.668986320495605,"C_E1D,C_V3I,C_N4H,C_Q7E,C_R11K,C_E32A,C_M33S,C_K98R","4NKQ:A, B, C:B_D176E:PMID=27396825",-0.562957763671875
"4nkq_C_H2N,C_I6M,C_R11N,C_M33L,C_L102Q,C_I104V_A, B_C",-12.23194408416748,-11.822678756713866,"C_H2N,C_I6M,C_R11N,C_M33L,C_L102Q,C_I104V","4NKQ:A, B, C:B_D176E:PMID=27396825",-0.409265327453614
"4nkq_C_M33R,C_F34Y,C_L36Q_A, B_C",-12.23194408416748,-12.062220191955566,"C_M33R,C_F34Y,C_L36Q","4NKQ:A, B, C:B_D176E:PMID=27396825",-0.16972389221191442
"4nkq_C_M33T,C_F34L_A, B_C",-12.23194408416748,-12.10043830871582,"C_M33T,C_F34L","4NKQ:A, B, C:B_D176E:PMID=27396825",-0.13150577545166087
"4nkq_C_M33W_A, B_C",-12.23194408416748,-12.612476539611816,C_M33W,"4NKQ:A, B, C:B_D176E:PMID=27396825",0.3805324554443352
"4nkq_C_Q7N,C_N14D,C_L102D_A, B_C",-12.23194408416748,-11.592787170410157,"C_Q7N,C_N14D,C_L102D","4NKQ:A, B, C:B_D176E:PMID=27396825",-0.6391569137573239
"4nkq_C_R10T,C_M33L,C_L101S_A, B_C",-12.23194408416748,-11.938578414916993,"C_R10T,C_M33L,C_L101S","4NKQ:A, B, C:B_D176E:PMID=27396825",-0.29336566925048757
"5k39_A_A32H,A_L77S,A_T78K,A_V80R,A_N89D,A_A91C,A_S92Y,A_C93I,A_Y96D,A_T132Q,A_R133Y,A_F134A,A_T142V,A_L143Q,A_W147F,A_Y148T,A_Q150D_B_A",-7.895566463470459,-9.285138034820557,"A_A32H,A_L77S,A_T78K,A_V80R,A_N89D,A_A91C,A_S92Y,A_C93I,A_Y96D,A_T132Q,A_R133Y,A_F134A,A_T142V,A_L143Q,A_W147F,A_Y148T,A_Q150D","5K39:A, B:B_F142A:PMID=27924829",1.389571571350098
"5k39_A_A32N,A_G33S,A_L77T,A_T78K,A_V80K,A_S92N,A_C93I,A_Y94G,A_Y96D,A_R133F,A_F134Y,A_T142V,A_L143E,A_I145V,A_Y148N,A_Q150D_B_A",-7.895566463470459,-10.045344352722168,"A_A32N,A_G33S,A_L77T,A_T78K,A_V80K,A_S92N,A_C93I,A_Y94G,A_Y96D,A_R133F,A_F134Y,A_T142V,A_L143E,A_I145V,A_Y148N,A_Q150D","5K39:A, B:B_F142A:PMID=27924829",2.149777889251709
"5k39_A_A32S,A_L76F,A_L77R,A_T78L,A_V80N,A_A91P,A_C93A,A_V95I,A_Y96H,A_T132S,A_R133Y,A_T142C,A_L143P,A_D146T,A_W147Y,A_Y148K,A_G149A,A_Q150D_B_A",-7.895566463470459,-9.831926536560058,"A_A32S,A_L76F,A_L77R,A_T78L,A_V80N,A_A91P,A_C93A,A_V95I,A_Y96H,A_T132S,A_R133Y,A_T142C,A_L143P,A_D146T,A_W147Y,A_Y148K,A_G149A,A_Q150D","5K39:A, B:B_F142A:PMID=27924829",1.936360073089599
"5k39_A_G33S,A_L76M,A_L77E,A_T78M,A_V80K,A_N89F,A_A91T,A_S92A,A_C93Q,A_V95I,A_Y96E,A_T132F,A_R133P,A_F134Y,A_T142H,A_L143A,A_I145V,A_W147F,A_Q150Y_B_A",-7.895566463470459,-9.79170093536377,"A_G33S,A_L76M,A_L77E,A_T78M,A_V80K,A_N89F,A_A91T,A_S92A,A_C93Q,A_V95I,A_Y96E,A_T132F,A_R133P,A_F134Y,A_T142H,A_L143A,A_I145V,A_W147F,A_Q150Y","5K39:A, B:B_F142A:PMID=27924829",1.8961344718933102
"5k39_A_L76G,A_L77Y,A_V80S,A_A91K,A_S92A,A_C93I,A_V95T,A_Y96D,A_T132Q,A_R133S,A_T142R,A_I145V,A_W147N,A_Q150N_B_A",-7.895566463470459,-10.111580848693848,"A_L76G,A_L77Y,A_V80S,A_A91K,A_S92A,A_C93I,A_V95T,A_Y96D,A_T132Q,A_R133S,A_T142R,A_I145V,A_W147N,A_Q150N","5K39:A, B:B_F142A:PMID=27924829",2.2160143852233887
"5k39_A_L77R,A_T78M,A_V80R,A_N89H,A_S92A,A_C93I,A_Y94D,A_V95I,A_Y96D,A_R133Y,A_P136A,A_T142V,A_L143N,A_I145V,A_D146N,A_W147N,A_Y148H,A_Q150Y_B_A",-7.895566463470459,-10.086313247680664,"A_L77R,A_T78M,A_V80R,A_N89H,A_S92A,A_C93I,A_Y94D,A_V95I,A_Y96D,A_R133Y,A_P136A,A_T142V,A_L143N,A_I145V,A_D146N,A_W147N,A_Y148H,A_Q150Y","5K39:A, B:B_F142A:PMID=27924829",2.190746784210205
"5k39_A_M31L,A_L76M,A_L77R,A_T78I,A_V80R,A_S92A,A_V95T,A_Y96H,A_T132S,A_R133Y,A_T142V,A_L143Q,A_I145V,A_W147N,A_Y148E,A_Q150S_B_A",-7.895566463470459,-10.23713207244873,"A_M31L,A_L76M,A_L77R,A_T78I,A_V80R,A_S92A,A_V95T,A_Y96H,A_T132S,A_R133Y,A_T142V,A_L143Q,A_I145V,A_W147N,A_Y148E,A_Q150S","5K39:A, B:B_F142A:PMID=27924829",2.3415656089782715
"5k39_A_Q35C,A_P75N,A_L77V,A_T78I,A_V80D,A_N89D,A_A91C,A_C93I,A_V95I,A_Y96K,A_T132S,A_R133Y,A_T142V,A_L143M,A_I145V,A_D146A,A_W147D,A_Y148F,A_G149P,A_Q150H_B_A",-7.895566463470459,-9.474752044677734,"A_Q35C,A_P75N,A_L77V,A_T78I,A_V80D,A_N89D,A_A91C,A_C93I,A_V95I,A_Y96K,A_T132S,A_R133Y,A_T142V,A_L143M,A_I145V,A_D146A,A_W147D,A_Y148F,A_G149P,A_Q150H","5K39:A, B:B_F142A:PMID=27924829",1.579185581207275
"6cwt_C_V49I,C_E50Q,C_Y51W,C_I52L,C_I54L,C_N56T,C_R99Q,C_T100V,C_R101H,C_V103A,D_S29P,D_G31Y,D_N32S,D_A33S,D_I49T,D_G52T,D_S53G,D_N54T,D_L55R,D_R64M,D_S68W,D_T92F,D_Y93W,D_A95C,D_I96G_F_C, D",-15.959397315979004,-10.430948066711426,"C_V49I,C_E50Q,C_Y51W,C_I52L,C_I54L,C_N56T,C_R99Q,C_T100V,C_R101H,C_V103A,D_S29P,D_G31Y,D_N32S,D_A33S,D_I49T,D_G52T,D_S53G,D_N54T,D_L55R,D_R64M,D_S68W,D_T92F,D_Y93W,D_A95C,D_I96G","6CWT:C, D, F::PMID=TBD",-5.528449249267577
"6cwt_C_V49I,C_I52T,C_I54T,C_N56S,C_C97A,C_R99M,C_T100A,C_R101T,C_V103Q,D_G31H,D_A33S,D_S50Y,D_A51S,D_S53T,D_N54S,D_R64V,D_T92Q,D_A95P,D_I96T_F_C, D",-15.959397315979004,-10.844860076904297,"C_V49I,C_I52T,C_I54T,C_N56S,C_C97A,C_R99M,C_T100A,C_R101T,C_V103Q,D_G31H,D_A33S,D_S50Y,D_A51S,D_S53T,D_N54S,D_R64V,D_T92Q,D_A95P,D_I96T","6CWT:C, D, F::PMID=TBD",-5.114537239074707
"6cwt_C_V49I,C_Y51W,C_I54V,C_N56S,C_A98N,C_R99F,C_T100V,C_R101D,C_V103R,D_N32H,D_A33D,D_I49L,D_S50R,D_S53R,D_N54W,D_L55V,D_R64V,D_S68N,D_T92Q,D_A95S,D_I96V_F_C, D",-15.959397315979004,-10.416317176818847,"C_V49I,C_Y51W,C_I54V,C_N56S,C_A98N,C_R99F,C_T100V,C_R101D,C_V103R,D_N32H,D_A33D,D_I49L,D_S50R,D_S53R,D_N54W,D_L55V,D_R64V,D_S68N,D_T92Q,D_A95S,D_I96V","6CWT:C, D, F::PMID=TBD",-5.543080139160157
"6cwt_C_V49L,C_E50Q,C_Y51W,C_I52L,C_I54T,C_N56S,C_A98S,C_R99D,C_T100S,C_R101Q,C_V103L,D_G31W,D_N32S,D_A33S,D_I49T,D_S50K,D_A51I,D_G52R,D_S53R,D_N54V,D_L55I,D_R64Q,D_S66G,D_Y93P,D_A95T_F_C, D",-15.959397315979004,-10.581636047363281,"C_V49L,C_E50Q,C_Y51W,C_I52L,C_I54T,C_N56S,C_A98S,C_R99D,C_T100S,C_R101Q,C_V103L,D_G31W,D_N32S,D_A33S,D_I49T,D_S50K,D_A51I,D_G52R,D_S53R,D_N54V,D_L55I,D_R64Q,D_S66G,D_Y93P,D_A95T","6CWT:C, D, F::PMID=TBD",-5.377761268615723
"6cwt_C_V49L,C_E50T,C_I52M,C_I54T,C_N56S,C_R99T,C_T100A,C_R101N,C_V103I,D_S29T,D_G31Y,D_N32E,D_A33G,D_I49K,D_G52M,D_S53N,D_N54G,D_L55A,D_R64L,D_S66G,D_T92R,D_Y93L,D_A95N,D_I96N_F_C, D",-15.959397315979004,-9.795685577392579,"C_V49L,C_E50T,C_I52M,C_I54T,C_N56S,C_R99T,C_T100A,C_R101N,C_V103I,D_S29T,D_G31Y,D_N32E,D_A33G,D_I49K,D_G52M,D_S53N,D_N54G,D_L55A,D_R64L,D_S66G,D_T92R,D_Y93L,D_A95N,D_I96N","6CWT:C, D, F::PMID=TBD",-6.163711738586425
"6cwt_C_V49L,C_I54E,C_N56S,C_R99F,C_T100S,C_R101S,C_V103D,D_G31F,D_N32M,D_A33S,D_I49S,D_S50K,D_S53R,D_N54S,D_R64E,D_G65I,D_S66M,D_S68Y,D_T92A,D_Y93A,D_S94N,D_A95T_F_C, D",-15.959397315979004,-10.565113639831543,"C_V49L,C_I54E,C_N56S,C_R99F,C_T100S,C_R101S,C_V103D,D_G31F,D_N32M,D_A33S,D_I49S,D_S50K,D_S53R,D_N54S,D_R64E,D_G65I,D_S66M,D_S68Y,D_T92A,D_Y93A,D_S94N,D_A95T","6CWT:C, D, F::PMID=TBD",-5.394283676147461
"6cwt_C_V49L,C_I54G,C_N56S,C_T100A,C_R101Q,C_V103E,D_A33L,D_I49V,D_S50K,D_A51T,D_S53N,D_N54T,D_L55R,D_R64I,D_S66I,D_S68W,D_T92V,D_A95S,D_I96L_F_C, D",-15.959397315979004,-11.080683708190918,"C_V49L,C_I54G,C_N56S,C_T100A,C_R101Q,C_V103E,D_A33L,D_I49V,D_S50K,D_A51T,D_S53N,D_N54T,D_L55R,D_R64I,D_S66I,D_S68W,D_T92V,D_A95S,D_I96L","6CWT:C, D, F::PMID=TBD",-4.878713607788086
"6cwt_C_V49L,C_Y51N,C_I52L,C_N56S,C_R99Q,C_T100S,C_R101D,C_V103L,D_S29E,D_I30V,D_G31Y,D_A33S,D_S50K,D_A51S,D_S53Q,D_N54F,D_R64S,D_S66G,D_S68Y,D_T92F,D_A95W,D_I96V_F_C, D",-15.959397315979004,-11.27823715209961,"C_V49L,C_Y51N,C_I52L,C_N56S,C_R99Q,C_T100S,C_R101D,C_V103L,D_S29E,D_I30V,D_G31Y,D_A33S,D_S50K,D_A51S,D_S53Q,D_N54F,D_R64S,D_S66G,D_S68Y,D_T92F,D_A95W,D_I96V","6CWT:C, D, F::PMID=TBD",-4.681160163879394
